start;end;pitch;pitchclass
0.32;0.32;59;11
0.32;0.32;61;1
0.32;0.32;62;2
0.32;0.345;64;4
0.345;0.445;66;6
0.445;0.545;67;7
0.545;0.645;66;6
0.645;0.745;67;7
0.745;0.845;66;6
0.845;0.945;67;7
0.945;1.045;66;6
1.045;1.145;67;7
1.145;1.245;66;6
1.245;1.345;67;7
1.345;1.445;66;6
1.445;1.545;67;7
1.545;1.645;66;6
1.645;1.745;67;7
1.745;1.945;66;6
1.945;1.995;50;2
1.995;2.045;52;4
2.045;2.0925;54;6
2.0925;2.125;55;7
2.125;2.225;78;6
2.225;2.405;79;7
2.405;2.505;78;6
2.505;2.605;79;7
2.605;2.705;78;6
2.705;2.805;79;7
2.805;2.905;78;6
2.905;3.005;79;7
3.005;3.105;78;6
3.105;3.205;79;7
3.205;3.305;78;6
3.305;3.405;79;7
3.405;3.505;78;6
3.505;3.605;79;7
3.605;3.805;78;6
3.805;3.855;62;2
3.855;3.905;64;4
3.905;3.955;66;6
3.955;4.005;67;7
4.005;4.105;90;6
4.105;4.205;91;7
4.205;4.305;90;6
4.305;4.405;91;7
4.405;4.525;90;6
4.525;4.625;91;7
4.625;4.725;90;6
4.725;4.825;91;7
4.825;4.925;90;6
4.925;5.025;91;7
5.025;5.165;90;6
5.165;5.265;91;7
5.265;5.365;90;6
5.365;5.465;91;7
5.465;5.665;90;6
5.665;5.715;50;2
5.715;5.765;52;4
5.765;5.815;54;6
5.815;5.865;55;7
5.865;5.965;78;6
5.965;6.065;79;7
6.065;6.165;78;6
6.165;6.305;79;7
6.305;6.405;78;6
6.405;6.505;79;7
6.505;6.605;78;6
6.605;6.745;79;7
6.745;6.845;78;6
6.845;6.945;79;7
6.945;7.045;78;6
7.045;7.145;79;7
7.145;7.245;78;6
7.245;7.345;79;7
7.345;7.545;78;6
7.545;7.595;38;2
7.595;7.645;40;4
7.645;7.695;42;6
7.695;7.745;43;7
7.745;7.845;66;6
7.845;7.965;67;7
7.965;8.065;66;6
8.065;8.165;67;7
8.165;8.265;66;6
8.265;8.365;67;7
8.365;8.485;66;6
8.365;8.835;47;11
8.485;8.585;67;7
8.585;8.835;66;6
8.835;8.985;67;7
8.835;8.985;59;11
8.985;9.085;66;6
8.985;9.185;54;6
9.085;9.185;67;7
9.185;9.385;66;6
9.185;9.485;54;6
9.485;9.585;66;6
9.585;9.635;71;11
9.585;9.785;59;11
9.635;9.685;73;1
9.685;9.735;74;2
9.735;9.785;76;4
9.785;9.885;78;6
9.885;9.985;79;7
9.985;10.085;78;6
10.085;10.185;79;7
10.185;10.285;78;6
10.285;10.385;79;7
10.385;10.485;78;6
10.385;10.685;47;11
10.485;10.585;79;7
10.585;10.685;78;6
10.685;10.785;79;7
10.685;10.785;59;11
10.785;10.885;78;6
10.785;10.985;54;6
10.885;10.985;79;7
10.985;11.145;78;6
10.985;11.245;54;6
11.245;11.325;66;6
11.325;11.375;83;11
11.325;11.525;59;11
11.375;11.425;85;1
11.425;11.475;86;2
11.475;11.525;88;4
11.525;11.625;90;6
11.625;11.725;91;7
11.725;11.84;90;6
11.84;11.965;91;7
11.965;12.065;90;6
12.065;12.165;91;7
12.165;12.265;90;6
12.165;12.465;47;11
12.265;12.365;91;7
12.365;12.465;90;6
12.465;12.605;91;7
12.465;12.605;59;11
12.605;12.705;90;6
12.605;12.805;54;6
12.705;12.805;91;7
12.805;13.005;90;6
12.805;13.105;54;6
13.105;13.205;66;6
13.205;13.255;71;11
13.205;13.405;59;11
13.255;13.305;73;1
13.305;13.355;74;2
13.355;13.405;76;4
13.405;13.505;78;6
13.505;13.605;79;7
13.605;13.705;78;6
13.705;13.805;79;7
13.805;13.905;78;6
13.905;14.005;79;7
14.005;14.125;78;6
14.005;14.365;47;11
14.125;14.225;79;7
14.225;14.365;78;6
14.365;14.465;79;7
14.365;14.465;59;11
14.465;14.565;78;6
14.465;14.665;54;6
14.565;14.665;79;7
14.665;14.865;78;6
14.665;14.965;54;6
14.965;15.065;66;6
15.065;15.265;59;11
15.265;15.865;66;6
15.365;15.465;78;6
15.465;15.565;90;6
15.565;15.665;86;2
15.665;15.765;83;11
15.765;15.865;78;6
15.865;16.165;47;11
15.965;16.065;74;2
16.065;16.165;86;2
16.165;16.265;83;11
16.165;16.265;59;11
16.265;16.365;78;6
16.265;16.545;54;6
16.365;16.545;74;2
16.545;16.845;54;6
16.645;16.745;71;11
16.745;16.845;83;11
16.845;16.945;78;6
16.845;16.945;66;6
16.945;17.045;74;2
16.945;17.145;59;11
17.045;17.145;71;11
17.145;17.905;66;6
17.245;17.345;78;6
17.345;17.505;90;6
17.505;17.605;86;2
17.605;17.775;83;11
17.775;17.905;78;6
17.905;18.205;47;11
18.005;18.105;74;2
18.105;18.205;86;2
18.205;18.305;83;11
18.205;18.305;59;11
18.305;18.405;78;6
18.305;18.505;54;6
18.405;18.505;74;2
18.505;18.805;54;6
18.605;18.705;71;11
18.705;18.805;83;11
18.805;18.905;78;6
18.805;18.905;66;6
18.905;19.005;74;2
18.905;19.105;59;11
19.005;19.105;71;11
19.105;19.845;66;6
19.285;19.385;78;6
19.385;19.485;90;6
19.485;19.585;86;2
19.585;19.745;83;11
19.745;19.845;78;6
19.845;20.165;47;11
19.945;20.045;74;2
20.045;20.165;86;2
20.165;20.325;83;11
20.165;20.325;59;11
20.325;20.425;78;6
20.325;20.525;54;6
20.425;20.525;74;2
20.525;20.825;54;6
20.625;20.725;71;11
20.725;20.825;83;11
20.825;20.925;78;6
20.825;20.925;66;6
20.925;21.025;74;2
20.925;21.125;59;11
21.025;21.125;71;11
21.125;21.785;66;6
21.225;21.325;78;6
21.325;21.485;90;6
21.485;21.585;86;2
21.585;21.685;83;11
21.685;21.785;78;6
21.785;22.085;47;11
21.885;21.985;74;2
21.985;22.085;86;2
22.085;22.185;83;11
22.085;22.185;59;11
22.185;22.285;78;6
22.185;22.385;54;6
22.285;22.385;74;2
22.385;22.585;66;6
22.485;22.585;71;11
22.585;22.685;83;11
22.685;22.785;78;6
22.785;22.885;74;2
22.785;22.985;54;6
22.885;22.985;71;11
22.985;23.285;59;11
23.085;23.185;74;2
23.185;23.285;86;2
23.285;23.42;83;11
23.285;23.42;54;6
23.42;23.525;78;6
23.42;23.625;59;11
23.525;23.625;74;2
23.625;24.245;62;2
23.725;23.845;71;11
23.845;23.945;83;11
23.945;24.045;78;6
24.045;24.145;74;2
24.145;24.245;71;11
24.245;24.885;59;11
24.345;24.445;66;6
24.445;24.545;78;6
24.545;24.645;74;2
24.645;24.785;71;11
24.785;24.885;66;6
24.885;25.185;62;2
24.985;25.085;78;6
25.085;25.185;90;6
25.185;25.285;86;2
25.185;25.285;59;11
25.285;25.385;83;11
25.285;25.485;62;2
25.385;25.485;78;6
25.485;26.105;66;6
25.585;25.685;74;2
25.685;25.785;86;2
25.785;25.885;83;11
25.885;25.985;78;6
25.985;26.105;74;2
26.105;26.865;62;2
26.245;26.345;71;11
26.345;26.445;83;11
26.445;26.545;78;6
26.545;26.645;74;2
26.645;26.865;71;11
26.865;27.165;66;6
26.965;27.065;81;9
27.065;27.165;93;9
27.165;27.265;90;6
27.165;27.265;62;2
27.265;27.365;86;2
27.265;27.485;66;6
27.365;27.485;81;9
27.485;28.085;69;9
27.585;27.685;78;6
27.685;27.785;90;6
27.785;27.885;86;2
27.885;27.985;81;9
27.985;28.085;78;6
28.085;28.745;57;9
28.245;28.345;76;4
28.345;28.445;88;4
28.445;28.545;85;1
28.545;28.645;81;9
28.645;28.745;76;4
28.745;29.045;62;2
28.845;28.945;81;9
28.945;29.045;93;9
29.045;29.145;90;6
29.045;29.145;57;9
29.145;29.285;86;2
29.145;29.385;62;2
29.285;29.385;81;9
29.385;30.685;66;6
29.485;29.585;78;6
29.585;29.685;90;6
29.685;29.785;86;2
29.785;29.885;81;9
29.885;29.985;78;6
30.085;30.185;74;2
30.185;30.285;86;2
30.285;30.385;81;9
30.385;30.52;78;6
30.52;30.685;74;2
30.685;31.365;69;9
30.845;30.945;81;9
30.945;31.045;93;9
31.045;31.145;90;6
31.145;31.245;86;2
31.245;31.365;81;9
31.365;31.665;50;2
31.465;31.565;78;6
31.565;31.665;90;6
31.665;31.765;86;2
31.665;31.765;62;2
31.765;31.905;81;9
31.765;32.005;57;9
31.905;32.005;78;6
32.005;32.305;57;9
32.105;32.205;74;2
32.205;32.305;86;2
32.305;32.405;81;9
32.305;32.405;69;9
32.405;32.505;78;6
32.405;32.605;62;2
32.505;32.605;74;2
32.605;33.205;69;9
32.705;32.805;81;9
32.805;32.905;93;9
32.905;33.005;90;6
33.005;33.105;86;2
33.105;33.205;81;9
33.205;33.545;50;2
33.345;33.445;78;6
33.445;33.545;90;6
33.545;33.645;86;2
33.545;33.645;62;2
33.645;33.745;81;9
33.645;33.845;57;9
33.745;33.845;78;6
33.845;34.145;57;9
33.945;34.045;74;2
34.045;34.145;86;2
34.145;34.245;81;9
34.145;34.245;69;9
34.245;34.345;78;6
34.245;34.445;62;2
34.345;34.445;74;2
34.445;35.045;69;9
34.545;34.645;81;9
34.645;34.745;93;9
34.745;34.845;90;6
34.845;34.945;86;2
34.945;35.045;81;9
35.045;35.345;50;2
35.145;35.245;78;6
35.245;35.345;90;6
35.345;35.445;86;2
35.345;35.445;62;2
35.445;35.545;81;9
35.445;35.645;57;9
35.545;35.645;78;6
35.645;35.925;69;9
35.825;35.925;74;2
35.925;36.025;86;2
36.025;36.125;81;9
36.125;36.285;78;6
36.125;36.385;57;9
36.285;36.385;74;2
36.385;36.685;62;2
36.485;36.585;78;6
36.585;36.685;90;6
36.685;36.825;86;2
36.685;36.825;57;9
36.825;36.965;81;9
36.825;37.065;62;2
36.965;37.065;78;6
37.065;37.745;66;6
37.165;37.265;74;2
37.265;37.365;86;2
37.365;37.465;81;9
37.465;37.565;78;6
37.565;37.745;74;2
37.745;38.405;62;2
37.845;37.945;69;9
37.945;38.06;81;9
38.06;38.205;78;6
38.205;38.305;74;2
38.305;38.405;69;9
38.405;38.745;66;6
38.505;38.605;81;9
38.605;38.745;93;9
38.745;38.845;90;6
38.745;38.845;62;2
38.845;38.945;86;2
38.845;39.045;66;6
38.945;39.045;81;9
39.045;39.645;69;9
39.145;39.245;78;6
39.245;39.345;90;6
39.345;39.445;86;2
39.445;39.545;81;9
39.545;39.645;78;6
39.645;40.345;66;6
39.745;39.845;74;2
39.845;40.025;86;2
40.025;40.145;81;9
40.145;40.245;78;6
40.245;40.345;74;2
40.345;40.645;69;9
40.445;40.545;85;1
40.545;40.645;97;1
40.645;40.745;93;9
40.645;40.745;66;6
40.745;40.845;90;6
40.745;40.945;69;9
40.845;40.945;85;1
40.945;41.725;73;1
41.045;41.145;81;9
41.145;41.245;93;9
41.245;41.345;90;6
41.345;41.445;85;1
41.445;41.725;81;9
41.725;42.325;61;1
41.825;41.925;80;8
41.925;42.025;92;8
42.025;42.125;89;5
42.125;42.225;85;1
42.225;42.325;80;8
42.325;42.785;66;6
42.525;42.685;78;6
42.685;42.785;90;6
42.785;42.885;85;1
42.785;42.885;61;1
42.885;42.985;82;10
42.885;43.085;66;6
42.985;43.085;78;6
43.085;43.705;70;10
43.185;43.305;73;1
43.305;43.405;85;1
43.405;43.505;82;10
43.505;43.605;78;6
43.605;43.705;73;1
43.705;44.025;54;6
43.825;43.925;70;10
43.925;44.025;82;10
44.025;44.125;78;6
44.025;44.125;66;6
44.125;44.225;73;1
44.125;44.325;61;1
44.225;44.325;70;10
44.325;44.925;66;6
44.325;44.925;70;10
44.425;44.525;78;6
44.525;44.625;90;6
44.625;44.725;85;1
44.725;44.825;82;10
44.825;44.925;78;6
44.925;45.245;42;6
45.045;45.145;73;1
45.145;45.245;85;1
45.245;45.345;82;10
45.245;45.345;61;1
45.345;45.445;78;6
45.345;45.545;54;6
45.445;45.545;73;1
45.545;45.845;54;6
45.645;45.745;70;10
45.745;45.845;82;10
45.845;45.945;78;6
45.845;45.945;66;6
45.945;46.045;73;1
45.945;46.145;61;1
46.045;46.145;70;10
46.145;46.835;66;6
46.145;46.835;70;10
46.245;46.345;78;6
46.345;46.46;90;6
46.46;46.605;85;1
46.605;46.705;82;10
46.705;46.835;78;6
46.835;47.145;42;6
46.945;47.045;73;1
47.045;47.145;85;1
47.145;47.245;82;10
47.145;47.245;61;1
47.245;47.345;78;6
47.245;47.445;54;6
47.345;47.445;73;1
47.445;47.745;54;6
47.545;47.645;70;10
47.645;47.745;82;10
47.745;47.845;78;6
47.745;47.845;66;6
47.845;47.945;73;1
47.845;48.045;61;1
47.945;48.045;70;10
48.045;48.785;66;6
48.045;48.785;70;10
48.165;48.265;78;6
48.265;48.385;90;6
48.385;48.585;85;1
48.585;48.685;82;10
48.685;48.785;78;6
48.785;49.085;42;6
48.885;48.985;73;1
48.985;49.085;85;1
49.085;49.185;82;10
49.085;49.185;61;1
49.185;49.285;78;6
49.185;49.385;54;6
49.285;49.385;73;1
49.385;49.585;66;6
49.485;49.585;70;10
49.585;49.685;82;10
49.685;49.785;78;6
49.785;49.885;73;1
49.785;49.985;54;6
49.885;49.985;70;10
49.985;50.285;55;7
50.085;50.185;76;4
50.185;50.285;88;4
50.285;50.385;83;11
50.285;50.385;52;4
50.385;50.485;79;7
50.385;50.585;55;7
50.485;50.585;76;4
50.585;51.505;59;11
50.785;50.885;74;2
50.885;50.985;86;2
50.985;51.085;83;11
51.085;51.185;78;6
51.185;51.285;74;2
51.385;51.505;71;11
51.505;51.605;83;11
51.605;51.705;78;6
51.705;51.845;74;2
51.705;51.945;66;6
51.845;51.945;71;11
51.945;52.245;67;7
52.045;52.145;76;4
52.145;52.245;88;4
52.245;52.345;83;11
52.245;52.345;64;4
52.345;52.445;79;7
52.345;52.545;67;7
52.445;52.545;76;4
52.545;53.625;71;11
52.645;52.745;74;2
52.745;52.875;86;2
52.875;53.065;83;11
53.065;53.165;78;6
53.165;53.265;74;2
53.365;53.625;71;11
53.625;53.725;83;11
53.725;53.825;78;6
53.825;53.925;74;2
53.825;54.025;54;6
53.825;54.025;66;6
53.925;54.025;71;11
54.025;54.325;55;7
54.025;54.325;67;7
54.125;54.225;76;4
54.225;54.325;88;4
54.325;54.425;83;11
54.325;54.425;52;4
54.325;54.425;64;4
54.425;54.525;79;7
54.425;54.625;55;7
54.425;54.625;67;7
54.525;54.625;76;4
54.625;55.225;60;0
54.625;55.225;72;0
54.725;54.825;76;4
54.825;54.925;88;4
54.925;55.025;84;0
55.025;55.125;79;7
55.125;55.225;76;4
55.225;55.985;54;6
55.225;55.985;66;6
55.325;55.425;78;6
55.425;55.525;90;6
55.525;55.785;85;1
55.785;55.885;82;10
55.885;55.985;78;6
55.985;56.33;54;6
55.985;56.33;59;11
55.985;56.33;62;2
56.085;56.185;78;6
56.185;56.33;90;6
56.33;56.445;86;2
56.33;56.445;59;11
56.33;56.445;62;2
56.33;56.445;66;6
56.445;56.545;83;11
56.445;56.645;62;2
56.445;56.645;66;6
56.445;56.645;71;11
56.545;56.645;78;6
56.645;57.245;66;6
56.645;57.245;71;11
56.645;57.245;74;2
56.745;56.845;78;6
56.845;56.945;90;6
56.945;57.045;86;2
57.045;57.145;83;11
57.145;57.245;78;6
57.245;57.545;54;6
57.345;57.445;74;2
57.445;57.545;86;2
57.545;57.725;83;11
57.545;57.725;66;6
57.725;57.825;78;6
57.725;58.005;59;11
57.825;58.005;74;2
58.005;58.625;66;6
58.105;58.225;78;6
58.225;58.325;90;6
58.325;58.425;86;2
58.425;58.525;83;11
58.525;58.625;78;6
58.625;58.925;47;11
58.725;58.825;74;2
58.825;58.925;86;2
58.925;59.025;83;11
58.925;59.025;59;11
59.025;59.125;78;6
59.025;59.225;54;6
59.125;59.225;74;2
59.225;59.425;66;6
59.325;59.425;71;11
59.425;59.525;83;11
59.525;59.66;78;6
59.66;59.785;74;2
59.66;59.885;54;6
59.785;59.885;71;11
59.885;60.185;55;7
59.985;60.085;76;4
60.085;60.185;88;4
60.185;60.285;83;11
60.185;60.285;52;4
60.285;60.405;79;7
60.285;60.525;55;7
60.405;60.525;76;4
60.525;61.445;59;11
60.625;60.725;74;2
60.725;60.825;86;2
60.825;60.925;83;11
60.925;61.025;78;6
61.025;61.185;74;2
61.34;61.445;71;11
61.445;61.545;83;11
61.545;61.665;78;6
61.665;61.765;74;2
61.665;61.865;66;6
61.765;61.865;71;11
61.865;62.165;67;7
61.965;62.065;76;4
62.065;62.165;88;4
62.165;62.265;83;11
62.165;62.265;64;4
62.265;62.365;79;7
62.265;62.465;67;7
62.365;62.465;76;4
62.465;63.265;71;11
62.565;62.665;74;2
62.665;62.765;86;2
62.765;62.865;83;11
62.865;62.965;78;6
62.965;63.065;74;2
63.165;63.265;71;11
63.265;63.365;83;11
63.365;63.465;78;6
63.465;63.565;74;2
63.465;63.945;54;6
63.465;63.945;66;6
63.565;63.945;71;11
63.945;64.285;55;7
63.945;64.285;67;7
64.065;64.165;76;4
64.165;64.285;88;4
64.285;64.385;83;11
64.285;64.385;52;4
64.285;64.385;64;4
64.385;64.485;79;7
64.385;64.605;55;7
64.385;64.605;67;7
64.485;64.605;76;4
64.605;65.325;61;1
64.605;65.325;73;1
64.705;64.9;76;4
64.9;65.005;88;4
65.005;65.125;85;1
65.125;65.225;79;7
65.225;65.325;76;4
65.325;65.925;54;6
65.325;65.925;66;6
65.425;65.525;78;6
65.525;65.625;90;6
65.625;65.725;85;1
65.725;65.825;82;10
65.825;65.925;78;6
65.925;66.225;59;11
65.925;66.225;63;3
65.925;66.225;66;6
66.025;66.125;78;6
66.125;66.225;90;6
66.225;66.325;87;3
66.225;66.325;63;3
66.225;66.325;66;6
66.225;66.325;71;11
66.325;66.425;83;11
66.325;66.525;66;6
66.325;66.525;71;11
66.325;66.525;75;3
66.425;66.525;78;6
66.525;67.225;71;11
66.525;67.225;75;3
66.525;67.225;78;6
66.68;66.815;75;3
66.815;66.925;87;3
66.925;67.025;83;11
67.025;67.125;78;6
67.125;67.225;75;3
67.225;67.525;63;3
67.325;67.425;71;11
67.425;67.525;83;11
67.525;67.625;78;6
67.525;67.625;59;11
67.625;67.725;75;3
67.625;67.825;63;3
67.725;67.825;71;11
67.825;68.505;59;11
67.825;68.505;63;3
67.825;68.505;66;6
67.925;68.025;78;6
68.025;68.125;90;6
68.125;68.225;87;3
68.225;68.39;83;11
68.39;68.505;78;6
68.505;69.025;47;11
68.825;68.925;75;3
68.925;69.025;87;3
69.025;69.125;83;11
69.025;69.125;59;11
69.125;69.225;78;6
69.125;69.325;54;6
69.225;69.325;75;3
69.325;69.525;54;6
69.425;69.525;71;11
69.525;69.625;83;11
69.625;69.725;78;6
69.725;69.825;75;3
69.725;69.925;42;6
69.725;69.925;54;6
69.825;69.925;71;11
69.925;70.225;47;11
69.925;70.225;59;11
70.025;70.125;78;6
70.125;70.225;90;6
70.225;70.325;86;2
70.225;70.325;42;6
70.225;70.325;54;6
70.325;70.425;83;11
70.325;70.525;47;11
70.325;70.525;59;11
70.425;70.525;78;6
70.525;71.245;50;2
70.525;71.245;62;2
70.625;70.725;74;2
70.725;70.825;86;2
70.825;70.925;83;11
70.925;71.025;78;6
71.025;71.245;74;2
71.245;71.885;47;11
71.245;71.885;59;11
71.385;71.485;71;11
71.485;71.585;83;11
71.585;71.685;78;6
71.685;71.785;74;2
71.785;71.885;71;11
71.885;72.34;50;2
71.885;72.34;62;2
72.005;72.225;78;6
72.225;72.34;90;6
72.34;72.445;86;2
72.34;72.445;47;11
72.34;72.445;59;11
72.445;72.545;83;11
72.445;72.645;50;2
72.445;72.645;62;2
72.545;72.645;78;6
72.645;73.345;54;6
72.645;73.345;66;6
72.745;72.845;74;2
72.845;72.945;86;2
72.945;73.045;83;11
73.045;73.145;78;6
73.145;73.345;74;2
73.345;73.945;50;2
73.345;73.945;62;2
73.445;73.545;71;11
73.545;73.645;83;11
73.645;73.745;78;6
73.745;73.845;74;2
73.845;73.945;71;11
73.945;74.245;54;6
73.945;74.245;66;6
74.045;74.145;81;9
74.145;74.245;93;9
74.245;74.345;90;6
74.245;74.345;50;2
74.245;74.345;62;2
74.345;74.465;86;2
74.345;74.625;54;6
74.345;74.625;66;6
74.465;74.625;81;9
74.625;75.285;57;9
74.625;75.285;69;9
74.725;74.825;78;6
74.825;74.925;90;6
74.925;75.025;86;2
75.025;75.185;81;9
75.185;75.285;78;6
75.285;75.905;45;9
75.285;75.905;57;9
75.385;75.485;76;4
75.485;75.585;88;4
75.585;75.7;85;1
75.7;75.805;81;9
75.805;75.905;76;4
75.905;76.205;50;2
75.905;76.205;62;2
76.005;76.105;81;9
76.105;76.205;93;9
76.205;76.305;90;6
76.205;76.305;45;9
76.205;76.305;57;9
76.305;76.405;86;2
76.305;76.505;50;2
76.305;76.505;62;2
76.405;76.505;81;9
76.505;77.485;54;6
76.505;77.485;66;6
76.605;76.705;78;6
76.705;76.805;90;6
76.805;76.905;86;2
76.905;77.005;81;9
77.005;77.18;78;6
77.325;77.485;74;2
77.485;77.585;86;2
77.585;77.725;81;9
77.725;77.825;78;6
77.725;77.965;45;9
77.725;77.965;57;9
77.825;77.965;74;2
77.965;78.265;50;2
77.965;78.265;62;2
78.065;78.165;81;9
78.165;78.265;93;9
78.265;78.365;90;6
78.265;78.365;45;9
78.265;78.365;57;9
78.365;78.465;86;2
78.365;78.565;50;2
78.365;78.565;62;2
78.465;78.565;81;9
78.565;79.425;54;6
78.565;79.425;66;6
78.665;78.765;78;6
78.765;78.925;90;6
78.925;79.2;86;2
79.2;79.325;81;9
79.325;79.425;78;6
79.425;80.025;50;2
79.425;80.025;62;2
79.525;79.625;74;2
79.625;79.725;86;2
79.725;79.825;81;9
79.825;79.925;78;6
79.925;80.025;74;2
80.025;80.325;54;6
80.025;80.325;66;6
80.125;80.225;81;9
80.225;80.325;93;9
80.325;80.425;90;6
80.325;80.425;50;2
80.325;80.425;62;2
80.425;80.525;86;2
80.425;80.625;54;6
80.425;80.625;66;6
80.525;80.625;81;9
80.625;81.225;57;9
80.625;81.225;69;9
80.725;80.825;78;6
80.825;80.925;90;6
80.925;81.025;86;2
81.025;81.125;81;9
81.125;81.225;78;6
81.225;82.025;54;6
81.225;82.025;66;6
81.325;81.425;74;2
81.425;81.525;86;2
81.525;81.625;81;9
81.625;81.74;78;6
81.74;82.025;74;2
82.025;82.375;57;9
82.025;82.375;69;9
82.125;82.225;85;1
82.225;82.375;97;1
82.375;82.55;93;9
82.375;82.55;54;6
82.375;82.55;66;6
82.55;82.745;90;6
82.55;82.845;57;9
82.55;82.845;69;9
82.745;82.845;85;1
82.845;83.445;61;1
82.845;83.445;73;1
82.945;83.045;81;9
83.045;83.145;93;9
83.145;83.245;90;6
83.245;83.345;85;1
83.345;83.445;81;9
83.445;84.125;49;1
83.445;84.125;61;1
83.545;83.645;80;8
83.645;83.82;92;8
83.82;83.925;89;5
83.925;84.025;85;1
84.025;84.125;80;8
84.125;84.485;54;6
84.125;84.485;66;6
84.225;84.325;78;6
84.325;84.485;90;6
84.485;84.585;85;1
84.485;84.585;49;1
84.485;84.585;61;1
84.585;84.685;82;10
84.585;84.785;54;6
84.585;84.785;66;6
84.685;84.785;78;6
84.785;85.625;58;10
84.785;85.625;70;10
84.885;85;73;1
85;85.105;85;1
85.105;85.225;82;10
85.225;85.325;78;6
85.325;85.425;73;1
85.525;85.625;66;6
85.625;85.725;78;6
85.725;85.825;73;1
85.825;85.925;70;10
85.825;85.891;42;6
85.891;85.958;44;8
85.925;86.025;66;6
85.958;86.025;46;10
86.025;86.265;67;7
86.025;86.265;75;3
86.025;86.265;79;7
86.025;86.78;47;11
86.265;86.565;75;3
86.565;87.385;67;7
86.78;87.385;71;11
86.78;87.085;63;3
87.085;87.185;59;11
87.185;87.385;63;3
87.385;87.585;71;11
87.385;87.815;67;7
87.815;87.925;67;7
87.815;87.925;79;7
87.815;88.025;55;7
87.925;88.025;67;7
87.925;88.025;79;7
88.025;88.225;67;7
88.025;88.225;75;3
88.025;88.225;79;7
88.025;88.625;59;11
88.225;88.525;75;3
88.525;89.245;67;7
88.625;89.245;71;11
88.625;88.945;63;3
88.945;89.045;59;11
89.045;89.245;63;3
89.245;89.445;71;11
89.245;89.645;67;7
89.645;89.905;71;11
89.645;90.045;55;7
89.905;90.045;71;11
90.045;90.245;68;8
90.045;90.245;76;4
90.045;90.245;52;4
90.045;90.245;64;4
90.245;90.345;84;0
90.245;90.345;64;4
90.345;90.445;83;11
90.345;90.445;68;8
90.445;90.545;84;0
90.445;90.545;64;4
90.545;90.645;83;11
90.545;90.645;68;8
90.645;90.745;84;0
90.645;90.745;64;4
90.745;90.845;83;11
90.745;90.845;68;8
90.845;90.896;84;0
90.845;90.896;64;4
90.896;90.907;83;11
90.896;90.907;68;8
90.907;90.985;84;0
90.907;90.985;64;4
90.985;91.085;83;11
90.985;91.085;68;8
91.085;91.185;84;0
91.085;91.185;64;4
91.185;91.285;83;11
91.185;91.285;68;8
91.285;91.385;84;0
91.285;91.385;64;4
91.385;91.485;83;11
91.385;91.485;68;8
91.485;91.585;84;0
91.485;91.585;64;4
91.585;91.685;83;11
91.585;91.685;68;8
91.685;91.925;76;4
91.685;91.925;84;0
91.685;93.445;40;4
91.685;93.445;52;4
91.925;92.205;75;3
91.925;92.205;83;11
92.205;92.405;74;2
92.205;92.405;82;10
92.405;92.645;73;1
92.405;92.645;81;9
92.645;92.845;72;0
92.645;92.845;80;8
92.845;93.045;71;11
92.845;93.045;79;7
93.045;93.245;70;10
93.045;93.245;78;6
93.245;93.445;69;9
93.245;93.445;77;5
93.445;93.645;68;8
93.445;93.645;76;4
93.445;93.511;40;4
93.511;93.578;42;6
93.578;93.645;44;8
93.645;93.845;77;5
93.645;94.245;65;5
93.645;94.245;45;9
93.845;94.145;72;0
94.145;94.245;69;9
94.245;95.265;67;7
94.245;95.265;72;0
94.245;95.265;76;4
94.245;94.565;60;0
94.565;94.665;55;7
94.665;94.865;60;0
94.865;95.265;64;4
95.265;95.365;67;7
95.265;95.365;72;0
95.265;95.365;76;4
95.265;95.465;52;4
95.365;95.465;67;7
95.365;95.465;72;0
95.365;95.465;76;4
95.465;95.665;77;5
95.465;96.065;65;5
95.465;96.065;57;9
95.665;95.965;72;0
95.965;96.065;69;9
96.065;97.365;67;7
96.065;97.365;72;0
96.065;97.365;76;4
96.065;96.365;60;0
96.365;96.505;55;7
96.505;96.765;60;0
96.765;97.365;64;4
97.365;97.465;67;7
97.365;97.465;72;0
97.365;97.565;52;4
97.465;97.565;67;7
97.465;97.565;72;0
97.565;97.765;66;6
97.565;97.765;70;10
97.565;97.765;73;1
97.565;97.765;78;6
97.565;97.765;54;6
97.765;97.865;86;2
97.765;97.865;66;6
97.865;97.965;85;1
97.865;97.965;70;10
97.965;98.065;86;2
97.965;98.065;66;6
98.065;98.265;85;1
98.065;98.265;70;10
98.265;98.38;86;2
98.265;98.38;66;6
98.38;98.485;85;1
98.38;98.485;70;10
98.485;98.585;86;2
98.485;98.585;66;6
98.585;98.685;85;1
98.585;98.685;70;10
98.685;98.785;86;2
98.685;98.785;66;6
98.785;98.885;85;1
98.785;98.885;70;10
98.885;98.985;86;2
98.885;98.985;66;6
98.985;99.085;85;1
98.985;99.085;70;10
99.085;99.185;86;2
99.085;99.185;66;6
99.185;99.285;85;1
99.185;99.285;70;10
99.285;99.385;86;2
99.285;99.385;66;6
99.385;99.485;85;1
99.385;99.485;70;10
99.485;99.685;78;6
99.485;99.685;86;2
99.485;101.08;42;6
99.485;101.08;54;6
99.685;99.885;77;5
99.685;99.885;85;1
99.885;100.08;76;4
99.885;100.08;84;0
100.08;100.28;75;3
100.08;100.28;83;11
100.28;100.48;74;2
100.28;100.48;82;10
100.48;100.68;73;1
100.48;100.68;81;9
100.68;100.88;72;0
100.68;100.88;80;8
100.88;101.08;71;11
100.88;101.08;79;7
101.08;101.2;70;10
101.08;101.2;78;6
101.08;101.15;42;6
101.15;101.18;44;8
101.18;101.2;46;10
101.2;101.42;67;7
101.2;101.42;75;3
101.2;101.42;79;7
101.2;101.92;47;11
101.42;101.82;75;3
101.82;101.92;67;7
101.92;102.72;71;11
101.92;102.22;51;3
102.22;102.32;47;11
102.32;102.52;51;3
102.52;102.72;75;3
102.52;102.72;83;11
102.52;102.92;55;7
102.92;103.12;43;7
103.12;103.32;67;7
103.12;103.32;75;3
103.12;103.32;79;7
103.12;103.78;47;11
103.32;103.62;75;3
103.62;103.78;67;7
103.78;104.58;71;11
103.78;104.08;51;3
104.08;104.18;47;11
104.18;104.38;51;3
104.38;104.58;75;3
104.38;104.58;83;11
104.38;104.78;55;7
104.78;104.98;43;7
104.98;105.18;67;7
104.98;105.18;72;0
104.98;105.18;79;7
104.98;105.58;48;0
105.18;105.48;76;4
105.48;105.58;67;7
105.58;106.38;72;0
105.58;105.88;52;4
105.88;105.98;48;0
105.98;106.18;52;4
106.18;106.38;76;4
106.18;106.38;84;0
106.18;106.58;55;7
106.58;106.92;43;7
106.92;107.12;67;7
106.92;107.12;72;0
106.92;107.12;79;7
106.92;107.54;48;0
107.12;107.44;76;4
107.44;107.54;67;7
107.54;108.36;72;0
107.54;107.84;52;4
107.84;107.94;48;0
107.94;108.16;52;4
108.16;108.36;76;4
108.16;108.36;84;0
108.16;108.56;55;7
108.56;108.76;43;7
108.76;108.96;58;10
108.76;108.96;61;1
108.76;108.96;64;4
108.76;108.96;66;6
108.76;108.96;42;6
108.76;108.96;54;6
108.96;109.06;79;7
108.96;109.06;70;10
108.96;109.06;73;1
109.06;109.16;78;6
109.06;109.16;76;4
109.16;109.36;79;7
109.16;109.36;70;10
109.16;109.36;73;1
109.36;109.46;78;6
109.36;109.46;76;4
109.46;109.58;79;7
109.46;109.58;70;10
109.46;109.58;73;1
109.58;109.68;78;6
109.58;109.68;76;4
109.68;109.78;79;7
109.68;109.78;70;10
109.68;109.78;73;1
109.78;109.88;78;6
109.78;109.88;76;4
109.88;109.98;79;7
109.88;109.98;70;10
109.88;109.98;73;1
109.98;110.08;78;6
109.98;110.08;76;4
110.08;110.18;79;7
110.08;110.18;70;10
110.08;110.18;73;1
110.18;110.3;78;6
110.18;110.3;76;4
110.3;110.44;79;7
110.3;110.44;70;10
110.3;110.44;73;1
110.44;110.54;78;6
110.44;110.54;76;4
110.54;110.68;79;7
110.54;110.68;70;10
110.54;110.68;73;1
110.68;110.78;78;6
110.68;110.78;76;4
110.78;110.88;82;10
110.78;110.88;88;4
110.78;110.88;90;6
110.78;110.88;42;6
110.88;110.98;91;7
110.88;110.98;54;6
110.98;111.08;82;10
110.98;111.08;88;4
110.98;111.08;90;6
110.98;111.08;42;6
111.08;111.18;91;7
111.08;111.18;54;6
111.18;111.28;82;10
111.18;111.28;88;4
111.18;111.28;90;6
111.18;111.28;42;6
111.28;111.38;91;7
111.28;111.38;54;6
111.38;111.48;82;10
111.38;111.48;88;4
111.38;111.48;90;6
111.38;111.48;42;6
111.48;111.58;91;7
111.48;111.58;54;6
111.58;111.68;82;10
111.58;111.68;88;4
111.58;111.68;90;6
111.58;111.68;42;6
111.68;111.78;91;7
111.68;111.78;54;6
111.78;111.88;82;10
111.78;111.88;88;4
111.78;111.88;90;6
111.78;111.88;42;6
111.88;111.98;91;7
111.88;111.98;54;6
111.98;112.18;82;10
111.98;112.18;88;4
111.98;112.18;90;6
111.98;112.18;42;6
112.38;112.64;42;6
112.38;112.64;54;6
112.64;113.02;47;11
112.64;113.02;59;11
112.74;112.88;78;6
112.88;113.02;90;6
113.02;113.12;87;3
113.02;113.12;42;6
113.02;113.12;54;6
113.12;113.22;83;11
113.12;113.32;47;11
113.12;113.32;59;11
113.22;113.32;78;6
113.32;113.98;51;3
113.32;113.98;63;3
113.42;113.52;75;3
113.52;113.62;87;3
113.62;113.74;83;11
113.74;113.87;78;6
113.87;113.98;75;3
113.98;114.6;47;11
113.98;114.6;59;11
114.08;114.18;71;11
114.18;114.28;83;11
114.28;114.4;78;6
114.4;114.5;75;3
114.5;114.6;71;11
114.6;114.92;51;3
114.6;114.92;63;3
114.7;114.8;78;6
114.8;114.92;90;6
114.92;115.02;87;3
114.92;115.02;47;11
114.92;115.02;59;11
115.02;115.12;83;11
115.02;115.22;51;3
115.02;115.22;63;3
115.12;115.22;78;6
115.22;115.84;54;6
115.22;115.84;66;6
115.34;115.44;75;3
115.44;115.54;87;3
115.54;115.64;83;11
115.64;115.74;78;6
115.74;115.84;75;3
115.84;116.66;51;3
115.84;116.66;63;3
115.94;116.04;71;11
116.04;116.14;83;11
116.14;116.24;78;6
116.24;116.34;75;3
116.34;116.66;71;11
116.66;116.96;54;6
116.66;116.96;66;6
116.76;116.86;82;10
116.86;116.96;94;10
116.96;117.06;90;6
116.96;117.06;51;3
116.96;117.06;63;3
117.06;117.2;87;3
117.06;117.36;54;6
117.06;117.36;66;6
117.2;117.36;82;10
117.36;117.98;58;10
117.36;117.98;70;10
117.46;117.56;78;6
117.56;117.66;90;6
117.66;117.76;87;3
117.76;117.86;82;10
117.86;117.98;78;6
117.98;118.6;46;10
117.98;118.6;58;10
118.08;118.18;77;5
118.18;118.28;89;5
118.28;118.38;86;2
118.38;118.48;82;10
118.48;118.6;77;5
118.6;119.06;51;3
118.6;119.06;63;3
118.7;118.95;78;6
118.95;119.06;90;6
119.06;119.25;87;3
119.06;119.25;46;10
119.06;119.25;58;10
119.25;119.4;82;10
119.25;119.5;51;3
119.25;119.5;63;3
119.4;119.5;78;6
119.5;120.32;54;6
119.5;120.32;66;6
119.6;119.7;75;3
119.7;119.8;87;3
119.8;119.9;82;10
119.9;120.02;78;6
120.02;120.12;75;3
120.22;120.32;70;10
120.32;120.42;82;10
120.42;120.52;78;6
120.52;120.62;75;3
120.52;120.72;46;10
120.52;120.72;58;10
120.62;120.72;70;10
120.72;121.02;51;3
120.72;121.02;63;3
120.82;120.92;78;6
120.92;121.02;90;6
121.02;121.12;87;3
121.02;121.12;46;10
121.02;121.12;58;10
121.12;121.22;82;10
121.12;121.32;51;3
121.12;121.32;63;3
121.22;121.32;78;6
121.32;122.08;54;6
121.32;122.08;66;6
121.42;121.52;75;3
121.52;121.62;87;3
121.62;121.72;82;10
121.72;121.94;78;6
121.94;122.08;75;3
122.08;122.68;51;3
122.08;122.68;63;3
122.18;122.28;70;10
122.28;122.38;82;10
122.38;122.48;78;6
122.48;122.58;75;3
122.58;122.68;70;10
122.68;123.15;54;6
122.68;123.15;66;6
122.78;122.88;82;10
122.88;123.15;94;10
123.15;123.26;90;6
123.15;123.26;51;3
123.15;123.26;63;3
123.26;123.36;87;3
123.26;123.46;54;6
123.26;123.46;66;6
123.36;123.46;82;10
123.46;124.08;58;10
123.46;124.08;70;10
123.58;123.68;78;6
123.68;123.78;90;6
123.78;123.88;87;3
123.88;123.98;82;10
123.98;124.08;78;6
124.08;124.76;54;6
124.08;124.76;66;6
124.18;124.28;75;3
124.28;124.38;87;3
124.38;124.48;82;10
124.48;124.58;78;6
124.58;124.76;75;3
124.76;125.12;58;10
124.76;125.12;70;10
124.88;125.01;85;1
125.01;125.12;97;1
125.12;125.22;94;10
125.12;125.22;54;6
125.12;125.22;66;6
125.22;125.34;90;6
125.22;125.44;58;10
125.22;125.44;70;10
125.34;125.44;85;1
125.44;126.04;61;1
125.44;126.04;73;1
125.54;125.64;82;10
125.64;125.74;94;10
125.74;125.84;90;6
125.84;125.94;85;1
125.94;126.04;82;10
126.04;126.64;49;1
126.04;126.64;61;1
126.14;126.24;80;8
126.24;126.34;92;8
126.34;126.44;89;5
126.44;126.54;85;1
126.54;126.64;80;8
126.64;126.94;54;6
126.64;126.94;66;6
126.74;126.84;82;10
126.84;126.94;94;10
126.94;127.04;90;6
126.94;127.04;49;1
126.94;127.04;61;1
127.04;127.14;85;1
127.04;127.24;54;6
127.04;127.24;66;6
127.14;127.24;82;10
127.24;128.19;58;10
127.24;128.19;70;10
127.34;127.44;78;6
127.44;127.54;90;6
127.54;127.64;85;1
127.64;127.74;82;10
127.74;127.84;78;6
128.02;128.19;73;1
128.19;128.3;85;1
128.3;128.4;82;10
128.4;128.5;78;6
128.4;128.66;42;6
128.4;128.66;54;6
128.5;128.66;73;1
128.66;129.17;44;8
128.66;129.17;56;8
128.76;128.86;76;4
128.86;129.17;88;4
129.17;129.28;83;11
129.17;129.28;40;4
129.17;129.28;52;4
129.28;129.38;80;8
129.28;129.48;44;8
129.28;129.48;56;8
129.38;129.48;76;4
129.48;130.28;47;11
129.48;130.28;59;11
129.58;129.68;75;3
129.68;129.78;87;3
129.78;129.88;83;11
129.88;129.98;78;6
129.98;130.08;75;3
130.18;130.28;71;11
130.28;130.38;83;11
130.38;130.48;78;6
130.48;130.58;75;3
130.48;130.68;54;6
130.48;130.68;66;6
130.58;130.68;71;11
130.68;130.98;56;8
130.68;130.98;68;8
130.78;130.88;76;4
130.88;130.98;88;4
130.98;131.08;83;11
130.98;131.08;52;4
130.98;131.08;64;4
131.08;131.18;80;8
131.08;131.28;56;8
131.08;131.28;68;8
131.18;131.28;76;4
131.28;132.24;59;11
131.28;132.24;71;11
131.4;131.5;75;3
131.5;131.64;87;3
131.64;131.74;83;11
131.74;131.84;78;6
131.84;131.94;75;3
132.14;132.24;71;11
132.24;132.34;83;11
132.34;132.44;78;6
132.44;132.54;75;3
132.44;132.64;42;6
132.44;132.64;54;6
132.54;132.64;71;11
132.64;132.94;44;8
132.64;132.94;56;8
132.74;132.84;76;4
132.84;132.94;88;4
132.94;133.1;83;11
132.94;133.1;40;4
132.94;133.1;52;4
133.1;133.2;80;8
133.1;133.3;44;8
133.1;133.3;56;8
133.2;133.3;76;4
133.3;133.92;49;1
133.3;133.92;61;1
133.4;133.5;76;4
133.5;133.6;88;4
133.6;133.7;85;1
133.7;133.82;80;8
133.82;133.92;76;4
133.92;134.64;42;6
133.92;134.64;54;6
134.02;134.12;78;6
134.12;134.22;90;6
134.22;134.32;85;1
134.32;134.54;82;10
134.54;134.64;78;6
134.64;134.94;47;11
134.64;134.94;59;11
134.74;134.84;78;6
134.84;134.94;90;6
134.94;135.04;87;3
134.94;135.04;42;6
134.94;135.04;54;6
135.04;135.14;83;11
135.04;135.24;47;11
135.04;135.24;59;11
135.14;135.24;78;6
135.24;136.04;51;3
135.24;136.04;63;3
135.34;135.44;75;3
135.44;135.54;87;3
135.54;135.64;83;11
135.64;135.74;78;6
135.74;135.84;75;3
135.94;136.04;71;11
136.04;136.14;83;11
136.14;136.26;78;6
136.26;136.62;75;3
136.26;136.72;42;6
136.26;136.72;54;6
136.62;136.72;71;11
136.72;137.02;44;8
136.72;137.02;56;8
136.82;136.92;76;4
136.92;137.02;88;4
137.02;137.12;83;11
137.02;137.12;40;4
137.02;137.12;52;4
137.12;137.24;80;8
137.12;137.42;44;8
137.12;137.42;56;8
137.24;137.42;76;4
137.42;138.28;47;11
137.42;138.28;59;11
137.52;137.62;75;3
137.62;137.72;87;3
137.72;137.82;83;11
137.82;137.97;78;6
137.97;138.08;75;3
138.18;138.28;71;11
138.28;138.38;83;11
138.38;138.48;78;6
138.48;138.58;75;3
138.48;138.68;54;6
138.48;138.68;66;6
138.58;138.68;71;11
138.68;138.98;56;8
138.68;138.98;68;8
138.78;138.88;76;4
138.88;138.98;88;4
138.98;139.08;83;11
138.98;139.08;52;4
138.98;139.08;64;4
139.08;139.38;80;8
139.08;139.48;56;8
139.08;139.48;68;8
139.38;139.48;76;4
139.48;140.28;59;11
139.48;140.28;71;11
139.58;139.68;75;3
139.68;139.78;87;3
139.78;139.88;83;11
139.88;139.98;78;6
139.98;140.08;75;3
140.18;140.28;71;11
140.28;140.38;83;11
140.38;140.48;78;6
140.48;140.58;75;3
140.48;140.7;42;6
140.48;140.7;54;6
140.58;140.7;71;11
140.7;141;44;8
140.7;141;56;8
140.8;140.9;76;4
140.9;141;88;4
141;141.1;83;11
141;141.1;40;4
141;141.1;52;4
141.1;141.2;80;8
141.1;141.3;44;8
141.1;141.3;56;8
141.2;141.3;76;4
141.3;142.04;49;1
141.3;142.04;61;1
141.4;141.5;76;4
141.5;141.6;88;4
141.6;141.8;85;1
141.8;141.9;80;8
141.9;142.04;76;4
142.04;142.64;42;6
142.04;142.64;54;6
142.14;142.24;78;6
142.24;142.34;90;6
142.34;142.44;85;1
142.44;142.54;82;10
142.54;142.64;78;6
142.64;143.18;78;6
142.64;143.18;83;11
142.64;143.18;87;3
142.64;142.98;47;11
142.64;142.98;59;11
142.98;143.18;42;6
142.98;143.18;54;6
143.18;143.28;66;6
143.18;143.28;71;11
143.18;143.28;75;3
143.18;143.38;47;11
143.18;143.38;59;11
143.28;143.38;66;6
143.28;143.38;71;11
143.28;143.38;75;3
143.38;144.46;71;11
143.38;144.46;75;3
143.38;144.46;78;6
143.38;143.74;51;3
143.38;143.74;63;3
143.74;143.84;47;11
143.74;143.84;59;11
143.84;144.04;51;3
143.84;144.04;63;3
144.04;144.36;54;6
144.04;144.36;66;6
144.36;144.46;51;3
144.36;144.46;63;3
144.46;144.66;71;11
144.46;144.66;75;3
144.46;144.66;54;6
144.46;144.66;66;6
144.66;145.49;83;11
144.66;145.49;87;3
144.66;145.49;95;11
144.66;144.86;59;11
144.66;144.86;71;11
144.86;144.96;35;11
144.96;145.06;47;11
145.06;145.16;35;11
145.16;145.26;47;11
145.26;145.36;35;11
145.36;145.49;47;11
145.49;145.8;85;1
145.49;145.8;94;10
145.49;145.7;35;11
145.7;145.8;47;11
145.8;146.1;83;11
145.8;146.1;92;8
145.8;145.96;35;11
145.96;146.1;47;11
146.1;146.3;82;10
146.1;146.3;90;6
146.1;146.2;35;11
146.2;146.3;47;11
146.3;146.5;80;8
146.3;146.5;88;4
146.3;146.4;35;11
146.4;146.5;47;11
146.5;146.7;78;6
146.5;146.7;87;3
146.5;146.6;35;11
146.6;146.7;47;11
146.7;146.9;76;4
146.7;146.9;85;1
146.7;146.8;35;11
146.8;146.9;47;11
146.9;147.1;75;3
146.9;147.1;83;11
146.9;147;35;11
147;147.1;47;11
147.1;147.3;73;1
147.1;147.3;82;10
147.1;147.2;35;11
147.2;147.3;47;11
147.3;147.5;71;11
147.3;147.5;80;8
147.3;147.4;35;11
147.4;147.5;47;11
147.5;147.7;70;10
147.5;147.7;78;6
147.5;147.6;35;11
147.6;147.7;47;11
147.7;147.9;68;8
147.7;147.9;76;4
147.7;147.8;35;11
147.8;147.9;47;11
147.9;148.1;66;6
147.9;148.1;75;3
147.9;148;35;11
148;148.1;47;11
148.1;148.46;64;4
148.1;148.46;73;1
148.1;148.2;35;11
148.2;148.46;47;11
148.46;148.66;63;3
148.46;148.66;71;11
148.46;148.56;35;11
148.56;148.66;47;11
148.66;149.44;71;11
148.66;149.44;75;3
148.66;149.44;78;6
148.66;149.44;83;11
148.66;148.74;35;11
148.74;148.84;47;11
148.84;148.94;35;11
148.94;149.04;47;11
149.04;149.14;35;11
149.14;149.24;47;11
149.24;149.34;35;11
149.34;149.44;47;11
149.44;149.64;73;1
149.44;149.64;82;10
149.44;149.54;35;11
149.54;149.64;47;11
149.64;149.84;71;11
149.64;149.84;80;8
149.64;149.74;35;11
149.74;149.84;47;11
149.84;150.04;70;10
149.84;150.04;78;6
149.84;149.94;35;11
149.94;150.04;47;11
150.04;150.24;68;8
150.04;150.24;76;4
150.04;150.14;35;11
150.14;150.24;47;11
150.24;150.44;66;6
150.24;150.44;75;3
150.24;150.34;35;11
150.34;150.44;47;11
150.44;150.64;64;4
150.44;150.64;73;1
150.44;150.54;35;11
150.54;150.64;47;11
150.64;150.84;63;3
150.64;150.84;71;11
150.64;150.74;35;11
150.74;150.84;47;11
150.84;151.06;61;1
150.84;151.06;70;10
150.84;150.94;35;11
150.94;151.06;47;11
151.06;151.26;59;11
151.06;151.26;68;8
151.06;151.16;35;11
151.16;151.26;47;11
151.26;151.46;58;10
151.26;151.46;66;6
151.26;151.36;35;11
151.36;151.46;47;11
151.46;151.66;56;8
151.46;151.66;64;4
151.46;151.56;35;11
151.56;151.66;47;11
151.66;151.86;54;6
151.66;151.86;63;3
151.66;151.76;35;11
151.76;151.86;47;11
151.86;152.06;52;4
151.86;152.06;61;1
151.86;151.96;35;11
151.96;152.06;47;11
152.06;152.3;51;3
152.06;152.3;59;11
152.06;152.16;35;11
152.16;152.3;47;11
152.3;152.6;52;4
152.3;152.6;57;9
152.3;152.6;60;0
152.3;152.5;45;9
152.6;152.7;57;9
152.7;152.9;52;4
152.9;153.2;52;4
153.2;153.3;64;4
153.3;153.5;57;9
153.5;153.8;57;9
153.8;153.94;69;9
153.94;154.14;64;4
154.14;154.34;69;9
154.14;154.34;72;0
154.14;154.34;57;9
154.14;154.34;64;4
154.54;154.9;69;9
154.9;155.1;72;0
155.1;155.35;71;11
155.35;155.56;69;9
155.56;155.96;76;4
155.56;155.76;55;7
155.56;155.76;59;11
155.56;155.76;64;4
155.96;156.16;71;11
156.16;156.36;73;1
156.16;156.36;54;6
156.16;156.36;58;10
156.16;156.36;61;1
156.36;156.56;70;10
156.56;156.76;66;6
156.76;157.16;66;6
156.76;157.16;71;11
156.76;157.16;74;2
156.76;157.06;47;11
157.06;157.16;59;11
157.16;157.36;54;6
157.36;157.56;64;4
157.36;157.56;73;1
157.36;157.56;45;9
157.36;157.56;57;9
157.56;157.76;71;11
157.76;157.96;69;9
157.96;158.36;66;6
157.96;158.36;69;9
157.96;158.36;78;6
157.96;158.26;50;2
158.26;158.36;62;2
158.36;158.56;74;2
158.36;158.56;57;9
158.56;159.16;69;9
158.56;158.96;57;9
158.86;158.96;66;6
158.96;159.16;62;2
159.16;159.7;71;11
159.16;159.44;64;4
159.16;159.44;69;9
159.16;159.44;45;9
159.7;159.9;73;1
159.7;159.9;57;9
159.9;160.3;66;6
159.9;160.3;74;2
159.9;160.2;50;2
159.9;160.2;62;2
160.2;160.3;57;9
160.3;160.56;69;9
160.3;160.56;62;2
160.56;160.86;66;6
160.56;160.76;57;9
160.56;160.76;62;2
160.86;160.98;62;2
160.98;161.18;66;6
161.18;161.48;69;9
161.18;161.38;54;6
161.18;161.38;57;9
161.18;161.38;62;2
161.48;161.58;66;6
161.58;161.78;69;9
161.78;162.08;66;6
161.78;162.08;73;1
161.78;161.98;49;1
161.78;161.98;57;9
161.78;161.98;61;1
162.08;162.18;69;9
162.18;162.38;73;1
162.38;162.78;78;6
162.78;162.98;66;6
162.98;163.2;69;9
162.98;163.2;73;1
162.98;163.2;78;6
162.98;163.3;42;6
163.3;163.4;54;6
163.4;163.6;49;1
163.6;163.82;76;4
163.6;163.82;57;9
163.6;163.82;61;1
163.82;164.12;73;1
164.12;164.24;69;9
164.24;164.64;78;6
164.64;164.84;69;9
164.84;165.24;66;6
164.84;165.24;69;9
164.84;165.14;38;2
165.14;165.24;50;2
165.24;165.64;45;9
165.64;165.84;73;1
165.64;165.84;54;6
165.64;165.84;58;10
165.64;165.84;61;1
165.64;165.84;64;4
165.84;166.14;73;1
166.14;166.44;73;1
166.44;166.84;78;6
166.84;167.06;76;4
167.06;167.26;74;2
167.06;167.26;59;11
167.06;167.26;62;2
167.26;167.46;73;1
167.46;167.66;71;11
167.66;167.86;76;4
167.66;167.86;55;7
167.66;167.86;61;1
167.66;167.86;64;4
167.86;168.06;71;11
168.06;168.34;59;11
168.34;168.54;70;10
168.34;168.54;78;6
168.34;168.54;54;6
168.34;168.54;61;1
168.34;168.54;66;6
168.54;168.84;73;1
168.84;168.94;73;1
168.94;169.14;66;6
168.94;169.14;74;2
168.94;169.14;59;11
168.94;169.14;62;2
169.14;169.34;71;11
169.34;169.71;68;8
169.71;169.92;65;5
169.71;169.92;68;8
169.71;169.92;73;1
169.71;169.92;61;1
169.92;170.12;74;2
170.22;170.32;73;1
170.32;170.72;78;6
170.72;170.82;66;6
170.72;170.82;69;9
170.82;170.98;66;6
170.82;170.98;69;9
170.98;171.28;66;6
170.98;171.28;69;9
170.98;171.28;42;6
170.98;171.28;54;6
171.28;171.38;73;1
171.28;171.38;57;9
171.38;171.6;66;6
171.38;171.6;69;9
171.38;171.6;54;6
171.6;171.9;66;6
171.6;171.9;69;9
171.6;171.9;78;6
171.6;171.8;50;2
171.6;171.8;62;2
171.9;172;76;4
172;172.2;74;2
172.2;172.6;73;1
172.6;172.8;71;11
172.8;173.12;69;9
173.12;173.32;68;8
173.42;173.52;66;6
173.52;173.92;73;1
173.52;173.82;49;1
173.82;173.92;61;1
173.92;174.12;61;1
173.92;174.12;56;8
174.12;174.44;65;5
174.12;174.44;68;8
174.12;174.44;73;1
174.12;174.54;49;1
174.54;174.64;61;1
174.64;174.84;56;8
174.84;175.14;68;8
174.84;175.14;73;1
174.84;175.14;77;5
174.84;175.24;49;1
175.24;175.34;61;1
175.34;175.56;56;8
175.56;175.88;74;2
175.56;176.18;62;2
175.56;176.28;58;10
175.56;176.28;54;6
175.88;176.18;70;10
176.18;176.28;62;2
176.28;176.88;66;6
176.28;176.58;58;10
176.58;176.68;54;6
176.68;176.88;58;10
176.88;177.1;58;10
176.88;177.33;62;2
177.33;177.54;50;2
177.54;177.74;74;2
177.54;178.14;58;10
177.54;178.14;54;6
177.74;178.04;70;10
178.04;178.14;62;2
178.14;178.82;66;6
178.14;178.44;58;10
178.44;178.54;54;6
178.54;178.82;58;10
178.82;179.02;58;10
178.82;179.22;62;2
179.22;179.42;50;2
179.42;179.52;71;11
179.42;179.52;79;7
179.42;181.36;47;11
179.42;181.36;59;11
179.52;179.62;75;3
179.52;179.62;78;6
179.62;179.72;71;11
179.62;179.72;79;7
179.72;179.82;75;3
179.72;179.82;78;6
179.82;179.92;71;11
179.82;179.92;79;7
179.92;180.02;75;3
179.92;180.02;78;6
180.02;180.22;71;11
180.02;180.22;79;7
180.22;180.32;75;3
180.22;180.32;78;6
180.32;180.42;71;11
180.32;180.42;79;7
180.42;180.52;75;3
180.42;180.52;78;6
180.52;180.64;71;11
180.52;180.64;79;7
180.64;180.74;75;3
180.64;180.74;78;6
180.74;180.84;71;11
180.74;180.84;79;7
180.84;180.94;75;3
180.84;180.94;78;6
180.94;181.04;71;11
180.94;181.04;79;7
181.04;181.14;75;3
181.04;181.14;78;6
181.14;181.24;71;11
181.14;181.24;79;7
181.24;181.36;75;3
181.24;181.36;78;6
181.36;181.6;71;11
181.36;181.6;79;7
181.36;181.44;35;11
181.46;181.58;47;11
181.6;181.8;70;10
181.6;181.8;78;6
181.6;181.68;35;11
181.7;181.78;47;11
181.8;182.02;69;9
181.8;182.02;77;5
181.8;181.88;35;11
181.92;182;47;11
182.02;182.28;68;8
182.02;182.28;76;4
182.02;182.16;35;11
182.18;182.26;47;11
182.28;182.48;67;7
182.28;182.48;75;3
182.28;182.36;35;11
182.38;182.46;47;11
182.48;182.68;66;6
182.48;182.68;74;2
182.48;182.56;35;11
182.58;182.66;47;11
182.68;182.88;65;5
182.68;182.88;73;1
182.68;182.88;35;11
182.88;183.08;64;4
182.88;183.08;72;0
183.08;183.28;63;3
183.08;183.28;71;11
183.08;183.15;47;11
183.15;183.22;49;1
183.22;183.28;51;3
183.28;183.5;72;0
183.28;183.92;64;4
183.28;184.02;52;4
183.5;183.92;67;7
183.92;184.02;64;4
184.02;184.42;62;2
184.02;184.42;71;11
184.02;184.32;55;7
184.32;184.42;50;2
184.42;184.62;74;2
184.42;184.62;55;7
184.62;185.02;67;7
184.62;185.02;74;2
184.62;185.02;59;11
185.02;185.22;67;7
185.02;185.22;47;11
185.22;185.66;76;4
185.22;185.42;72;0
185.22;185.92;52;4
185.42;185.82;67;7
185.82;185.92;72;0
185.82;185.92;64;4
185.92;186.76;67;7
185.92;186.76;71;11
185.92;186.76;74;2
185.92;186.26;55;7
186.26;186.36;50;2
186.36;186.56;55;7
186.56;186.96;59;11
186.76;186.96;71;11
186.96;187.18;67;7
186.96;187.18;47;11
187.18;187.28;73;1
187.18;187.28;81;9
187.18;189.18;49;1
187.18;189.18;61;1
187.28;187.38;77;5
187.28;187.38;80;8
187.38;187.48;73;1
187.38;187.48;81;9
187.48;187.62;77;5
187.48;187.62;80;8
187.62;187.78;73;1
187.62;187.78;81;9
187.78;187.88;77;5
187.78;187.88;80;8
187.88;187.98;73;1
187.88;187.98;81;9
187.98;188.08;77;5
187.98;188.08;80;8
188.08;188.18;73;1
188.08;188.18;81;9
188.18;188.28;77;5
188.18;188.28;80;8
188.28;188.38;73;1
188.28;188.38;81;9
188.38;188.48;77;5
188.38;188.48;80;8
188.48;188.58;73;1
188.48;188.58;81;9
188.58;188.68;77;5
188.58;188.68;80;8
188.68;188.78;73;1
188.68;188.78;81;9
188.78;188.88;77;5
188.78;188.88;80;8
188.88;188.98;73;1
188.88;188.98;81;9
188.98;189.18;77;5
188.98;189.18;80;8
189.18;189.38;73;1
189.18;189.38;81;9
189.18;189.26;37;1
189.28;189.36;49;1
189.38;189.58;72;0
189.38;189.58;80;8
189.38;189.46;37;1
189.48;189.56;49;1
189.58;189.74;71;11
189.58;189.74;79;7
189.58;189.64;37;1
189.65;189.72;49;1
189.74;189.94;70;10
189.74;189.94;78;6
189.74;189.82;37;1
189.84;189.92;49;1
189.94;190.14;69;9
189.94;190.14;77;5
189.94;190.02;37;1
190.04;190.12;49;1
190.14;190.34;68;8
190.14;190.34;76;4
190.14;190.22;37;1
190.24;190.32;49;1
190.34;190.54;67;7
190.34;190.54;75;3
190.34;190.54;37;1
190.54;190.74;66;6
190.54;190.74;74;2
190.74;190.94;65;5
190.74;190.94;73;1
190.74;190.81;49;1
190.81;190.88;51;3
190.88;190.94;53;5
190.94;191.04;66;6
190.94;191.04;54;6
191.04;191.14;67;7
191.04;191.14;55;7
191.14;191.24;66;6
191.14;191.24;54;6
191.24;191.34;67;7
191.24;191.34;55;7
191.34;191.44;66;6
191.34;191.44;54;6
191.44;191.54;67;7
191.44;191.54;55;7
191.54;191.64;66;6
191.54;191.64;54;6
191.64;191.78;67;7
191.64;191.78;55;7
191.78;191.92;66;6
191.78;191.92;54;6
191.92;192.02;67;7
191.92;192.02;55;7
192.02;192.21;66;6
192.02;192.21;54;6
192.21;192.32;67;7
192.21;192.32;55;7
192.32;192.52;66;6
192.32;192.52;54;6
192.72;192.77;71;11
192.72;192.77;59;11
192.77;192.82;73;1
192.77;192.82;61;1
192.82;192.88;74;2
192.82;192.88;62;2
192.88;193;76;4
192.88;193;64;4
193;193.26;78;6
193;193.26;66;6
193.26;193.36;79;7
193.26;193.36;67;7
193.36;193.46;78;6
193.36;193.46;66;6
193.46;193.56;79;7
193.46;193.56;67;7
193.56;193.66;78;6
193.56;193.66;66;6
193.66;193.76;79;7
193.66;193.76;67;7
193.76;193.86;78;6
193.76;193.86;66;6
193.86;193.96;79;7
193.86;193.96;67;7
193.96;194.06;78;6
193.96;194.06;66;6
194.06;194.16;79;7
194.06;194.16;67;7
194.16;194.26;78;6
194.16;194.26;66;6
194.26;194.36;79;7
194.26;194.36;67;7
194.36;194.56;78;6
194.36;194.56;66;6
194.76;194.81;83;11
194.76;194.81;71;11
194.81;194.86;85;1
194.81;194.86;73;1
194.86;194.91;86;2
194.86;194.91;74;2
194.91;194.96;88;4
194.91;194.96;76;4
194.96;195.06;90;6
194.96;195.06;78;6
195.06;195.16;91;7
195.06;195.16;79;7
195.16;195.26;90;6
195.16;195.26;78;6
195.26;195.36;91;7
195.26;195.36;79;7
195.36;195.46;90;6
195.36;195.46;78;6
195.46;195.56;91;7
195.46;195.56;79;7
195.56;195.66;90;6
195.56;195.66;78;6
195.66;195.76;91;7
195.66;195.76;79;7
195.76;195.86;90;6
195.76;195.86;78;6
195.86;195.96;91;7
195.86;195.96;79;7
195.96;196.06;90;6
195.96;196.06;78;6
196.06;196.16;91;7
196.06;196.16;79;7
196.16;196.26;90;6
196.16;196.26;78;6
196.26;196.36;91;7
196.26;196.36;79;7
196.36;196.46;90;6
196.36;196.46;78;6
196.46;196.56;91;7
196.46;196.56;79;7
196.56;196.74;90;6
196.56;196.74;78;6
196.74;196.84;91;7
196.74;196.84;79;7
196.84;196.94;90;6
196.84;196.94;66;6
196.94;197.04;91;7
196.94;197.04;67;7
197.04;197.14;90;6
197.04;197.14;66;6
197.14;197.24;91;7
197.14;197.24;67;7
197.24;197.34;90;6
197.24;197.34;66;6
197.34;197.44;91;7
197.34;197.44;67;7
197.44;197.54;90;6
197.44;197.54;66;6
197.54;197.64;91;7
197.54;197.64;67;7
197.64;197.74;90;6
197.64;197.74;66;6
197.74;197.84;91;7
197.74;197.84;67;7
197.84;197.94;90;6
197.84;197.94;66;6
197.94;198.04;91;7
197.94;198.04;67;7
198.04;198.24;90;6
198.04;198.24;66;6
198.46;198.92;54;6
198.92;199.26;59;11
199.06;199.16;74;2
199.16;199.26;86;2
199.26;199.36;83;11
199.26;199.36;54;6
199.36;199.5;78;6
199.36;199.6;59;11
199.5;199.6;74;2
199.6;200.2;62;2
199.7;199.8;71;11
199.8;199.9;83;11
199.9;200;78;6
200;200.1;74;2
200.1;200.2;71;11
200.2;200.8;59;11
200.3;200.4;66;6
200.4;200.5;78;6
200.5;200.6;74;2
200.6;200.7;71;11
200.7;200.8;66;6
200.8;201.1;62;2
200.9;201;78;6
201;201.1;90;6
201.1;201.2;86;2
201.1;201.2;59;11
201.2;201.36;83;11
201.2;201.46;62;2
201.36;201.46;78;6
201.46;202.06;66;6
201.56;201.66;74;2
201.66;201.76;86;2
201.76;201.86;83;11
201.86;201.96;78;6
201.96;202.06;74;2
202.06;202.68;62;2
202.18;202.28;71;11
202.28;202.38;83;11
202.38;202.48;78;6
202.48;202.58;74;2
202.58;202.68;71;11
202.68;202.98;66;6
202.78;202.88;81;9
202.88;202.98;93;9
202.98;203.08;90;6
202.98;203.08;62;2
203.08;203.18;86;2
203.08;203.28;66;6
203.18;203.28;81;9
203.28;203.88;69;9
203.38;203.48;78;6
203.48;203.58;90;6
203.58;203.68;86;2
203.68;203.78;81;9
203.78;203.88;78;6
203.88;204.58;57;9
204.02;204.14;76;4
204.14;204.24;88;4
204.24;204.34;85;1
204.34;204.44;81;9
204.44;204.58;76;4
204.58;204.88;62;2
204.68;204.78;81;9
204.78;204.88;93;9
204.88;205.01;90;6
204.88;205.01;57;9
205.01;205.12;86;2
205.01;205.22;62;2
205.12;205.22;81;9
205.22;206.62;66;6
205.32;205.42;78;6
205.42;205.52;90;6
205.52;205.78;86;2
205.78;205.88;81;9
205.88;205.98;78;6
206.08;206.18;74;2
206.18;206.28;86;2
206.28;206.42;81;9
206.42;206.52;78;6
206.52;206.62;74;2
206.62;207.32;69;9
206.74;206.84;81;9
206.84;207.02;93;9
207.02;207.12;90;6
207.12;207.22;86;2
207.22;207.32;81;9
207.32;207.62;50;2
207.42;207.52;78;6
207.52;207.62;90;6
207.62;207.72;86;2
207.62;207.72;62;2
207.72;207.82;81;9
207.72;207.92;57;9
207.82;207.92;78;6
207.92;208.12;69;9
208.02;208.12;74;2
208.12;208.22;86;2
208.22;208.32;81;9
208.32;208.42;78;6
208.32;208.52;57;9
208.42;208.52;74;2
208.52;208.82;62;2
208.62;208.72;78;6
208.72;208.82;90;6
208.82;208.92;86;2
208.82;208.92;57;9
208.92;209.02;81;9
208.92;209.12;62;2
209.02;209.12;78;6
209.12;209.72;66;6
209.22;209.32;74;2
209.32;209.42;86;2
209.42;209.52;81;9
209.52;209.62;78;6
209.62;209.72;74;2
209.72;210.42;62;2
209.82;209.92;69;9
209.92;210.02;81;9
210.02;210.22;78;6
210.22;210.32;74;2
210.32;210.42;69;9
210.42;210.78;66;6
210.52;210.68;81;9
210.68;210.78;93;9
210.78;210.88;90;6
210.78;210.88;62;2
210.88;211.1;86;2
210.88;211.2;66;6
211.1;211.2;81;9
211.2;211.8;69;9
211.3;211.4;78;6
211.4;211.5;90;6
211.5;211.6;86;2
211.6;211.7;81;9
211.7;211.8;78;6
211.8;212.4;66;6
211.9;212;74;2
212;212.1;86;2
212.1;212.2;81;9
212.2;212.3;78;6
212.3;212.4;74;2
212.4;212.7;69;9
212.5;212.6;85;1
212.6;212.7;97;1
212.7;212.8;93;9
212.7;212.8;66;6
212.8;212.9;90;6
212.8;213;69;9
212.9;213;85;1
213;213.6;73;1
213.1;213.2;81;9
213.2;213.3;93;9
213.3;213.4;90;6
213.4;213.5;85;1
213.5;213.6;81;9
213.6;214.42;61;1
213.7;213.8;80;8
213.8;213.9;92;8
213.9;214;89;5
214;214.1;85;1
214.1;214.42;80;8
214.42;214.72;66;6
214.52;214.62;78;6
214.62;214.72;90;6
214.72;214.82;85;1
214.72;214.82;61;1
214.82;214.92;82;10
214.82;215.02;66;6
214.92;215.02;78;6
215.02;215.8;70;10
215.12;215.22;73;1
215.22;215.5;85;1
215.5;215.6;82;10
215.6;215.7;78;6
215.7;215.8;73;1
215.8;216.1;54;6
215.9;216;70;10
216;216.1;82;10
216.1;216.2;78;6
216.1;216.2;66;6
216.2;216.3;73;1
216.2;216.42;61;1
216.3;216.42;70;10
216.42;217.02;66;6
216.42;217.02;70;10
216.52;216.62;78;6
216.62;216.72;90;6
216.72;216.82;85;1
216.82;216.92;82;10
216.92;217.02;78;6
217.02;217.32;42;6
217.12;217.22;73;1
217.22;217.32;85;1
217.32;217.42;82;10
217.32;217.42;61;1
217.42;217.52;78;6
217.42;217.62;54;6
217.52;217.62;73;1
217.62;217.82;66;6
217.72;217.82;70;10
217.82;217.92;82;10
217.92;218.02;78;6
218.02;218.12;73;1
218.02;218.26;54;6
218.12;218.26;70;10
218.26;218.56;55;7
218.36;218.46;76;4
218.46;218.56;88;4
218.56;218.66;83;11
218.56;218.66;52;4
218.66;218.76;79;7
218.66;218.92;55;7
218.76;218.92;76;4
218.92;219.9;59;11
219.06;219.16;74;2
219.16;219.26;86;2
219.26;219.38;83;11
219.38;219.54;78;6
219.54;219.7;74;2
219.8;219.9;71;11
219.9;220;83;11
220;220.1;78;6
220.1;220.2;74;2
220.1;220.3;66;6
220.2;220.3;71;11
220.3;220.6;67;7
220.4;220.5;76;4
220.5;220.6;88;4
220.6;220.7;83;11
220.6;220.7;64;4
220.7;220.8;79;7
220.7;220.9;67;7
220.8;220.9;76;4
220.9;221.76;71;11
221;221.1;74;2
221.1;221.2;86;2
221.2;221.3;83;11
221.3;221.4;78;6
221.4;221.55;74;2
221.66;221.76;71;11
221.76;221.86;83;11
221.86;221.96;78;6
221.96;222.06;74;2
221.96;222.22;54;6
221.96;222.22;66;6
222.06;222.22;71;11
222.22;222.52;55;7
222.22;222.52;67;7
222.32;222.42;76;4
222.42;222.52;88;4
222.52;222.62;83;11
222.52;222.62;52;4
222.52;222.62;64;4
222.62;222.74;79;7
222.62;222.84;55;7
222.62;222.84;67;7
222.74;222.84;76;4
222.84;223.46;60;0
222.84;223.46;72;0
222.94;223.04;76;4
223.04;223.14;88;4
223.14;223.24;84;0
223.24;223.34;79;7
223.34;223.46;76;4
223.46;224.06;54;6
223.46;224.06;66;6
223.56;223.66;78;6
223.66;223.76;90;6
223.76;223.86;85;1
223.86;223.96;82;10
223.96;224.06;78;6
224.06;224.42;54;6
224.06;224.42;59;11
224.06;224.42;62;2
224.16;224.31;78;6
224.31;224.42;90;6
224.42;224.56;86;2
224.42;224.56;59;11
224.42;224.56;62;2
224.42;224.56;66;6
224.56;224.74;83;11
224.56;224.88;62;2
224.56;224.88;66;6
224.56;224.88;71;11
224.74;224.88;78;6
224.88;225.74;66;6
224.88;225.74;71;11
224.88;225.74;74;2
224.98;225.12;78;6
225.12;225.22;90;6
225.22;225.32;86;2
225.32;225.42;83;11
225.42;225.52;78;6
225.64;225.74;74;2
225.74;225.84;86;2
225.84;225.94;83;11
225.94;226.04;78;6
225.94;226.14;54;6
226.04;226.14;74;2
226.14;226.44;55;7
226.24;226.34;76;4
226.34;226.44;88;4
226.44;226.54;83;11
226.44;226.54;52;4
226.54;226.64;79;7
226.54;226.74;55;7
226.64;226.74;76;4
226.74;227.62;59;11
226.84;226.94;74;2
226.94;227.04;86;2
227.04;227.22;83;11
227.22;227.32;78;6
227.32;227.42;74;2
227.52;227.62;71;11
227.62;227.72;83;11
227.72;227.82;78;6
227.82;227.92;74;2
227.82;228.02;66;6
227.92;228.02;71;11
228.02;228.32;67;7
228.12;228.22;76;4
228.22;228.32;88;4
228.32;228.42;83;11
228.32;228.42;64;4
228.42;228.52;79;7
228.42;228.62;67;7
228.52;228.62;76;4
228.62;229.58;71;11
228.72;228.82;74;2
228.82;228.92;86;2
228.92;229.02;83;11
229.02;229.12;78;6
229.12;229.22;74;2
229.48;229.58;71;11
229.58;229.71;83;11
229.71;229.82;78;6
229.82;229.92;74;2
229.82;230.02;54;6
229.82;230.02;66;6
229.92;230.02;71;11
230.02;230.32;55;7
230.02;230.32;67;7
230.12;230.22;76;4
230.22;230.32;88;4
230.32;230.42;83;11
230.32;230.42;52;4
230.32;230.42;64;4
230.42;230.52;79;7
230.42;230.62;55;7
230.42;230.62;67;7
230.52;230.62;76;4
230.62;231.22;61;1
230.62;231.22;73;1
230.72;230.82;76;4
230.82;230.92;88;4
230.92;231.02;85;1
231.02;231.12;79;7
231.12;231.22;76;4
231.22;231.8;54;6
231.22;231.8;66;6
231.32;231.42;78;6
231.42;231.52;90;6
231.52;231.6;85;1
231.6;231.7;82;10
231.7;231.8;78;6
231.8;232.26;59;11
231.8;232.26;63;3
231.8;232.26;66;6
231.9;232;78;6
232;232.26;90;6
232.26;232.38;87;3
232.26;232.38;63;3
232.26;232.38;66;6
232.26;232.38;71;11
232.38;232.48;83;11
232.38;232.58;66;6
232.38;232.58;71;11
232.38;232.58;75;3
232.48;232.58;78;6
232.58;233.28;71;11
232.58;233.28;75;3
232.58;233.28;78;6
232.68;232.78;75;3
232.78;232.88;87;3
232.88;232.98;83;11
232.98;233.18;78;6
233.18;233.28;75;3
233.28;233.72;47;11
233.38;233.52;71;11
233.52;233.72;83;11
233.72;233.82;78;6
233.72;233.82;59;11
233.82;233.92;75;3
233.82;234.02;54;6
233.92;234.02;71;11
234.02;234.32;59;11
234.02;234.32;63;3
234.02;234.32;66;6
234.12;234.22;78;6
234.22;234.32;90;6
234.32;234.42;87;3
234.32;234.42;63;3
234.32;234.42;66;6
234.32;234.42;71;11
234.42;234.52;83;11
234.42;234.62;66;6
234.42;234.62;71;11
234.42;234.62;75;3
234.52;234.62;78;6
234.62;235.22;71;11
234.62;235.22;75;3
234.62;235.22;78;6
234.72;234.82;75;3
234.82;234.92;87;3
234.92;235.02;83;11
235.02;235.12;78;6
235.12;235.22;75;3
235.22;235.52;47;11
235.32;235.42;71;11
235.42;235.52;83;11
235.52;235.62;78;6
235.52;235.62;59;11
235.62;235.72;75;3
235.62;236.04;54;6
235.72;236.04;71;11
236.04;236.34;59;11
236.04;236.34;63;3
236.04;236.34;66;6
236.14;236.24;78;6
236.24;236.34;90;6
236.34;236.44;87;3
236.34;236.44;63;3
236.34;236.44;66;6
236.34;236.44;71;11
236.44;236.6;83;11
236.44;236.76;66;6
236.44;236.76;71;11
236.44;236.76;75;3
236.6;236.76;78;6
236.76;237.36;71;11
236.76;237.36;75;3
236.76;237.36;78;6
236.86;236.96;75;3
236.96;237.06;87;3
237.06;237.16;83;11
237.16;237.26;78;6
237.26;237.36;75;3
237.36;237.66;47;11
237.46;237.56;71;11
237.56;237.66;83;11
237.66;237.76;78;6
237.66;237.76;59;11
237.76;237.86;75;3
237.76;237.96;54;6
237.86;237.96;71;11
237.96;238.8;59;11
237.96;238.8;63;3
237.96;238.8;66;6
238.06;238.16;78;6
238.16;238.28;90;6
238.28;238.6;87;3
238.6;238.7;83;11
238.7;238.8;78;6
238.8;239.1;47;11
238.9;239;75;3
239;239.1;87;3
239.1;239.2;83;11
239.1;239.2;59;11
239.2;239.3;78;6
239.2;239.4;54;6
239.3;239.4;75;3
239.4;239.6;54;6
239.5;239.6;71;11
239.6;239.7;83;11
239.7;239.8;78;6
239.8;239.9;75;3
239.8;240;30;6
239.8;240;42;6
239.9;240;71;11
240;240.3;35;11
240;240.3;47;11
240.1;240.2;75;3
240.2;240.3;87;3
240.3;240.6;83;11
240.3;240.6;30;6
240.3;240.6;42;6
240.6;240.72;78;6
240.6;240.82;35;11
240.6;240.82;47;11
240.72;240.82;75;3
240.82;241.42;39;3
240.82;241.42;51;3
240.92;241.02;71;11
241.02;241.12;83;11
241.12;241.22;78;6
241.22;241.32;75;3
241.32;241.42;71;11
241.42;242.02;35;11
241.42;242.02;47;11
241.52;241.62;66;6
241.62;241.72;78;6
241.72;241.82;75;3
241.82;241.92;71;11
241.92;242.02;66;6
242.02;242.32;39;3
242.02;242.32;51;3
242.12;242.22;78;6
242.22;242.32;90;6
242.32;242.42;87;3
242.32;242.42;35;11
242.32;242.42;47;11
242.42;242.55;83;11
242.42;242.7;39;3
242.42;242.7;51;3
242.55;242.7;78;6
242.7;243.34;42;6
242.7;243.34;54;6
242.8;242.9;75;3
242.9;243;87;3
243;243.13;83;11
243.13;243.24;78;6
243.24;243.34;75;3
243.34;244.1;39;3
243.34;244.1;51;3
243.5;243.6;71;11
243.6;243.7;83;11
243.7;243.88;78;6
243.88;243.98;75;3
243.98;244.1;71;11
244.1;244.4;42;6
244.1;244.4;54;6
244.2;244.3;82;10
244.3;244.4;94;10
244.4;244.5;90;6
244.4;244.5;39;3
244.4;244.5;51;3
244.5;244.6;87;3
244.5;244.7;42;6
244.5;244.7;54;6
244.6;244.7;82;10
244.7;245.3;46;10
244.7;245.3;58;10
244.8;244.9;78;6
244.9;245;90;6
245;245.1;87;3
245.1;245.2;82;10
245.2;245.3;78;6
245.3;246.02;34;10
245.3;246.02;46;10
245.44;245.56;77;5
245.56;245.66;89;5
245.66;245.76;86;2
245.76;245.86;82;10
245.86;246.02;77;5
246.02;246.34;39;3
246.02;246.34;51;3
246.12;246.22;78;6
246.22;246.34;90;6
246.34;246.48;87;3
246.34;246.48;34;10
246.34;246.48;46;10
246.48;246.58;82;10
246.48;246.68;39;3
246.48;246.68;51;3
246.58;246.68;78;6
246.68;247.6;42;6
246.68;247.6;54;6
246.78;246.88;75;3
246.88;246.98;87;3
246.98;247.08;82;10
247.08;247.18;78;6
247.18;247.28;75;3
247.38;247.6;70;10
247.6;247.74;82;10
247.74;247.84;78;6
247.84;247.94;75;3
247.84;248.12;34;10
247.84;248.12;46;10
247.94;248.12;70;10
248.12;248.42;39;3
248.12;248.42;51;3
248.22;248.32;78;6
248.32;248.42;90;6
248.42;248.68;87;3
248.42;248.68;34;10
248.42;248.68;46;10
248.68;248.82;82;10
248.68;248.92;39;3
248.68;248.92;51;3
248.82;248.92;78;6
248.92;249.52;42;6
248.92;249.52;54;6
249.02;249.12;75;3
249.12;249.22;87;3
249.22;249.32;82;10
249.32;249.42;78;6
249.42;249.52;75;3
249.52;250.14;39;3
249.52;250.14;51;3
249.64;249.74;70;10
249.74;249.84;82;10
249.84;249.94;78;6
249.94;250.04;75;3
250.04;250.14;70;10
250.14;250.44;42;6
250.14;250.44;54;6
250.24;250.34;82;10
250.34;250.44;94;10
250.44;250.54;90;6
250.44;250.54;39;3
250.44;250.54;51;3
250.54;250.64;87;3
250.54;250.74;42;6
250.54;250.74;54;6
250.64;250.74;82;10
250.74;251.52;46;10
250.74;251.52;58;10
250.84;250.94;78;6
250.94;251.04;90;6
251.04;251.14;87;3
251.14;251.39;82;10
251.39;251.52;78;6
251.52;252.12;42;6
251.52;252.12;54;6
251.62;251.72;75;3
251.72;251.82;87;3
251.82;251.92;82;10
251.92;252.02;78;6
252.02;252.12;75;3
252.12;252.6;46;10
252.12;252.6;58;10
252.22;252.32;85;1
252.32;252.6;97;1
252.6;252.7;94;10
252.6;252.7;42;6
252.6;252.7;54;6
252.7;252.8;90;6
252.7;252.9;46;10
252.7;252.9;58;10
252.8;252.9;85;1
252.9;253.5;49;1
252.9;253.5;61;1
253;253.1;82;10
253.1;253.2;94;10
253.2;253.3;90;6
253.3;253.4;85;1
253.4;253.5;82;10
253.5;254.1;37;1
253.5;254.1;49;1
253.6;253.7;80;8
253.7;253.8;92;8
253.8;253.9;89;5
253.9;254;85;1
254;254.1;80;8
254.1;254.4;42;6
254.1;254.4;54;6
254.2;254.3;82;10
254.3;254.4;94;10
254.4;254.5;90;6
254.4;254.5;37;1
254.4;254.5;49;1
254.5;254.6;85;1
254.5;254.7;42;6
254.5;254.7;54;6
254.6;254.7;82;10
254.7;255.64;46;10
254.7;255.64;58;10
254.8;254.9;78;6
254.9;255;90;6
255;255.1;85;1
255.1;255.2;82;10
255.2;255.44;78;6
255.54;255.64;78;6
255.64;255.74;90;6
255.74;256.01;85;1
256.01;256.16;82;10
256.01;256.26;30;6
256.01;256.26;42;6
256.16;256.26;78;6
256.26;256.72;32;8
256.26;256.72;44;8
256.36;256.46;76;4
256.46;256.72;88;4
256.72;256.82;83;11
256.72;256.82;28;4
256.72;256.82;40;4
256.82;256.96;80;8
256.82;257.06;32;8
256.82;257.06;44;8
256.96;257.06;76;4
257.06;257.9;35;11
257.06;257.9;47;11
257.16;257.26;75;3
257.26;257.36;87;3
257.36;257.46;83;11
257.46;257.56;78;6
257.56;257.7;75;3
257.8;257.9;71;11
257.9;258.02;83;11
258.02;258.14;78;6
258.14;258.24;75;3
258.14;258.34;42;6
258.14;258.34;54;6
258.24;258.34;71;11
258.34;258.64;44;8
258.34;258.64;56;8
258.44;258.54;76;4
258.54;258.64;88;4
258.64;258.74;83;11
258.64;258.74;40;4
258.64;258.74;52;4
258.74;258.84;80;8
258.74;258.94;44;8
258.74;258.94;56;8
258.84;258.94;76;4
258.94;259.78;47;11
258.94;259.78;59;11
259.04;259.14;75;3
259.14;259.24;87;3
259.24;259.34;83;11
259.34;259.44;78;6
259.44;259.54;75;3
259.68;259.78;71;11
259.78;259.88;83;11
259.88;260.09;78;6
260.09;260.22;75;3
260.09;260.32;30;6
260.09;260.32;42;6
260.22;260.32;71;11
260.32;260.62;32;8
260.32;260.62;44;8
260.42;260.52;76;4
260.52;260.62;88;4
260.62;260.88;83;11
260.62;260.88;28;4
260.62;260.88;40;4
260.88;260.98;80;8
260.88;261.08;32;8
260.88;261.08;44;8
260.98;261.08;76;4
261.08;261.7;37;1
261.08;261.7;49;1
261.18;261.28;76;4
261.28;261.38;88;4
261.38;261.48;85;1
261.48;261.58;80;8
261.58;261.7;76;4
261.7;262.38;30;6
261.7;262.38;42;6
261.84;261.94;78;6
261.94;262.04;90;6
262.04;262.14;85;1
262.14;262.28;82;10
262.28;262.38;78;6
262.38;262.68;35;11
262.38;262.68;47;11
262.48;262.58;78;6
262.58;262.68;90;6
262.68;262.78;87;3
262.68;262.78;30;6
262.68;262.78;42;6
262.78;262.88;83;11
262.78;262.98;35;11
262.78;262.98;47;11
262.88;262.98;78;6
262.98;263.86;39;3
262.98;263.86;51;3
263.08;263.24;75;3
263.24;263.34;87;3
263.34;263.44;83;11
263.44;263.54;78;6
263.54;263.64;75;3
263.74;263.86;71;11
263.86;264.06;83;11
264.06;264.24;78;6
264.24;264.34;75;3
264.24;264.44;30;6
264.24;264.44;42;6
264.34;264.44;71;11
264.44;264.74;32;8
264.44;264.74;44;8
264.54;264.64;76;4
264.64;264.74;88;4
264.74;264.84;83;11
264.74;264.84;28;4
264.74;264.84;40;4
264.84;265;80;8
264.84;265.1;32;8
264.84;265.1;44;8
265;265.1;76;4
265.1;265.98;35;11
265.1;265.98;47;11
265.2;265.3;75;3
265.3;265.42;87;3
265.42;265.58;83;11
265.58;265.68;78;6
265.68;265.78;75;3
265.88;265.98;71;11
265.98;266.08;83;11
266.08;266.18;78;6
266.18;266.28;75;3
266.18;266.38;42;6
266.18;266.38;54;6
266.28;266.38;71;11
266.38;266.68;44;8
266.38;266.68;56;8
266.48;266.58;76;4
266.58;266.68;88;4
266.68;267.12;83;11
266.68;267.12;40;4
266.68;267.12;52;4
267.12;267.22;80;8
267.12;267.32;44;8
267.12;267.32;56;8
267.22;267.32;76;4
267.32;268.14;47;11
267.32;268.14;59;11
267.42;267.52;75;3
267.52;267.62;87;3
267.62;267.72;83;11
267.72;267.84;78;6
267.84;267.94;75;3
268.04;268.14;71;11
268.14;268.24;83;11
268.24;268.34;78;6
268.34;268.44;75;3
268.34;268.54;30;6
268.34;268.54;42;6
268.44;268.54;71;11
268.54;268.84;32;8
268.54;268.84;44;8
268.64;268.74;76;4
268.74;268.84;88;4
268.84;268.96;83;11
268.84;268.96;28;4
268.84;268.96;40;4
268.96;269.19;80;8
268.96;269.3;32;8
268.96;269.3;44;8
269.19;269.3;76;4
269.3;269.98;37;1
269.3;269.98;49;1
269.46;269.56;76;4
269.56;269.66;88;4
269.66;269.76;85;1
269.76;269.86;80;8
269.86;269.98;76;4
269.98;270.58;30;6
269.98;270.58;42;6
270.08;270.18;78;6
270.18;270.28;90;6
270.28;270.38;85;1
270.38;270.48;82;10
270.48;270.58;78;6
270.58;270.88;35;11
270.58;270.88;47;11
270.68;270.78;71;11
270.78;270.88;83;11
270.88;271.11;78;6
270.88;271.11;30;6
270.88;271.11;42;6
271.11;271.22;75;3
271.11;271.32;35;11
271.11;271.32;47;11
271.22;271.32;71;11
271.32;271.62;39;3
271.32;271.62;51;3
271.42;271.52;75;3
271.52;271.62;87;3
271.62;271.72;83;11
271.62;271.72;35;11
271.62;271.72;47;11
271.72;271.82;78;6
271.72;271.92;39;3
271.72;271.92;51;3
271.82;271.92;75;3
271.92;272.22;42;6
271.92;272.22;54;6
272.02;272.12;78;6
272.12;272.22;90;6
272.22;272.32;87;3
272.22;272.32;39;3
272.22;272.32;51;3
272.32;272.42;83;11
272.32;272.52;42;6
272.32;272.52;54;6
272.42;272.52;78;6
272.52;272.72;83;11
272.52;272.72;87;3
272.52;272.72;95;11
272.52;273.12;47;11
272.52;273.12;55;7
272.52;273.12;59;11
272.72;273.02;75;3
273.02;274.12;67;7
273.12;274.12;71;11
273.12;273.42;51;3
273.42;273.52;47;11
273.52;273.72;51;3
273.72;274.12;55;7
274.12;274.54;71;11
274.12;274.54;75;3
274.12;274.54;79;7
274.12;274.64;43;7
274.12;274.64;55;7
274.54;274.64;71;11
274.54;274.64;75;3
274.54;274.64;79;7
274.64;274.84;71;11
274.64;274.84;75;3
274.64;274.84;79;7
274.64;275.24;47;11
274.64;275.24;59;11
274.84;275.14;75;3
275.14;276.4;67;7
275.24;276.4;71;11
275.24;275.54;51;3
275.54;275.64;47;11
275.64;275.84;51;3
275.84;276.4;55;7
276.4;276.5;71;11
276.4;276.5;75;3
276.4;276.5;79;7
276.4;276.62;43;7
276.4;276.62;55;7
276.5;276.62;71;11
276.5;276.62;75;3
276.5;276.62;79;7
276.62;276.88;71;11
276.62;276.88;76;4
276.62;276.88;80;8
276.62;278.3;40;4
276.62;278.3;52;4
276.88;276.98;76;4
276.88;276.98;84;0
276.98;277.1;80;8
276.98;277.1;83;11
277.1;277.2;76;4
277.1;277.2;84;0
277.2;277.3;80;8
277.2;277.3;83;11
277.3;277.4;76;4
277.3;277.4;84;0
277.4;277.5;80;8
277.4;277.5;83;11
277.5;277.6;76;4
277.5;277.6;84;0
277.6;277.7;80;8
277.6;277.7;83;11
277.7;277.8;76;4
277.7;277.8;84;0
277.8;277.9;80;8
277.8;277.9;83;11
277.9;278;76;4
277.9;278;84;0
278;278.1;80;8
278;278.1;83;11
278.1;278.2;76;4
278.1;278.2;84;0
278.2;278.3;80;8
278.2;278.3;83;11
278.3;278.4;76;4
278.3;278.4;84;0
278.3;278.5;40;4
278.3;278.5;52;4
278.4;278.5;80;8
278.4;278.5;83;11
278.5;278.72;76;4
278.5;278.72;79;7
278.5;278.72;84;0
278.5;278.6;40;4
278.62;278.7;52;4
278.72;278.94;75;3
278.72;278.94;78;6
278.72;278.94;83;11
278.72;278.8;40;4
278.84;278.92;52;4
278.94;279.14;74;2
278.94;279.14;77;5
278.94;279.14;82;10
278.94;279.02;40;4
279.04;279.12;52;4
279.14;279.6;73;1
279.14;279.6;76;4
279.14;279.6;81;9
279.14;279.39;40;4
279.44;279.57;52;4
279.6;279.8;72;0
279.6;279.8;75;3
279.6;279.8;80;8
279.6;279.68;40;4
279.7;279.78;52;4
279.8;280;71;11
279.8;280;74;2
279.8;280;79;7
279.8;279.88;40;4
279.9;279.98;52;4
280;280.2;70;10
280;280.2;73;1
280;280.2;78;6
280;280.2;40;4
280.2;280.4;69;9
280.2;280.4;72;0
280.2;280.4;77;5
280.4;280.6;68;8
280.4;280.6;71;11
280.4;280.6;76;4
280.4;280.6;40;4
280.4;280.6;52;4
280.6;280.94;69;9
280.6;280.94;72;0
280.6;280.94;77;5
280.6;281.5;45;9
280.6;281.5;57;9
280.94;281.4;72;0
281.4;281.5;69;9
281.5;282.5;67;7
281.5;282.5;72;0
281.5;282.5;76;4
281.5;281.8;48;0
281.5;281.8;60;0
281.8;281.9;43;7
281.9;282.1;48;0
282.1;282.5;52;4
282.5;282.6;67;7
282.5;282.6;72;0
282.5;282.6;76;4
282.5;282.7;40;4
282.5;282.7;52;4
282.6;282.7;67;7
282.6;282.7;72;0
282.6;282.7;76;4
282.7;282.9;65;5
282.7;282.9;72;0
282.7;282.9;77;5
282.7;283.36;45;9
282.7;283.36;57;9
282.9;283.2;72;0
283.2;283.36;69;9
283.36;284.41;67;7
283.36;284.41;72;0
283.36;284.41;76;4
283.36;283.66;48;0
283.36;283.66;60;0
283.66;283.76;43;7
283.76;283.96;48;0
283.96;284.41;52;4
284.41;284.62;67;7
284.41;284.62;72;0
284.41;284.72;40;4
284.41;284.72;52;4
284.62;284.72;67;7
284.62;284.72;72;0
284.72;284.92;66;6
284.72;284.92;70;10
284.72;284.92;73;1
284.72;284.92;78;6
284.72;286.54;42;6
284.72;286.54;54;6
284.92;285.06;78;6
284.92;285.06;86;2
285.06;285.18;82;10
285.06;285.18;85;1
285.18;285.28;78;6
285.18;285.28;86;2
285.28;285.4;82;10
285.28;285.4;85;1
285.4;285.5;78;6
285.4;285.5;86;2
285.5;285.62;82;10
285.5;285.62;85;1
285.62;285.72;78;6
285.62;285.72;86;2
285.72;285.82;82;10
285.72;285.82;85;1
285.82;285.92;78;6
285.82;285.92;86;2
285.92;286.02;82;10
285.92;286.02;85;1
286.02;286.12;78;6
286.02;286.12;86;2
286.12;286.22;82;10
286.12;286.22;85;1
286.22;286.37;78;6
286.22;286.37;86;2
286.37;286.54;82;10
286.37;286.54;85;1
286.54;286.64;78;6
286.54;286.64;86;2
286.54;286.74;42;6
286.54;286.74;54;6
286.64;286.74;82;10
286.64;286.74;85;1
286.74;286.94;78;6
286.74;286.94;81;9
286.74;286.94;86;2
286.74;286.82;30;6
286.84;286.92;42;6
286.94;287.14;77;5
286.94;287.14;80;8
286.94;287.14;85;1
286.94;287.02;30;6
287.04;287.12;42;6
287.14;287.34;76;4
287.14;287.34;79;7
287.14;287.34;84;0
287.14;287.22;30;6
287.24;287.32;42;6
287.34;287.56;75;3
287.34;287.56;78;6
287.34;287.56;83;11
287.34;287.42;30;6
287.46;287.54;42;6
287.56;287.76;74;2
287.56;287.76;77;5
287.56;287.76;82;10
287.56;287.64;30;6
287.66;287.74;42;6
287.76;287.96;73;1
287.76;287.96;76;4
287.76;287.96;81;9
287.76;287.84;30;6
287.86;287.94;42;6
287.96;288.16;72;0
287.96;288.16;75;3
287.96;288.16;80;8
287.96;288.16;30;6
288.16;288.38;71;11
288.16;288.38;74;2
288.16;288.38;79;7
288.38;288.64;70;10
288.38;288.64;73;1
288.38;288.64;78;6
288.38;288.64;42;6
288.38;288.64;54;6
288.64;288.84;71;11
288.64;288.84;75;3
288.64;288.84;79;7
288.64;289.24;47;11
288.64;289.24;59;11
288.84;289.14;75;3
289.14;289.24;67;7
289.24;290.2;71;11
289.24;289.7;51;3
289.24;289.7;63;3
289.7;289.8;47;11
289.7;289.8;59;11
289.8;290;51;3
289.8;290;63;3
290;290.2;75;3
290;290.2;83;11
290;290.4;55;7
290;290.4;67;7
290.4;290.64;71;11
290.4;290.64;75;3
290.4;290.64;79;7
290.4;290.8;43;7
290.4;290.8;55;7
290.64;290.8;71;11
290.64;290.8;75;3
290.64;290.8;79;7
290.8;291;71;11
290.8;291;75;3
290.8;291;79;7
290.8;291.56;47;11
290.8;291.56;59;11
291;291.3;75;3
291.3;291.56;67;7
291.56;292.38;71;11
291.56;291.88;51;3
291.56;291.88;63;3
291.88;291.98;47;11
291.88;291.98;59;11
291.98;292.18;51;3
291.98;292.18;63;3
292.18;292.38;75;3
292.18;292.38;83;11
292.18;292.58;55;7
292.18;292.58;67;7
292.58;292.7;71;11
292.58;292.7;75;3
292.58;292.7;79;7
292.58;292.85;43;7
292.58;292.85;55;7
292.7;292.85;71;11
292.7;292.85;75;3
292.7;292.85;79;7
292.85;293.06;72;0
292.85;293.06;76;4
292.85;293.06;79;7
292.85;293.56;48;0
292.85;293.56;60;0
293.06;293.44;76;4
293.44;293.56;67;7
293.56;294.38;72;0
293.56;293.88;52;4
293.56;293.88;64;4
293.88;293.98;48;0
293.88;293.98;60;0
293.98;294.18;52;4
293.98;294.18;64;4
294.18;294.38;76;4
294.18;294.38;84;0
294.18;294.58;55;7
294.18;294.58;67;7
294.58;294.68;72;0
294.58;294.68;76;4
294.58;294.68;79;7
294.58;294.78;43;7
294.58;294.78;55;7
294.68;294.78;72;0
294.68;294.78;76;4
294.68;294.78;79;7
294.78;294.98;72;0
294.78;294.98;76;4
294.78;294.98;79;7
294.78;295.48;48;0
294.78;295.48;60;0
294.98;295.38;76;4
295.38;295.48;67;7
295.48;296.42;72;0
295.48;295.9;52;4
295.48;295.9;64;4
295.9;296.02;48;0
295.9;296.02;60;0
296.02;296.22;52;4
296.02;296.22;64;4
296.22;296.42;76;4
296.22;296.42;84;0
296.22;296.62;55;7
296.22;296.62;67;7
296.62;296.72;72;0
296.62;296.72;76;4
296.62;296.72;79;7
296.62;296.82;43;7
296.62;296.82;55;7
296.72;296.82;72;0
296.72;296.82;76;4
296.72;296.82;79;7
296.82;297.08;73;1
296.82;297.08;76;4
296.82;297.08;82;10
296.82;297.08;42;6
296.82;297.08;54;6
297.08;297.18;79;7
297.08;297.18;54;6
297.08;297.18;58;10
297.08;297.18;61;1
297.18;297.28;78;6
297.18;297.28;64;4
297.28;297.38;79;7
297.28;297.38;54;6
297.28;297.38;58;10
297.28;297.38;61;1
297.38;297.48;78;6
297.38;297.48;64;4
297.48;297.58;79;7
297.48;297.58;54;6
297.48;297.58;58;10
297.48;297.58;61;1
297.58;297.68;78;6
297.58;297.68;64;4
297.68;297.78;79;7
297.68;297.78;54;6
297.68;297.78;58;10
297.68;297.78;61;1
297.78;297.88;78;6
297.78;297.88;64;4
297.88;297.98;79;7
297.88;297.98;54;6
297.88;297.98;58;10
297.88;297.98;61;1
297.98;298.08;78;6
297.98;298.08;64;4
298.08;298.18;79;7
298.08;298.18;54;6
298.08;298.18;58;10
298.08;298.18;61;1
298.18;298.28;78;6
298.18;298.28;64;4
298.28;298.38;79;7
298.28;298.38;54;6
298.28;298.38;58;10
298.28;298.38;61;1
298.38;298.48;78;6
298.38;298.48;64;4
298.48;298.82;79;7
298.48;298.82;54;6
298.48;298.82;58;10
298.48;298.82;61;1
298.82;299.02;78;6
298.82;299.02;64;4
299.02;299.12;91;7
299.02;299.12;54;6
299.02;299.12;58;10
299.02;299.12;61;1
299.12;299.24;90;6
299.12;299.24;64;4
299.24;299.34;91;7
299.24;299.34;54;6
299.24;299.34;58;10
299.24;299.34;61;1
299.34;299.46;90;6
299.34;299.46;64;4
299.46;299.56;91;7
299.46;299.56;54;6
299.46;299.56;58;10
299.46;299.56;61;1
299.56;299.66;90;6
299.56;299.66;64;4
299.66;299.76;91;7
299.66;299.76;54;6
299.66;299.76;58;10
299.66;299.76;61;1
299.76;299.86;90;6
299.76;299.86;64;4
299.86;299.96;91;7
299.86;299.96;54;6
299.86;299.96;58;10
299.86;299.96;61;1
299.96;300.06;90;6
299.96;300.06;64;4
300.06;300.16;91;7
300.06;300.16;54;6
300.06;300.16;58;10
300.06;300.16;61;1
300.16;300.26;90;6
300.16;300.26;64;4
300.26;300.36;91;7
300.26;300.36;54;6
300.26;300.36;58;10
300.26;300.36;61;1
300.36;300.46;90;6
300.36;300.46;64;4
300.46;300.6;91;7
300.46;300.6;54;6
300.46;300.6;58;10
300.46;300.6;61;1
300.6;300.74;90;6
300.6;300.74;64;4
300.74;300.84;91;7
300.74;300.84;54;6
300.74;300.84;58;10
300.74;300.84;61;1
300.84;300.94;90;6
300.84;300.94;64;4
300.94;301.98;83;11
300.94;301.98;87;3
300.94;301.98;90;6
300.94;301.98;95;11
300.94;301.1;35;11
301.1;301.24;47;11
301.24;301.36;35;11
301.36;301.48;47;11
301.48;301.62;35;11
301.62;301.78;47;11
301.78;301.88;35;11
301.88;301.98;47;11
301.98;302.18;85;1
301.98;302.18;94;10
301.98;302.08;35;11
302.08;302.18;47;11
302.18;302.4;83;11
302.18;302.4;92;8
302.18;302.28;35;11
302.28;302.4;47;11
302.4;302.62;82;10
302.4;302.62;90;6
302.4;302.52;35;11
302.52;302.62;47;11
302.62;302.82;80;8
302.62;302.82;88;4
302.62;302.72;35;11
302.72;302.82;47;11
302.82;303.06;78;6
302.82;303.06;87;3
302.82;302.94;35;11
302.94;303.06;47;11
303.06;303.26;76;4
303.06;303.26;85;1
303.06;303.16;35;11
303.16;303.26;47;11
303.26;303.46;75;3
303.26;303.46;83;11
303.26;303.36;35;11
303.36;303.46;47;11
303.46;303.66;73;1
303.46;303.66;82;10
303.46;303.56;35;11
303.56;303.66;47;11
303.66;303.86;71;11
303.66;303.86;80;8
303.66;303.76;35;11
303.76;303.86;47;11
303.86;304.24;70;10
303.86;304.24;78;6
303.86;304.12;35;11
304.12;304.24;47;11
304.24;304.44;68;8
304.24;304.44;76;4
304.24;304.34;35;11
304.34;304.44;47;11
304.44;304.64;66;6
304.44;304.64;75;3
304.44;304.54;35;11
304.54;304.64;47;11
304.64;304.84;64;4
304.64;304.84;73;1
304.64;304.74;35;11
304.74;304.84;47;11
304.84;305.04;63;3
304.84;305.04;71;11
304.84;304.94;35;11
304.94;305.04;47;11
305.04;305.98;71;11
305.04;305.98;75;3
305.04;305.98;78;6
305.04;305.98;83;11
305.04;305.14;47;11
305.14;305.24;59;11
305.24;305.36;47;11
305.36;305.58;59;11
305.58;305.68;47;11
305.68;305.78;59;11
305.78;305.88;47;11
305.88;305.98;59;11
305.98;306.18;73;1
305.98;306.18;82;10
305.98;306.08;47;11
306.08;306.18;59;11
306.18;306.38;71;11
306.18;306.38;80;8
306.18;306.28;47;11
306.28;306.38;59;11
306.38;306.64;70;10
306.38;306.64;78;6
306.38;306.48;47;11
306.48;306.64;59;11
306.64;306.84;68;8
306.64;306.84;76;4
306.64;306.74;47;11
306.74;306.84;59;11
306.84;307.14;66;6
306.84;307.14;75;3
306.84;306.94;47;11
306.94;307.14;59;11
307.14;307.26;64;4
307.14;307.26;73;1
307.14;307.26;47;11
307.26;307.43;71;11
307.26;307.43;63;3
307.43;307.63;70;10
307.43;307.63;61;1
307.63;307.83;68;8
307.63;307.83;59;11
307.83;308.03;66;6
307.83;308.03;58;10
308.03;308.23;64;4
308.03;308.23;56;8
308.23;308.43;63;3
308.23;308.43;54;6
308.43;308.63;61;1
308.43;308.63;52;4
308.63;308.83;59;11
308.63;308.83;51;3
308.83;309.97;79;7
308.83;309.97;83;11
308.83;309.97;86;2
308.83;309.97;91;7
308.83;308.93;31;7
308.93;309.03;43;7
309.03;309.13;31;7
309.13;309.23;43;7
309.23;309.33;31;7
309.33;309.58;43;7
309.58;309.87;31;7
309.87;309.97;43;7
309.97;310.17;81;9
309.97;310.17;90;6
309.97;310.07;31;7
310.07;310.17;43;7
310.17;310.39;79;7
310.17;310.39;88;4
310.17;310.27;31;7
310.27;310.39;43;7
310.39;310.61;78;6
310.39;310.61;86;2
310.39;310.49;31;7
310.49;310.61;43;7
310.61;310.81;76;4
310.61;310.81;84;0
310.61;310.71;31;7
310.71;310.81;43;7
310.81;311.01;74;2
310.81;311.01;83;11
310.81;310.91;31;7
310.91;311.01;43;7
311.01;311.21;72;0
311.01;311.21;81;9
311.01;311.11;31;7
311.11;311.21;43;7
311.21;311.41;71;11
311.21;311.41;79;7
311.21;311.31;31;7
311.31;311.41;43;7
311.41;311.61;69;9
311.41;311.61;78;6
311.41;311.51;31;7
311.51;311.61;43;7
311.61;311.81;67;7
311.61;311.81;76;4
311.61;311.71;31;7
311.71;311.81;43;7
311.81;312.01;66;6
311.81;312.01;74;2
311.81;311.91;31;7
311.91;312.01;43;7
312.01;312.21;64;4
312.01;312.21;72;0
312.01;312.11;31;7
312.11;312.21;43;7
312.21;312.41;62;2
312.21;312.41;71;11
312.21;312.31;31;7
312.31;312.41;43;7
312.41;312.59;60;0
312.41;312.59;69;9
312.41;312.5;31;7
312.5;312.59;43;7
312.59;312.79;59;11
312.59;312.79;67;7
312.59;312.69;31;7
312.69;312.79;43;7
312.79;313.59;67;7
312.79;313.59;71;11
312.79;313.59;74;2
312.79;313.59;79;7
312.79;312.89;43;7
312.89;312.99;55;7
312.99;313.09;43;7
313.09;313.19;55;7
313.19;313.29;43;7
313.29;313.39;55;7
313.39;313.49;43;7
313.49;313.59;55;7
313.59;313.79;69;9
313.59;313.79;78;6
313.59;313.69;43;7
313.69;313.79;55;7
313.79;313.99;67;7
313.79;313.99;76;4
313.79;313.89;43;7
313.89;313.99;55;7
313.99;314.19;66;6
313.99;314.19;74;2
313.99;314.09;43;7
314.09;314.19;55;7
314.19;314.65;64;4
314.19;314.65;72;0
314.19;314.55;43;7
314.55;314.65;55;7
314.65;314.85;62;2
314.65;314.85;71;11
314.65;314.75;43;7
314.75;314.85;55;7
314.85;315.05;60;0
314.85;315.05;69;9
314.85;315.05;43;7
315.05;315.25;67;7
315.05;315.25;59;11
315.25;315.45;66;6
315.25;315.45;57;9
315.45;315.65;64;4
315.45;315.65;55;7
315.65;315.85;62;2
315.65;315.85;54;6
315.85;316.05;60;0
315.85;316.05;52;4
316.05;316.25;59;11
316.05;316.25;50;2
316.25;316.42;57;9
316.25;316.42;48;0
316.42;316.66;55;7
316.42;316.66;47;11
316.66;316.79;64;4
316.66;316.79;72;0
316.66;316.79;40;4
316.79;316.91;68;8
316.79;316.91;71;11
316.79;316.91;52;4
316.91;317.01;64;4
316.91;317.01;72;0
316.91;317.01;40;4
317.01;317.11;68;8
317.01;317.11;71;11
317.01;317.11;52;4
317.11;317.23;64;4
317.11;317.23;72;0
317.11;317.23;40;4
317.23;317.33;68;8
317.23;317.33;71;11
317.23;317.33;52;4
317.33;317.43;64;4
317.33;317.43;72;0
317.33;317.43;40;4
317.43;317.53;68;8
317.43;317.53;71;11
317.43;317.53;52;4
317.53;317.63;64;4
317.53;317.63;72;0
317.53;317.63;40;4
317.63;317.73;68;8
317.63;317.73;71;11
317.63;317.73;52;4
317.73;317.83;64;4
317.73;317.83;72;0
317.73;317.83;40;4
317.83;317.93;68;8
317.83;317.93;71;11
317.83;317.93;52;4
317.93;318.03;64;4
317.93;318.03;72;0
317.93;318.03;40;4
318.03;318.13;68;8
318.03;318.13;71;11
318.03;318.13;52;4
318.13;318.23;64;4
318.13;318.23;72;0
318.13;318.23;40;4
318.23;318.33;68;8
318.23;318.33;71;11
318.23;318.33;52;4
318.33;318.43;64;4
318.33;318.43;72;0
318.33;318.43;40;4
318.43;318.53;68;8
318.43;318.53;71;11
318.43;318.53;52;4
318.53;318.63;76;4
318.53;318.63;84;0
318.53;318.63;40;4
318.63;318.73;80;8
318.63;318.73;83;11
318.63;318.73;52;4
318.73;318.83;76;4
318.73;318.83;84;0
318.73;318.83;40;4
318.83;318.93;80;8
318.83;318.93;83;11
318.83;318.93;52;4
318.93;319.03;76;4
318.93;319.03;84;0
318.93;319.03;40;4
319.03;319.13;80;8
319.03;319.13;83;11
319.03;319.13;52;4
319.13;319.23;76;4
319.13;319.23;84;0
319.13;319.23;40;4
319.23;319.33;80;8
319.23;319.33;83;11
319.23;319.33;52;4
319.33;319.43;76;4
319.33;319.43;84;0
319.33;319.43;40;4
319.43;319.57;80;8
319.43;319.57;83;11
319.43;319.57;52;4
319.57;319.73;76;4
319.57;319.73;84;0
319.57;319.73;40;4
319.73;319.85;80;8
319.73;319.85;83;11
319.73;319.85;52;4
319.85;319.95;76;4
319.85;319.95;84;0
319.85;319.95;40;4
319.95;320.05;80;8
319.95;320.05;83;11
319.95;320.05;52;4
320.05;320.15;76;4
320.05;320.15;84;0
320.05;320.15;40;4
320.15;320.35;80;8
320.15;320.35;83;11
320.15;320.35;52;4
320.35;320.45;76;4
320.35;320.45;84;0
320.35;320.45;40;4
320.45;320.63;80;8
320.45;320.63;83;11
320.45;320.63;52;4
320.63;320.83;88;4
320.63;320.83;96;0
320.63;324.27;36;0
320.63;324.27;48;0
320.83;321.03;87;3
320.83;321.03;95;11
321.03;321.23;86;2
321.03;321.23;94;10
321.23;321.43;85;1
321.23;321.43;93;9
321.43;321.63;84;0
321.43;321.63;92;8
321.63;321.83;83;11
321.63;321.83;91;7
321.83;322.03;82;10
321.83;322.03;90;6
322.03;322.23;81;9
322.03;322.23;89;5
322.23;322.43;80;8
322.23;322.43;88;4
322.43;322.63;79;7
322.43;322.63;87;3
322.63;322.83;78;6
322.63;322.83;86;2
322.83;323.03;77;5
322.83;323.03;85;1
323.03;323.23;76;4
323.03;323.23;84;0
323.23;323.43;75;3
323.23;323.43;83;11
323.43;323.63;74;2
323.43;323.63;82;10
323.63;323.83;73;1
323.63;323.83;81;9
323.83;324.03;72;0
323.83;324.03;80;8
324.03;324.27;71;11
324.03;324.27;79;7
324.27;324.57;70;10
324.27;324.57;78;6
324.27;324.57;42;6
324.57;324.67;73;1
324.57;324.67;54;6
324.67;324.87;73;1
324.67;324.87;49;1
324.87;326.07;66;6
324.87;326.07;70;10
324.87;326.07;78;6
324.87;325.23;49;1
325.23;325.33;61;1
325.33;325.65;54;6
325.65;325.97;54;6
325.97;326.07;66;6
326.07;326.27;73;1
326.07;326.27;61;1
326.27;326.67;66;6
326.27;326.67;70;10
326.27;326.67;78;6
326.27;326.57;42;6
326.57;326.67;54;6
326.67;326.77;70;10
326.67;326.87;49;1
326.77;326.87;71;11
326.87;327.47;66;6
326.87;327.47;70;10
326.87;327.47;73;1
326.87;327.17;49;1
327.17;327.27;61;1
327.27;327.47;54;6
327.47;327.69;66;6
327.47;327.79;54;6
327.79;327.89;66;6
327.89;328.17;61;1
328.17;328.29;66;6
328.17;328.29;74;2
328.17;328.29;42;6
328.29;328.39;70;10
328.29;328.39;73;1
328.29;328.39;54;6
328.39;328.51;66;6
328.39;328.51;74;2
328.39;328.51;42;6
328.51;328.61;70;10
328.51;328.61;73;1
328.51;328.61;54;6
328.61;328.71;66;6
328.61;328.71;74;2
328.61;328.71;42;6
328.71;328.81;70;10
328.71;328.81;73;1
328.71;328.81;54;6
328.81;328.91;66;6
328.81;328.91;74;2
328.81;328.91;42;6
328.91;329.01;70;10
328.91;329.01;73;1
328.91;329.01;54;6
329.01;329.11;66;6
329.01;329.11;74;2
329.01;329.11;42;6
329.11;329.21;70;10
329.11;329.21;73;1
329.11;329.21;54;6
329.21;329.31;66;6
329.21;329.31;74;2
329.21;329.31;42;6
329.31;329.41;70;10
329.31;329.41;73;1
329.31;329.41;54;6
329.41;329.51;66;6
329.41;329.51;74;2
329.41;329.51;42;6
329.51;329.61;70;10
329.51;329.61;73;1
329.51;329.61;54;6
329.61;329.71;66;6
329.61;329.71;74;2
329.61;329.71;42;6
329.71;329.81;70;10
329.71;329.81;73;1
329.71;329.81;54;6
329.81;329.91;66;6
329.81;329.91;74;2
329.81;329.91;42;6
329.91;330.02;70;10
329.91;330.02;73;1
329.91;330.02;54;6
330.02;330.13;78;6
330.02;330.13;86;2
330.02;330.13;54;6
330.13;330.23;82;10
330.13;330.23;85;1
330.13;330.23;66;6
330.23;330.33;78;6
330.23;330.33;86;2
330.23;330.33;54;6
330.33;330.43;82;10
330.33;330.43;85;1
330.33;330.43;66;6
330.43;330.53;78;6
330.43;330.53;86;2
330.43;330.53;54;6
330.53;330.71;82;10
330.53;330.71;85;1
330.53;330.71;66;6
330.71;330.81;78;6
330.71;330.81;86;2
330.71;330.81;54;6
330.81;330.91;82;10
330.81;330.91;85;1
330.81;330.91;66;6
330.91;331.01;78;6
330.91;331.01;86;2
330.91;331.01;54;6
331.01;331.11;82;10
331.01;331.11;85;1
331.01;331.11;66;6
331.11;331.21;78;6
331.11;331.21;86;2
331.11;331.21;54;6
331.21;331.33;82;10
331.21;331.33;85;1
331.21;331.33;66;6
331.33;331.43;78;6
331.33;331.43;86;2
331.33;331.43;54;6
331.43;331.53;82;10
331.43;331.53;85;1
331.43;331.53;66;6
331.53;331.63;78;6
331.53;331.63;86;2
331.53;331.63;54;6
331.63;331.76;82;10
331.63;331.76;85;1
331.63;331.76;66;6
331.76;331.87;78;6
331.76;331.87;86;2
331.76;331.87;54;6
331.87;331.97;82;10
331.87;331.97;85;1
331.87;331.97;66;6
331.97;332.17;90;6
331.97;332.17;98;2
331.97;335.69;38;2
331.97;335.69;50;2
332.17;332.37;89;5
332.17;332.37;97;1
332.37;332.57;88;4
332.37;332.57;96;0
332.57;332.77;87;3
332.57;332.77;95;11
332.77;333.07;86;2
332.77;333.07;94;10
333.07;333.27;85;1
333.07;333.27;93;9
333.27;333.47;84;0
333.27;333.47;92;8
333.47;333.67;83;11
333.47;333.67;91;7
333.67;333.91;82;10
333.67;333.91;90;6
333.91;334.11;81;9
333.91;334.11;89;5
334.11;334.31;80;8
334.11;334.31;88;4
334.31;334.51;79;7
334.31;334.51;87;3
334.51;334.71;78;6
334.51;334.71;86;2
334.71;334.91;77;5
334.71;334.91;85;1
334.91;335.09;76;4
334.91;335.09;84;0
335.09;335.29;75;3
335.09;335.29;83;11
335.29;335.49;74;2
335.29;335.49;82;10
335.49;335.69;73;1
335.49;335.69;81;9
335.69;335.99;72;0
335.69;335.99;80;8
335.69;336.15;44;8
336.15;336.25;56;8
336.25;336.45;75;3
336.25;336.45;51;3
336.45;337.45;68;8
336.45;337.45;72;0
336.45;337.45;75;3
336.45;336.75;51;3
336.75;336.85;63;3
336.85;337.05;56;8
337.05;337.35;56;8
337.35;337.45;68;8
337.45;337.65;75;3
337.45;337.65;63;3
337.65;338.25;80;8
337.65;339.39;68;8
337.65;339.39;72;0
337.65;337.95;44;8
337.95;338.05;56;8
338.05;338.25;51;3
338.25;338.65;75;3
338.25;338.55;51;3
338.55;338.65;63;3
338.65;338.85;75;3
338.65;338.85;56;8
338.85;339.22;75;3
338.85;339.15;56;8
339.15;339.22;68;8
339.22;339.39;75;3
339.22;339.39;63;3
339.39;339.51;80;8
339.39;339.51;88;4
339.39;341.15;56;8
339.39;341.15;68;8
339.51;339.67;84;0
339.51;339.67;87;3
339.67;339.79;80;8
339.67;339.79;88;4
339.79;339.89;84;0
339.79;339.89;87;3
339.89;339.99;80;8
339.89;339.99;88;4
339.99;340.09;84;0
339.99;340.09;87;3
340.09;340.19;80;8
340.09;340.19;88;4
340.19;340.35;84;0
340.19;340.35;87;3
340.35;340.45;80;8
340.35;340.45;88;4
340.45;340.55;84;0
340.45;340.55;87;3
340.55;340.65;80;8
340.55;340.65;88;4
340.65;340.75;84;0
340.65;340.75;87;3
340.75;340.85;80;8
340.75;340.85;88;4
340.85;340.95;84;0
340.85;340.95;87;3
340.95;341.05;80;8
340.95;341.05;88;4
341.05;341.15;84;0
341.05;341.15;87;3
341.15;341.25;80;8
341.15;341.25;88;4
341.25;341.37;84;0
341.25;341.37;87;3
341.37;341.57;83;11
341.37;341.57;88;4
341.37;341.57;68;8
341.37;343.05;52;4
341.57;341.79;82;10
341.57;341.79;87;3
341.57;341.79;67;7
341.79;341.99;81;9
341.79;341.99;86;2
341.79;341.99;66;6
341.99;342.19;80;8
341.99;342.19;85;1
341.99;342.19;65;5
342.19;342.39;79;7
342.19;342.39;84;0
342.19;342.39;64;4
342.39;342.63;78;6
342.39;342.63;83;11
342.39;342.63;63;3
342.63;342.83;77;5
342.63;342.83;82;10
342.63;342.83;62;2
342.83;343.05;76;4
342.83;343.05;81;9
342.83;343.05;61;1
343.05;343.37;75;3
343.05;343.37;80;8
343.05;343.37;60;0
343.05;343.37;56;8
343.37;343.65;84;0
343.37;343.65;89;5
343.37;343.65;69;9
343.37;345.05;53;5
343.65;343.85;83;11
343.65;343.85;88;4
343.65;343.85;68;8
343.85;344.05;82;10
343.85;344.05;87;3
343.85;344.05;67;7
344.05;344.25;81;9
344.05;344.25;86;2
344.05;344.25;66;6
344.25;344.45;80;8
344.25;344.45;85;1
344.25;344.45;65;5
344.45;344.65;79;7
344.45;344.65;84;0
344.45;344.65;64;4
344.65;344.85;78;6
344.65;344.85;83;11
344.65;344.85;63;3
344.85;345.05;77;5
344.85;345.05;82;10
344.85;345.05;62;2
345.05;345.31;76;4
345.05;345.31;81;9
345.05;345.31;61;1
345.05;345.31;57;9
345.31;345.51;85;1
345.31;345.51;90;6
345.31;345.51;70;10
345.31;346.97;54;6
345.51;345.71;84;0
345.51;345.71;89;5
345.51;345.71;69;9
345.71;345.91;83;11
345.71;345.91;88;4
345.71;345.91;68;8
345.91;346.11;82;10
345.91;346.11;87;3
345.91;346.11;67;7
346.11;346.31;81;9
346.11;346.31;86;2
346.11;346.31;66;6
346.31;346.51;80;8
346.31;346.51;85;1
346.31;346.51;65;5
346.51;346.71;79;7
346.51;346.71;84;0
346.51;346.71;64;4
346.71;346.97;78;6
346.71;346.97;83;11
346.71;346.97;63;3
346.97;347.27;77;5
346.97;347.27;82;10
346.97;347.27;62;2
346.97;347.27;58;10
347.27;347.47;86;2
347.27;347.47;91;7
347.27;347.47;71;11
347.27;348.87;55;7
347.47;347.67;85;1
347.47;347.67;90;6
347.47;347.67;70;10
347.67;347.87;84;0
347.67;347.87;89;5
347.67;347.87;69;9
347.87;348.07;83;11
347.87;348.07;88;4
347.87;348.07;68;8
348.07;348.27;82;10
348.07;348.27;87;3
348.07;348.27;67;7
348.27;348.47;81;9
348.27;348.47;86;2
348.27;348.47;66;6
348.47;348.67;80;8
348.47;348.67;85;1
348.47;348.67;65;5
348.67;348.87;79;7
348.67;348.87;84;0
348.67;348.87;64;4
348.87;349.05;78;6
348.87;349.05;83;11
348.87;349.05;63;3
348.87;349.05;59;11
349.05;349.25;77;5
349.05;349.25;82;10
349.05;349.25;62;2
349.05;350.83;50;2
349.25;349.45;76;4
349.25;349.45;81;9
349.25;349.45;61;1
349.45;349.65;75;3
349.45;349.65;80;8
349.45;349.65;60;0
349.65;349.85;74;2
349.65;349.85;79;7
349.65;349.85;59;11
349.85;350.05;73;1
349.85;350.05;78;6
349.85;350.05;58;10
350.05;350.25;72;0
350.05;350.25;77;5
350.05;350.25;57;9
350.25;350.45;71;11
350.25;350.45;76;4
350.25;350.45;56;8
350.45;350.83;70;10
350.45;350.83;75;3
350.45;350.83;55;7
350.83;351.09;69;9
350.83;351.09;74;2
350.83;351.09;54;6
351.09;351.19;77;5
351.09;351.19;86;2
351.09;351.19;49;1
351.19;351.29;80;8
351.19;351.29;85;1
351.19;351.29;61;1
351.29;351.47;77;5
351.29;351.47;86;2
351.29;351.47;49;1
351.47;351.57;80;8
351.47;351.57;85;1
351.47;351.57;61;1
351.57;351.67;77;5
351.57;351.67;86;2
351.57;351.67;49;1
351.67;351.77;80;8
351.67;351.77;85;1
351.67;351.77;61;1
351.77;351.87;77;5
351.77;351.87;86;2
351.77;351.87;49;1
351.87;351.97;80;8
351.87;351.97;85;1
351.87;351.97;61;1
351.97;352.07;77;5
351.97;352.07;86;2
351.97;352.07;49;1
352.07;352.17;80;8
352.07;352.17;85;1
352.07;352.17;61;1
352.17;352.27;77;5
352.17;352.27;86;2
352.17;352.27;49;1
352.27;352.37;80;8
352.27;352.37;85;1
352.27;352.37;61;1
352.37;352.47;77;5
352.37;352.47;86;2
352.37;352.47;49;1
352.47;352.57;80;8
352.47;352.57;85;1
352.47;352.57;61;1
352.57;352.67;77;5
352.57;352.67;86;2
352.57;352.67;49;1
352.67;352.77;80;8
352.67;352.77;85;1
352.67;352.77;61;1
352.77;352.87;77;5
352.77;352.87;86;2
352.77;352.87;49;1
352.87;352.97;80;8
352.87;352.97;85;1
352.87;352.97;61;1
352.97;353.07;77;5
352.97;353.07;86;2
352.97;353.07;49;1
353.07;353.17;80;8
353.07;353.17;85;1
353.07;353.17;61;1
353.17;353.27;77;5
353.17;353.27;86;2
353.17;353.27;49;1
353.27;353.37;80;8
353.27;353.37;85;1
353.27;353.37;61;1
353.37;353.47;77;5
353.37;353.47;86;2
353.37;353.47;49;1
353.47;353.57;80;8
353.47;353.57;85;1
353.47;353.57;61;1
353.57;353.67;77;5
353.57;353.67;86;2
353.57;353.67;49;1
353.67;353.77;80;8
353.67;353.77;85;1
353.67;353.77;61;1
353.77;353.87;77;5
353.77;353.87;86;2
353.77;353.87;49;1
353.87;353.97;80;8
353.87;353.97;85;1
353.87;353.97;61;1
353.97;354.07;77;5
353.97;354.07;86;2
353.97;354.07;49;1
354.07;354.17;80;8
354.07;354.17;85;1
354.07;354.17;61;1
354.17;354.35;77;5
354.17;354.35;86;2
354.17;354.35;49;1
354.35;354.45;80;8
354.35;354.45;85;1
354.35;354.45;61;1
354.45;354.55;77;5
354.45;354.55;86;2
354.45;354.55;49;1
354.55;354.66;80;8
354.55;354.66;85;1
354.55;354.66;61;1
354.66;354.87;77;5
354.66;354.87;86;2
354.66;354.87;49;1
354.87;354.97;80;8
354.87;354.97;85;1
354.87;354.97;61;1
354.97;355.77;78;6
354.97;355.77;82;10
354.97;355.77;85;1
354.97;355.77;90;6
354.97;355.07;42;6
355.07;355.17;54;6
355.17;355.27;42;6
355.27;355.37;54;6
355.37;355.47;42;6
355.47;355.57;54;6
355.57;355.67;42;6
355.67;355.77;54;6
355.77;355.97;80;8
355.77;355.97;89;5
355.77;355.87;42;6
355.87;355.97;54;6
355.97;356.17;78;6
355.97;356.17;87;3
355.97;356.07;42;6
356.07;356.17;54;6
356.17;356.37;77;5
356.17;356.37;85;1
356.17;356.27;42;6
356.27;356.37;54;6
356.37;356.77;75;3
356.37;356.77;83;11
356.37;356.67;42;6
356.67;356.77;54;6
356.77;356.97;73;1
356.77;356.97;82;10
356.77;356.87;42;6
356.87;356.97;54;6
356.97;357.21;71;11
356.97;357.21;80;8
356.97;357.1;42;6
357.1;357.21;54;6
357.21;357.41;70;10
357.21;357.41;78;6
357.21;357.31;42;6
357.31;357.41;54;6
357.41;357.63;68;8
357.41;357.63;77;5
357.41;357.51;42;6
357.51;357.63;54;6
357.63;357.83;66;6
357.63;357.83;75;3
357.63;357.73;42;6
357.73;357.83;54;6
357.83;358.03;65;5
357.83;358.03;73;1
357.83;357.93;42;6
357.93;358.03;54;6
358.03;358.23;63;3
358.03;358.23;71;11
358.03;358.13;42;6
358.13;358.23;54;6
358.23;358.59;61;1
358.23;358.59;70;10
358.23;358.35;42;6
358.35;358.59;54;6
358.59;358.79;60;0
358.59;358.79;68;8
358.59;358.69;42;6
358.69;358.79;54;6
358.79;358.99;59;11
358.79;358.99;67;7
358.79;358.89;42;6
358.89;358.99;54;6
358.99;359.19;58;10
358.99;359.19;66;6
358.99;359.19;42;6
359.19;359.39;65;5
359.19;359.39;53;5
359.39;359.59;63;3
359.39;359.59;51;3
359.59;359.81;61;1
359.59;359.81;49;1
359.81;360.01;60;0
359.81;360.01;48;0
360.01;360.21;59;11
360.01;360.21;47;11
360.21;360.45;58;10
360.21;360.45;46;10
360.45;360.69;56;8
360.45;360.69;44;8
360.69;360.91;55;7
360.69;360.91;43;7
360.91;361.11;54;6
360.91;361.11;42;6
361.11;361.31;53;5
361.11;361.31;41;5
361.31;361.51;51;3
361.31;361.51;39;3
361.51;361.71;49;1
361.51;361.71;37;1
361.71;361.91;48;0
361.71;361.91;36;0
361.91;362.11;47;11
361.91;362.11;35;11
362.11;362.31;46;10
362.11;362.31;34;10
362.31;362.51;44;8
362.31;362.51;32;8
362.51;362.78;43;7
362.51;362.78;31;7
362.78;362.89;42;6
362.78;362.99;30;6
362.99;363.09;42;6
363.09;363.29;37;1
363.29;363.59;37;1
363.59;363.69;49;1
363.69;363.89;42;6
363.89;364.09;58;10
363.89;364.09;61;1
363.89;364.19;42;6
364.19;364.29;54;6
364.29;364.39;61;1
364.29;364.49;49;1
364.39;364.49;61;1
364.49;364.69;58;10
364.49;364.69;66;6
364.49;364.79;30;6
364.79;364.89;42;6
364.89;365.15;37;1
365.15;365.55;37;1
365.45;365.65;70;10
365.55;365.65;49;1
365.65;365.95;70;10
365.65;365.95;42;6
365.95;366.35;66;6
365.95;366.35;70;10
365.95;366.35;73;1
365.95;366.35;42;6
366.35;366.45;70;10
366.35;366.45;54;6
366.45;366.67;66;6
366.45;366.67;49;1
366.67;367.09;63;3
366.67;367.09;70;10
366.67;367.09;75;3
366.67;366.89;43;7
366.99;367.09;55;7
367.09;367.29;51;3
367.29;367.49;51;3
367.59;367.69;63;3
367.69;367.89;70;10
367.69;367.89;58;10
367.89;368.53;63;3
367.89;368.53;75;3
367.89;368.09;43;7
367.89;368.09;51;3
368.53;368.95;63;3
368.53;368.95;67;7
368.53;368.95;70;10
368.53;368.79;39;3
368.95;369.05;63;3
368.95;369.05;55;7
369.05;369.27;63;3
369.05;369.27;51;3
369.27;369.47;51;3
369.57;369.67;63;3
369.67;369.87;70;10
369.67;369.87;58;10
369.87;370.17;75;3
369.87;370.07;51;3
369.87;370.07;58;10
369.87;370.07;61;1
370.17;370.27;70;10
370.27;370.47;70;10
370.47;371.07;63;3
370.47;371.07;68;8
370.47;371.07;71;11
370.47;370.67;44;8
370.77;370.87;56;8
370.87;371.07;51;3
371.07;371.27;51;3
371.27;371.59;71;11
371.49;371.59;63;3
371.59;371.79;71;11
371.59;371.79;56;8
371.79;372.09;71;11
371.79;371.99;52;4
371.79;371.99;56;8
371.79;371.99;59;11
372.09;372.19;71;11
372.19;372.43;71;11
372.43;372.63;66;6
372.43;372.63;71;11
372.43;372.63;75;3
372.43;372.63;78;6
372.43;372.63;47;11
372.63;372.83;71;11
372.73;372.83;59;11
372.83;373.03;54;6
373.03;373.26;54;6
373.37;373.47;66;6
373.47;373.67;71;11
373.47;373.67;59;11
373.67;374.07;64;4
373.67;374.07;68;8
373.67;374.07;71;11
373.67;374.07;76;4
373.67;373.87;44;8
373.67;373.87;52;4
374.07;374.37;68;8
374.37;374.55;63;3
374.37;374.55;66;6
374.37;374.55;71;11
374.37;374.55;47;11
374.55;374.75;71;11
374.65;374.75;59;11
374.75;374.95;54;6
374.95;375.15;54;6
375.25;375.35;66;6
375.35;375.55;59;11
375.55;375.75;63;3
375.55;375.75;66;6
375.55;375.75;69;9
375.55;375.75;71;11
375.55;375.75;47;11
375.95;376.17;71;11
376.17;376.77;64;4
376.17;376.77;68;8
376.17;376.77;71;11
376.17;376.77;76;4
376.17;376.37;40;4
376.47;376.57;56;8
376.57;376.77;52;4
376.77;377.37;68;8
376.77;377.37;71;11
376.77;376.97;52;4
377.07;377.17;64;4
377.17;377.37;59;11
377.37;377.69;64;4
377.37;377.69;73;1
377.37;377.59;45;9
377.37;377.59;52;4
377.37;377.59;57;9
377.69;377.79;69;9
377.79;378.13;73;1
378.13;378.73;64;4
378.13;378.73;68;8
378.13;378.73;76;4
378.13;378.33;40;4
378.43;378.53;56;8
378.53;378.73;52;4
378.73;379.13;56;8
378.73;379.13;59;11
378.73;379.13;64;4
378.73;379.13;52;4
379.13;379.33;59;11
379.13;379.33;63;3
379.13;379.33;66;6
379.13;379.33;47;11
379.33;379.73;59;11
379.33;379.73;63;3
379.33;379.73;66;6
379.33;379.73;47;11
379.73;379.95;59;11
379.73;379.95;64;4
379.73;379.95;68;8
379.73;379.95;40;4
379.95;380.59;64;4
379.95;380.59;68;8
379.95;380.59;76;4
379.95;380.15;40;4
380.25;380.36;56;8
380.36;380.59;52;4
380.59;381.11;68;8
380.59;381.11;71;11
380.59;380.91;52;4
381.01;381.11;64;4
381.11;381.31;71;11
381.11;381.31;59;11
381.31;381.63;64;4
381.31;381.63;72;0
381.31;381.51;45;9
381.31;381.51;52;4
381.31;381.51;57;9
381.63;381.75;69;9
381.75;382.03;72;0
382.03;382.69;62;2
382.03;382.69;67;7
382.03;382.69;71;11
382.03;382.69;74;2
382.03;382.23;43;7
382.35;382.45;55;7
382.45;382.69;50;2
382.69;383.19;59;11
382.69;383.19;62;2
382.69;383.19;67;7
382.69;383.19;55;7
383.19;383.43;62;2
383.19;383.43;66;6
383.19;383.43;69;9
383.19;383.43;50;2
383.43;383.89;62;2
383.43;383.89;66;6
383.43;383.89;69;9
383.43;383.89;50;2
383.89;384.09;62;2
383.89;384.09;67;7
383.89;384.09;71;11
383.89;384.09;43;7
384.09;384.69;67;7
384.09;384.69;71;11
384.09;384.69;74;2
384.09;384.69;79;7
384.09;384.29;43;7
384.39;384.49;55;7
384.49;384.69;50;2
384.69;385.09;74;2
384.69;384.89;50;2
384.99;385.09;62;2
385.09;385.29;74;2
385.09;385.29;55;7
385.29;385.69;66;6
385.29;385.69;69;9
385.29;385.69;74;2
385.29;385.49;50;2
385.69;385.89;67;7
385.69;385.89;71;11
385.89;386.19;67;7
385.89;386.19;71;11
385.89;386.19;74;2
385.89;386.09;43;7
386.19;386.29;67;7
386.19;386.29;55;7
386.29;386.65;69;9
386.29;386.65;50;2
386.65;387.25;67;7
386.65;387.25;71;11
386.65;386.85;50;2
386.95;387.05;62;2
387.05;387.25;55;7
387.25;387.89;63;3
387.25;387.89;69;9
387.25;387.47;59;11
387.47;387.69;71;11
387.69;387.89;71;11
387.69;387.89;47;11
387.89;388.37;64;4
387.89;388.37;67;7
387.89;388.37;71;11
387.89;388.17;40;4
388.27;388.37;55;7
388.37;388.59;71;11
388.37;388.59;52;4
388.59;389.19;64;4
388.59;389.19;67;7
388.59;389.19;76;4
388.59;388.79;52;4
388.89;388.99;59;11
388.99;389.19;55;7
389.19;389.98;63;3
389.19;389.98;66;6
389.19;389.98;71;11
389.19;389.41;47;11
389.51;389.61;47;11
389.61;389.98;47;11
389.98;391.23;59;11
389.98;391.23;64;4
389.98;391.23;67;7
389.98;390.23;40;4
390.33;390.43;55;7
390.43;390.63;52;4
390.63;390.83;52;4
390.93;391.03;59;11
391.03;391.23;55;7
391.23;391.63;69;9
391.23;391.83;64;4
391.23;391.43;48;0
391.53;391.63;60;0
391.63;391.83;71;11
391.63;391.83;55;7
391.83;392.43;74;2
391.83;393.25;64;4
391.83;393.25;69;9
391.83;392.03;45;9
392.13;392.23;57;9
392.23;392.43;52;4
392.43;393.25;72;0
392.43;392.81;52;4
392.91;393.01;60;0
393.01;393.25;57;9
393.25;393.65;69;9
393.25;393.45;57;9
393.55;393.65;64;4
393.65;393.85;66;6
393.65;393.85;60;0
393.85;394.25;64;4
393.85;394.25;70;10
393.85;394.25;73;1
393.85;394.05;42;6
394.15;394.25;58;10
394.25;394.45;66;6
394.25;394.45;54;6
394.45;394.67;76;4
394.45;394.67;54;6
394.45;394.67;58;10
394.67;394.93;73;1
394.77;394.93;64;4
394.93;395.13;71;11
394.93;395.13;61;1
395.13;395.53;70;10
395.13;395.33;54;6
395.13;395.33;58;10
395.13;395.33;64;4
395.53;395.73;66;6
395.73;396.45;73;1
395.73;396.45;78;6
395.73;396.45;70;10
395.73;396.03;42;6
396.13;396.23;58;10
396.23;396.45;54;6
396.45;396.85;73;1
396.45;396.65;61;1
396.45;396.65;54;6
396.75;396.85;67;7
396.85;397.05;70;10
396.85;397.05;64;4
397.05;397.49;73;1
397.05;397.29;64;4
397.05;397.29;66;6
397.05;397.29;54;6
397.05;397.29;58;10
397.05;397.29;61;1
397.49;397.75;73;1
397.75;397.95;65;5
397.75;397.95;68;8
397.75;397.95;74;2
397.75;397.95;47;11
397.95;398.15;71;11
398.05;398.15;59;11
398.15;398.35;68;8
398.15;398.35;56;8
398.35;398.83;65;5
398.35;398.57;56;8
398.67;398.83;62;2
398.83;399.03;59;11
399.03;399.23;65;5
399.03;399.23;73;1
399.03;399.23;49;1
399.03;399.23;56;8
399.23;399.43;73;1
399.33;399.43;61;1
399.43;399.63;73;1
399.43;399.63;56;8
399.63;400.83;78;6
399.63;399.83;66;6
399.63;399.83;69;9
399.63;399.83;72;0
399.63;399.83;50;2
399.93;400.03;57;9
400.03;400.23;54;6
400.23;400.43;60;0
400.23;400.43;54;6
400.53;400.63;69;9
400.63;400.83;66;6
400.83;401.23;69;9
400.83;401.03;50;2
400.83;401.03;54;6
400.83;401.03;57;9
400.83;401.03;60;0
401.23;401.49;66;6
401.42;401.49;49;1
401.49;401.65;73;1
401.49;401.65;80;8
401.49;401.59;61;1
401.59;401.65;62;2
401.65;401.95;77;5
401.65;401.75;61;1
401.75;401.85;62;2
401.85;401.95;61;1
401.95;402.05;68;8
401.95;402.05;62;2
402.05;402.85;73;1
402.05;402.15;61;1
402.15;402.25;62;2
402.25;402.35;61;1
402.35;402.45;62;2
402.45;402.55;61;1
402.55;402.65;62;2
402.65;402.75;61;1
402.75;402.85;62;2
402.85;402.95;61;1
402.95;403.05;62;2
403.05;403.15;61;1
403.15;403.25;62;2
403.25;403.45;73;1
403.25;403.45;80;8
403.25;403.35;61;1
403.35;403.45;62;2
403.45;403.75;77;5
403.45;403.55;61;1
403.55;403.65;62;2
403.65;403.75;61;1
403.75;403.85;68;8
403.75;403.85;62;2
403.85;404.55;73;1
403.85;403.94;61;1
403.94;403.98;62;2
403.98;404.05;61;1
404.05;404.15;62;2
404.15;404.25;61;1
404.25;404.35;62;2
404.35;404.45;61;1
404.45;404.55;62;2
404.55;404.65;73;1
404.55;404.65;61;1
404.65;404.75;74;2
404.65;404.75;62;2
404.75;404.85;75;3
404.75;404.85;63;3
404.85;404.95;77;5
404.85;404.95;65;5
404.95;405.17;78;6
404.95;405.07;66;6
405.07;405.17;67;7
405.17;405.31;66;6
405.31;405.41;67;7
405.41;405.61;73;1
405.41;405.51;66;6
405.51;405.61;67;7
405.61;406.45;78;6
405.61;405.71;66;6
405.71;405.81;67;7
405.81;405.91;66;6
405.91;406.01;67;7
406.01;406.11;66;6
406.11;406.25;67;7
406.25;406.35;66;6
406.35;406.45;67;7
406.45;406.55;66;6
406.55;406.65;67;7
406.65;406.85;73;1
406.65;406.75;66;6
406.75;406.85;67;7
406.85;407.91;78;6
406.85;406.9;66;6
406.9;406.91;67;7
406.91;407.01;66;6
407.01;407.11;67;7
407.11;407.21;66;6
407.21;407.31;67;7
407.31;407.41;66;6
407.41;407.51;67;7
407.51;407.61;66;6
407.61;407.71;67;7
407.71;407.81;66;6
407.81;407.91;67;7
407.91;408.01;66;6
408.01;408.1;67;7
408.1;408.17;66;6
408.17;408.27;67;7
408.27;408.47;66;6
408.27;408.37;66;6
408.37;408.47;67;7
408.47;408.77;71;11
408.47;408.57;66;6
408.57;408.67;62;2
408.67;408.77;59;11
408.77;408.87;66;6
408.77;408.87;61;1
408.87;409.07;71;11
408.87;408.97;62;2
408.97;409.07;64;4
409.07;409.67;74;2
409.07;409.17;66;6
409.17;409.27;67;7
409.27;409.37;66;6
409.37;409.47;67;7
409.47;409.57;66;6
409.57;409.67;67;7
409.67;410.23;71;11
409.67;409.77;66;6
409.77;409.87;67;7
409.87;409.97;66;6
409.97;410.03;67;7
410.03;410.13;66;6
410.13;410.23;67;7
410.23;410.53;74;2
410.23;410.33;66;6
410.23;410.43;59;11
410.33;410.43;67;7
410.43;410.53;66;6
410.53;410.56;71;11
410.53;410.56;67;7
410.56;410.73;74;2
410.56;410.63;66;6
410.63;410.73;67;7
410.73;411.86;78;6
410.73;410.83;66;6
410.83;410.93;67;7
410.93;411.03;66;6
411.03;411.13;67;7
411.13;411.23;66;6
411.23;411.33;67;7
411.33;411.53;66;6
411.73;411.78;66;6
411.78;411.8;64;4
411.8;411.8;62;2
411.8;411.86;61;1
411.86;412.07;67;7
411.86;412.07;79;7
411.86;412.87;59;11
411.86;412.87;63;3
412.07;412.37;75;3
412.37;413.07;67;7
412.47;413.07;71;11
412.87;412.97;59;11
412.87;412.97;63;3
412.97;413.07;59;11
412.97;413.07;63;3
413.07;413.27;67;7
413.07;413.27;79;7
413.07;414.11;59;11
413.07;414.11;63;3
413.27;413.61;75;3
413.61;414.31;67;7
413.71;414.31;71;11
414.11;414.21;59;11
414.11;414.21;63;3
414.21;414.31;59;11
414.21;414.31;63;3
414.31;414.51;67;7
414.31;414.51;79;7
414.31;414.91;59;11
414.31;414.91;63;3
414.51;414.81;75;3
414.81;414.91;67;7
414.91;415.11;71;11
414.91;415.11;79;7
414.91;415.49;59;11
414.91;415.49;63;3
415.11;415.41;75;3
415.41;415.49;67;7
415.49;415.59;83;11
415.49;415.59;91;7
415.49;416.15;59;11
415.49;416.15;63;3
415.49;416.15;67;7
415.59;415.69;87;3
415.59;415.69;90;6
415.69;415.82;83;11
415.69;415.82;91;7
415.82;415.93;87;3
415.82;415.93;90;6
415.93;416.03;83;11
415.93;416.03;91;7
416.03;416.15;87;3
416.03;416.15;90;6
416.15;416.25;83;11
416.15;416.25;91;7
416.15;417.15;59;11
416.15;417.15;63;3
416.15;417.15;67;7
416.25;416.35;87;3
416.25;416.35;90;6
416.35;416.45;83;11
416.35;416.45;91;7
416.45;416.55;87;3
416.45;416.55;90;6
416.55;416.65;83;11
416.55;416.65;91;7
416.65;416.75;87;3
416.65;416.75;90;6
416.75;416.85;83;11
416.75;416.85;91;7
416.85;416.95;87;3
416.85;416.95;90;6
416.95;417.05;83;11
416.95;417.05;91;7
417.05;417.15;87;3
417.05;417.15;90;6
417.15;417.25;83;11
417.15;417.25;91;7
417.15;417.35;67;7
417.15;417.35;71;11
417.15;417.35;75;3
417.25;417.35;87;3
417.25;417.35;90;6
417.35;417.45;83;11
417.35;417.45;91;7
417.35;418.83;71;11
417.35;418.83;75;3
417.35;418.83;79;7
417.45;417.55;87;3
417.45;417.55;90;6
417.55;417.57;83;11
417.55;417.57;91;7
417.57;417.65;87;3
417.57;417.65;90;6
417.65;417.73;83;11
417.65;417.73;91;7
417.73;417.83;87;3
417.73;417.83;90;6
417.83;417.93;83;11
417.83;417.93;91;7
417.93;418.03;87;3
417.93;418.03;90;6
418.03;418.13;83;11
418.03;418.13;91;7
418.13;418.23;87;3
418.13;418.23;90;6
418.23;418.33;83;11
418.23;418.33;91;7
418.33;418.43;87;3
418.33;418.43;90;6
418.43;418.53;83;11
418.43;418.53;91;7
418.53;418.63;87;3
418.53;418.63;90;6
418.63;418.73;83;11
418.63;418.73;91;7
418.73;418.83;87;3
418.73;418.83;90;6
418.83;418.93;83;11
418.83;418.93;91;7
418.93;419.03;87;3
418.93;419.03;90;6
419.03;419.3;79;7
419.03;419.3;87;3
419.03;419.3;91;7
419.03;419.57;36;0
419.03;419.57;48;0
419.57;419.98;48;0
419.57;419.98;36;0
419.98;420.12;50;2
419.98;420.12;38;2
420.12;420.24;51;3
420.12;420.24;39;3
420.24;420.32;53;5
420.24;420.32;41;5
420.32;420.73;55;7
420.32;420.73;43;7
420.73;420.87;60;0
420.73;420.87;48;0
420.87;421.11;63;3
420.87;421.11;51;3
421.11;421.23;62;2
421.11;421.23;50;2
421.23;421.63;60;0
421.23;421.63;48;0
421.63;421.71;58;10
421.63;421.71;46;10
421.71;421.93;56;8
421.71;421.93;44;8
421.93;422.03;55;7
421.93;422.03;43;7
422.03;422.31;53;5
422.03;422.31;41;5
422.31;422.45;51;3
422.31;422.45;39;3
422.45;422.86;50;2
422.45;422.86;38;2
422.86;422.99;48;0
422.86;422.99;36;0
422.99;423.4;46;10
422.99;423.4;34;10
423.4;423.54;50;2
423.4;423.54;38;2
423.54;423.78;53;5
423.54;423.78;41;5
423.78;423.82;56;8
423.78;423.82;44;8
423.82;424.62;60;0
423.82;424.62;48;0
424.62;424.76;58;10
424.62;424.76;46;10
424.76;425.16;56;8
424.76;425.16;44;8
425.16;425.3;55;7
425.16;425.3;43;7
425.3;425.47;53;5
425.3;425.47;41;5
425.47;425.61;51;3
425.47;425.61;39;3
425.61;425.96;50;2
425.61;425.96;38;2
425.96;426.02;53;5
425.96;426.02;41;5
426.02;426.32;56;8
426.02;426.32;44;8
426.32;426.46;60;0
426.32;426.46;48;0
426.46;427.29;63;3
426.46;427.29;51;3
427.29;427.43;62;2
427.29;427.43;50;2
427.43;427.82;60;0
427.43;427.82;48;0
427.82;427.95;58;10
427.82;427.95;46;10
427.95;428.2;56;8
427.95;428.2;44;8
428.2;428.22;55;7
428.2;428.22;43;7
428.22;428.31;54;6
428.22;428.31;42;6
428.31;428.38;57;9
428.31;428.38;45;9
428.38;428.79;60;0
428.38;428.79;48;0
428.79;428.93;63;3
428.79;428.93;51;3
428.93;429.85;66;6
428.93;429.85;54;6
429.85;429.86;65;5
429.85;429.86;53;5
429.86;430.07;63;3
429.86;430.07;51;3
430.07;430.21;61;1
430.07;430.21;49;1
430.21;430.62;60;0
430.21;430.62;48;0
430.62;430.75;58;10
430.62;430.75;46;10
430.75;431.08;57;9
430.75;431.08;45;9
431.08;431.18;54;6
431.08;431.18;42;6
431.18;431.45;53;5
431.18;431.45;41;5
431.45;431.58;51;3
431.45;431.58;39;3
431.58;431.97;49;1
431.58;431.97;37;1
431.97;432.07;48;0
431.97;432.07;36;0
432.07;432.64;47;11
432.07;432.64;35;11
432.64;432.78;48;0
432.64;432.78;36;0
432.78;433.19;50;2
432.78;433.19;38;2
433.19;433.32;51;3
433.19;433.32;39;3
433.32;433.73;53;5
433.32;433.73;41;5
433.73;433.87;59;11
433.73;433.87;47;11
433.87;434.28;62;2
433.87;434.28;50;2
434.28;434.42;60;0
434.28;434.42;48;0
434.42;434.64;59;11
434.42;434.64;47;11
434.64;434.69;56;8
434.64;434.69;44;8
434.69;435.09;55;7
434.69;435.09;43;7
435.09;435.23;53;5
435.09;435.23;41;5
435.23;435.64;51;3
435.23;435.64;39;3
435.64;435.77;50;2
435.64;435.77;38;2
435.77;435.95;48;0
435.77;435.95;36;0
435.95;436.06;47;11
435.95;436.06;35;11
436.06;437.01;48;0
436.06;437.01;36;0
437.01;437.1;50;2
437.01;437.1;38;2
437.1;437.27;51;3
437.1;437.27;39;3
437.27;437.39;53;5
437.27;437.39;41;5
437.39;437.66;54;6
437.39;437.66;42;6
437.66;437.78;60;0
437.66;437.78;48;0
437.78;438.19;63;3
437.78;438.19;51;3
438.19;438.24;62;2
438.19;438.24;50;2
438.24;438.49;60;0
438.24;438.49;48;0
438.49;438.63;58;10
438.49;438.63;46;10
438.63;439.04;57;9
438.63;439.04;45;9
439.04;439.11;55;7
439.04;439.11;43;7
439.11;439.32;54;6
439.11;439.32;42;6
439.32;439.46;51;3
439.32;439.46;39;3
439.46;439.83;50;2
439.46;439.83;38;2
439.83;439.97;48;0
439.83;439.97;36;0
439.97;440.12;49;1
439.97;440.12;37;1
440.12;440.25;50;2
440.12;440.25;38;2
440.25;440.66;52;4
440.25;440.66;40;4
440.66;440.8;53;5
440.66;440.8;41;5
440.8;441.07;55;7
440.8;441.07;43;7
441.07;441.16;57;9
441.07;441.16;45;9
441.16;441.44;58;10
441.16;441.44;46;10
441.44;441.49;64;4
441.44;441.49;52;4
441.49;441.9;67;7
441.49;441.9;55;7
441.9;442.03;65;5
441.9;442.03;53;5
442.03;442.44;64;4
442.03;442.44;52;4
442.44;442.58;62;2
442.44;442.58;50;2
442.58;442.89;61;1
442.58;442.89;49;1
442.89;442.95;58;10
442.89;442.95;46;10
442.95;443.13;57;9
442.95;443.13;45;9
443.13;443.27;55;7
443.13;443.27;43;7
443.27;443.68;53;5
443.27;443.68;41;5
443.68;443.81;52;4
443.68;443.81;40;4
443.81;443.82;57;9
443.81;443.93;53;5
443.81;444.77;38;2
443.81;444.77;50;2
443.82;443.93;62;2
443.93;444.14;64;4
443.93;444.14;55;7
444.14;444.56;65;5
444.14;444.56;57;9
444.56;444.64;64;4
444.56;444.64;55;7
444.64;445.43;67;7
444.64;445.43;58;10
444.77;445.06;37;1
444.77;445.06;49;1
445.06;445.66;38;2
445.06;445.66;50;2
445.43;445.44;57;9
445.43;445.44;66;6
445.44;446.33;60;0
445.44;446.33;69;9
445.66;445.96;38;2
445.66;445.96;50;2
445.96;446.72;39;3
445.96;446.72;51;3
446.33;446.46;58;10
446.33;446.46;67;7
446.46;446.87;70;10
446.46;446.87;62;2
446.72;447.17;40;4
446.72;447.17;52;4
446.87;447;69;9
446.87;447;61;1
447;447.19;72;0
447;447.32;62;2
447;447.32;68;8
447.17;447.4;41;5
447.17;447.4;53;5
447.19;447.32;71;11
447.32;447.55;74;2
447.32;447.6;67;7
447.32;447.6;70;10
447.4;447.74;40;4
447.4;447.74;52;4
447.55;447.6;73;1
447.6;447.74;76;4
447.6;447.78;69;9
447.74;448.08;41;5
447.74;448.08;53;5
447.74;447.78;74;2
447.78;448.19;77;5
447.78;448.26;70;10
447.78;448.26;73;1
448.08;448.44;43;7
448.08;448.44;55;7
448.19;448.26;76;4
448.26;448.59;79;7
448.26;448.74;72;0
448.26;448.74;75;3
448.44;448.74;45;9
448.44;448.74;57;9
448.59;448.74;78;6
448.74;449.36;81;9
448.74;449.72;74;2
448.74;449.72;46;10
448.74;449.72;58;10
449.36;449.62;79;7
449.62;449.81;77;5
449.81;450.02;73;1
450.02;450.43;76;4
450.02;451.42;46;10
450.02;451.42;55;7
450.43;450.61;74;2
450.61;450.82;69;9
450.82;451.62;72;0
451.42;452.02;43;7
451.62;451.81;70;10
451.81;452.02;66;6
452.02;452.08;69;9
452.02;452.64;50;2
452.02;452.64;55;7
452.02;452.64;58;10
452.08;452.21;67;7
452.21;452.24;62;2
452.24;452.64;65;5
452.64;452.81;65;5
452.64;453.12;43;7
452.81;452.91;64;4
452.91;453.12;58;10
453.12;453.52;62;2
453.12;453.35;46;10
453.12;453.35;53;5
453.12;453.62;55;7
453.35;453.62;48;0
453.35;453.62;52;4
453.52;453.71;60;0
453.71;453.89;55;7
453.89;454.43;51;3
453.89;454.43;54;6
453.89;454.28;58;10
453.89;454.19;36;0
454.19;454.28;38;2
454.28;454.43;57;9
454.28;454.51;39;3
454.51;454.66;41;5
454.66;455.67;54;6
454.66;455.67;42;6
455.67;455.69;53;5
455.67;455.69;41;5
455.69;456.09;51;3
455.69;456.09;39;3
456.09;456.24;49;1
456.09;456.24;37;1
456.24;456.48;48;0
456.24;456.48;36;0
456.48;456.49;46;10
456.48;456.49;34;10
456.49;456.89;45;9
456.49;456.89;33;9
456.89;456.93;48;0
456.89;456.93;36;0
456.93;457.29;51;3
456.93;457.29;39;3
457.29;457.44;54;6
457.29;457.44;42;6
457.44;458.09;57;9
457.44;458.09;45;9
458.09;458.15;55;7
458.09;458.15;43;7
458.15;458.35;54;6
458.15;458.35;42;6
458.35;458.5;51;3
458.35;458.5;39;3
458.5;458.95;50;2
458.5;458.95;38;2
458.95;459.08;48;0
458.95;459.08;36;0
459.08;459.47;47;11
459.08;459.47;35;11
459.47;459.48;50;2
459.47;459.48;38;2
459.48;459.68;53;5
459.48;459.68;41;5
459.68;459.72;56;8
459.68;459.72;44;8
459.72;460.59;59;11
459.72;460.59;47;11
460.59;460.74;56;8
460.59;460.74;44;8
460.74;461.08;55;7
460.74;461.08;43;7
461.08;461.09;53;5
461.08;461.09;41;5
461.09;461.53;51;3
461.09;461.53;39;3
461.53;461.68;50;2
461.53;461.68;38;2
461.68;462.9;55;7
461.68;462.9;58;10
461.68;462.9;64;4
461.68;462.13;37;1
461.68;462.13;49;1
462.13;462.28;40;4
462.28;462.61;43;7
462.61;462.76;46;10
462.76;462.9;49;1
462.9;464.18;58;10
462.9;464.18;61;1
462.9;464.18;67;7
462.9;463.11;40;4
462.9;463.11;52;4
463.11;463.2;43;7
463.2;463.57;46;10
463.57;463.72;49;1
463.72;464.18;52;4
464.18;465.52;61;1
464.18;465.52;64;4
464.18;465.52;70;10
464.18;464.63;43;7
464.18;464.63;55;7
464.63;464.78;46;10
464.78;465.23;49;1
465.23;465.38;52;4
465.38;465.82;55;7
465.52;465.82;70;10
465.52;466.12;64;4
465.82;465.91;76;4
465.82;466.12;54;6
465.91;466.12;73;1
466.12;466.42;70;10
466.12;466.56;64;4
466.12;466.42;55;7
466.42;466.51;76;4
466.42;466.56;54;6
466.51;466.56;73;1
466.56;466.64;70;10
466.56;466.85;64;4
466.56;466.64;55;7
466.64;466.69;76;4
466.64;466.85;54;6
466.69;466.85;73;1
466.85;468.05;79;7
466.85;467.45;59;11
466.85;467.45;63;3
466.92;467.05;75;3
467.05;468.05;67;7
467.15;468.05;71;11
467.55;467.65;59;11
467.55;467.65;63;3
467.65;468.05;59;11
467.65;468.05;63;3
468.05;468.15;75;3
468.05;468.15;67;7
468.05;468.15;71;11
468.05;468.15;59;11
468.05;468.15;63;3
468.15;468.25;75;3
468.15;468.25;67;7
468.15;468.25;71;11
468.15;468.25;59;11
468.15;468.25;63;3
468.25;469.67;79;7
468.25;469.25;59;11
468.25;469.25;63;3
468.45;468.75;75;3
468.75;469.67;67;7
468.85;469.67;71;11
469.35;469.45;59;11
469.35;469.45;63;3
469.45;469.67;59;11
469.45;469.67;63;3
469.67;469.75;79;7
469.67;469.75;71;11
469.67;469.75;75;3
469.67;469.75;59;11
469.67;469.75;63;3
469.75;469.79;79;7
469.75;469.79;71;11
469.75;469.79;75;3
469.75;469.79;59;11
469.75;469.79;63;3
469.79;469.99;71;11
469.79;469.99;76;4
469.79;469.99;80;8
469.79;469.89;52;4
469.89;469.99;64;4
469.99;470.09;76;4
469.99;470.09;84;0
469.99;470.09;52;4
470.09;470.19;80;8
470.09;470.19;83;11
470.09;470.19;64;4
470.19;470.29;76;4
470.19;470.29;84;0
470.19;470.29;52;4
470.29;470.39;80;8
470.29;470.39;83;11
470.29;470.39;64;4
470.39;470.49;76;4
470.39;470.49;84;0
470.39;470.49;52;4
470.49;470.59;80;8
470.49;470.59;83;11
470.49;470.59;64;4
470.59;470.65;76;4
470.59;470.65;84;0
470.59;470.65;52;4
470.65;470.75;80;8
470.65;470.75;83;11
470.65;470.75;64;4
470.75;470.85;76;4
470.75;470.85;84;0
470.75;470.85;52;4
470.85;470.95;80;8
470.85;470.95;83;11
470.85;470.95;64;4
470.95;471.05;76;4
470.95;471.05;84;0
470.95;471.05;52;4
471.05;471.15;80;8
471.05;471.15;83;11
471.05;471.15;64;4
471.15;471.25;76;4
471.15;471.25;84;0
471.15;471.25;52;4
471.25;471.35;80;8
471.25;471.35;83;11
471.25;471.35;64;4
471.35;471.45;76;4
471.35;471.45;84;0
471.35;471.45;52;4
471.45;471.55;80;8
471.45;471.55;83;11
471.45;471.55;64;4
471.55;471.65;76;4
471.55;471.65;84;0
471.55;471.65;52;4
471.65;471.75;80;8
471.65;471.75;83;11
471.65;471.75;64;4
471.75;471.8;76;4
471.75;471.8;84;0
471.75;471.8;52;4
471.8;471.81;80;8
471.8;471.81;83;11
471.8;471.81;64;4
471.81;471.83;76;4
471.81;471.83;84;0
471.81;471.83;52;4
471.83;471.91;80;8
471.83;471.91;83;11
471.83;471.91;64;4
471.91;472;76;4
471.91;472;84;0
471.91;472;52;4
472;472.05;80;8
472;472.05;83;11
472;472.05;64;4
472.05;472.15;76;4
472.05;472.15;84;0
472.05;472.15;52;4
472.15;472.25;80;8
472.15;472.25;83;11
472.15;472.25;64;4
472.25;472.26;76;4
472.25;472.26;84;0
472.25;472.26;52;4
472.26;472.27;80;8
472.26;472.27;83;11
472.26;472.27;64;4
472.27;472.28;76;4
472.27;472.28;84;0
472.27;472.28;52;4
472.28;472.29;80;8
472.28;472.29;83;11
472.28;472.29;64;4
472.29;472.39;76;4
472.29;472.39;84;0
472.29;472.39;52;4
472.39;472.49;80;8
472.39;472.49;83;11
472.39;472.49;64;4
472.49;472.59;76;4
472.49;472.59;84;0
472.49;472.59;52;4
472.59;472.67;80;8
472.59;472.67;83;11
472.59;472.67;64;4
472.67;472.68;77;5
472.67;472.68;84;0
472.67;472.68;48;0
472.68;472.68;80;8
472.68;472.68;83;11
472.68;472.68;60;0
472.68;472.69;77;5
472.68;472.69;84;0
472.68;472.69;48;0
472.69;472.77;80;8
472.69;472.77;83;11
472.69;472.77;60;0
472.77;472.87;77;5
472.77;472.87;84;0
472.77;472.87;48;0
472.87;472.97;80;8
472.87;472.97;83;11
472.87;472.97;60;0
472.97;473.07;77;5
472.97;473.07;84;0
472.97;473.07;48;0
473.07;473.17;80;8
473.07;473.17;83;11
473.07;473.17;60;0
473.17;473.27;77;5
473.17;473.27;84;0
473.17;473.27;48;0
473.27;473.37;80;8
473.27;473.37;83;11
473.27;473.37;60;0
473.37;473.47;77;5
473.37;473.47;84;0
473.37;473.47;48;0
473.47;473.57;80;8
473.47;473.57;83;11
473.47;473.57;60;0
473.57;473.64;77;5
473.57;473.64;84;0
473.57;473.64;48;0
473.64;473.67;80;8
473.64;473.67;83;11
473.64;473.67;60;0
473.67;473.77;77;5
473.67;473.77;84;0
473.67;473.77;48;0
473.77;473.87;80;8
473.77;473.87;83;11
473.77;473.87;60;0
473.87;473.97;77;5
473.87;473.97;84;0
473.87;473.97;48;0
473.97;474.07;80;8
473.97;474.07;83;11
473.97;474.07;60;0
474.07;474.17;77;5
474.07;474.17;84;0
474.07;474.17;48;0
474.17;474.27;80;8
474.17;474.27;83;11
474.17;474.27;60;0
474.27;474.37;77;5
474.27;474.37;84;0
474.27;474.37;48;0
474.37;474.47;80;8
474.37;474.47;83;11
474.37;474.47;60;0
474.47;474.57;77;5
474.47;474.57;84;0
474.47;474.57;48;0
474.57;474.67;80;8
474.57;474.67;83;11
474.57;474.67;60;0
474.67;474.69;77;5
474.67;474.69;84;0
474.67;474.69;48;0
474.69;474.77;80;8
474.69;474.77;83;11
474.69;474.77;60;0
474.77;474.85;77;5
474.77;474.85;84;0
474.77;474.85;48;0
474.85;474.86;80;8
474.85;474.86;83;11
474.85;474.86;60;0
474.86;474.91;77;5
474.86;474.91;84;0
474.86;474.91;48;0
474.91;474.95;80;8
474.91;474.95;83;11
474.91;474.95;60;0
474.95;475.05;77;5
474.95;475.05;84;0
474.95;475.08;48;0
475.05;475.08;80;8
475.05;475.08;83;11
475.08;475.09;77;5
475.08;475.09;84;0
475.08;475.09;41;5
475.09;475.13;80;8
475.09;475.13;83;11
475.09;475.13;39;3
475.13;475.14;77;5
475.13;475.14;84;0
475.13;475.14;37;1
475.14;475.21;80;8
475.14;475.21;83;11
475.14;475.21;36;0
475.21;475.41;77;5
475.21;475.41;85;1
475.21;475.41;35;11
475.41;475.5;76;4
475.41;475.5;84;0
475.41;475.49;47;11
475.41;475.49;49;1
475.41;475.49;53;5
475.49;475.5;56;8
475.5;475.55;75;3
475.5;475.55;83;11
475.5;475.51;47;11
475.5;475.51;49;1
475.5;475.51;53;5
475.51;475.55;56;8
475.55;475.62;74;2
475.55;475.62;82;10
475.55;475.61;47;11
475.55;475.61;49;1
475.55;475.61;53;5
475.61;475.62;56;8
475.62;475.69;73;1
475.62;475.69;81;9
475.62;475.63;47;11
475.62;475.63;49;1
475.62;475.63;53;5
475.63;475.69;56;8
475.69;475.89;72;0
475.69;475.89;80;8
475.69;475.79;47;11
475.69;475.79;49;1
475.69;475.79;53;5
475.79;475.89;56;8
475.89;476.09;71;11
475.89;476.09;79;7
475.89;475.99;47;11
475.89;475.99;49;1
475.89;475.99;53;5
475.99;476.09;56;8
476.09;476.29;70;10
476.09;476.29;78;6
476.09;476.19;47;11
476.09;476.19;49;1
476.09;476.19;53;5
476.19;476.29;56;8
476.29;476.49;69;9
476.29;476.49;77;5
476.29;476.39;47;11
476.29;476.39;49;1
476.29;476.39;53;5
476.39;476.49;56;8
476.49;476.69;68;8
476.49;476.69;76;4
476.49;477.19;47;11
476.49;477.19;49;1
476.49;477.19;53;5
476.69;476.89;67;7
476.69;476.89;75;3
476.89;477.09;66;6
476.89;477.09;74;2
477.09;477.19;65;5
477.09;477.19;73;1
477.19;477.35;64;4
477.19;477.35;72;0
477.35;477.55;63;3
477.35;477.55;71;11
477.55;477.75;62;2
477.55;477.75;70;10
477.75;477.9;61;1
477.75;477.9;69;9
477.9;477.95;60;0
477.9;477.95;68;8
477.95;478.05;67;7
477.95;478.15;35;11
478.05;478.15;62;2
478.15;478.23;67;7
478.23;478.33;62;2
478.33;478.43;59;11
478.43;478.53;55;7
478.53;478.56;71;11
478.53;478.63;55;7
478.56;478.63;67;7
478.63;478.73;71;11
478.73;478.83;67;7
478.83;478.93;62;2
478.93;479.01;59;11
479.01;479.11;74;2
479.01;479.21;59;11
479.11;479.21;71;11
479.21;479.31;74;2
479.31;479.39;71;11
479.39;479.41;67;7
479.41;479.51;62;2
479.51;479.61;79;7
479.51;479.71;62;2
479.61;479.71;74;2
479.71;479.81;79;7
479.81;479.86;74;2
479.86;479.88;71;11
479.88;479.91;67;7
479.91;479.92;83;11
479.91;479.93;67;7
479.92;479.93;79;7
479.93;480.03;83;11
480.03;480.13;79;7
480.13;480.23;74;2
480.23;480.33;71;11
480.33;480.43;86;2
480.33;480.53;71;11
480.43;480.53;83;11
480.53;480.63;86;2
480.63;480.73;83;11
480.73;480.83;79;7
480.83;480.93;74;2
480.93;480.96;77;5
480.93;480.96;86;2
480.93;480.96;49;1
480.96;480.97;80;8
480.96;480.97;85;1
480.96;480.97;61;1
480.97;480.98;77;5
480.97;480.98;86;2
480.97;480.98;49;1
480.98;481.03;80;8
480.98;481.03;85;1
480.98;481.03;61;1
481.03;481.13;77;5
481.03;481.13;86;2
481.03;481.13;49;1
481.13;481.23;80;8
481.13;481.23;85;1
481.13;481.23;61;1
481.23;481.33;77;5
481.23;481.33;86;2
481.23;481.33;49;1
481.33;481.43;80;8
481.33;481.43;85;1
481.33;481.43;61;1
481.43;481.53;77;5
481.43;481.53;86;2
481.43;481.53;49;1
481.53;481.63;80;8
481.53;481.63;85;1
481.53;481.63;61;1
481.63;481.73;77;5
481.63;481.73;86;2
481.63;481.73;49;1
481.73;481.83;80;8
481.73;481.83;85;1
481.73;481.83;61;1
481.83;481.93;77;5
481.83;481.93;86;2
481.83;481.93;49;1
481.93;482.03;80;8
481.93;482.03;85;1
481.93;482.03;61;1
482.03;482.13;77;5
482.03;482.13;86;2
482.03;482.13;49;1
482.13;482.23;80;8
482.13;482.23;85;1
482.13;482.23;61;1
482.23;482.33;77;5
482.23;482.33;86;2
482.23;482.33;49;1
482.33;482.43;80;8
482.33;482.43;85;1
482.33;482.43;61;1
482.43;482.53;77;5
482.43;482.53;86;2
482.43;482.53;49;1
482.53;482.63;80;8
482.53;482.63;85;1
482.53;482.63;61;1
482.63;482.73;77;5
482.63;482.73;86;2
482.63;482.73;49;1
482.73;482.81;80;8
482.73;482.81;85;1
482.73;482.81;61;1
482.81;482.83;77;5
482.81;482.83;86;2
482.81;482.83;49;1
482.83;482.88;80;8
482.83;482.88;85;1
482.83;482.88;61;1
482.88;482.89;77;5
482.88;482.89;86;2
482.88;482.89;49;1
482.89;482.97;80;8
482.89;482.97;85;1
482.89;482.97;61;1
482.97;483.07;77;5
482.97;483.07;86;2
482.97;483.07;49;1
483.07;483.17;80;8
483.07;483.17;85;1
483.07;483.17;61;1
483.17;483.27;77;5
483.17;483.27;86;2
483.17;483.27;49;1
483.27;483.37;80;8
483.27;483.37;85;1
483.27;483.37;61;1
483.37;483.47;77;5
483.37;483.47;86;2
483.37;483.47;49;1
483.47;483.55;80;8
483.47;483.55;85;1
483.47;483.55;61;1
483.55;483.59;77;5
483.55;483.59;86;2
483.55;483.59;49;1
483.59;483.67;80;8
483.59;483.67;85;1
483.59;483.67;61;1
483.67;483.77;77;5
483.67;483.77;86;2
483.67;483.77;49;1
483.77;483.87;80;8
483.77;483.87;85;1
483.77;483.87;61;1
483.87;484.41;78;6
483.87;484.41;81;9
483.87;484.41;85;1
483.87;484.41;90;6
483.87;483.97;42;6
483.97;484.07;54;6
484.07;484.16;42;6
484.16;484.21;54;6
484.21;484.31;42;6
484.31;484.41;54;6
484.41;484.57;80;8
484.41;484.57;88;4
484.41;484.51;42;6
484.51;484.57;54;6
484.57;484.73;78;6
484.57;484.73;86;2
484.57;484.65;42;6
484.65;484.73;54;6
484.73;484.93;76;4
484.73;484.93;85;1
484.73;484.83;42;6
484.83;484.93;54;6
484.93;485.04;74;2
484.93;485.04;83;11
484.93;484.97;42;6
484.97;485.04;54;6
485.04;485.15;73;1
485.04;485.15;81;9
485.04;485.1;42;6
485.1;485.15;54;6
485.15;485.27;71;11
485.15;485.27;80;8
485.15;485.21;42;6
485.21;485.27;54;6
485.27;485.47;69;9
485.27;485.47;78;6
485.27;485.37;42;6
485.37;485.47;54;6
485.47;485.67;68;8
485.47;485.67;76;4
485.47;485.57;42;6
485.57;485.67;54;6
485.67;485.87;66;6
485.67;485.87;74;2
485.67;485.77;42;6
485.77;485.87;54;6
485.87;486.04;64;4
485.87;486.04;73;1
485.87;485.97;42;6
485.97;486.04;54;6
486.04;486.13;62;2
486.04;486.13;71;11
486.04;486.05;42;6
486.05;486.13;54;6
486.13;486.33;61;1
486.13;486.33;69;9
486.13;486.23;42;6
486.23;486.33;54;6
486.33;486.4;59;11
486.33;486.4;68;8
486.33;486.4;42;6
486.4;486.59;57;9
486.4;486.59;66;6
486.59;486.73;60;0
486.59;486.73;64;4
486.73;486.91;63;3
486.73;487.01;41;5
486.73;487.01;53;5
486.91;487.1;69;9
487.1;487.14;71;11
487.14;487.25;72;0
487.14;487.15;53;5
487.15;487.16;57;9
487.16;487.25;53;5
487.25;487.37;71;11
487.25;487.37;57;9
487.37;487.47;74;2
487.37;487.4;53;5
487.4;487.41;59;11
487.41;487.47;57;9
487.47;487.53;73;1
487.47;487.53;59;11
487.53;487.91;76;4
487.53;487.66;53;5
487.66;487.78;60;0
487.78;487.91;57;9
487.91;488.03;75;3
487.91;488.03;60;0
488.03;488.41;77;5
488.03;488.16;52;4
488.16;488.28;60;0
488.28;488.41;57;9
488.41;488.53;76;4
488.41;488.53;60;0
488.53;488.91;79;7
488.53;488.66;52;4
488.66;488.78;63;3
488.78;488.91;60;0
488.91;489.03;78;6
488.91;489.03;63;3
489.03;489.41;81;9
489.03;489.16;52;4
489.16;489.28;62;2
489.28;489.41;59;11
489.41;489.47;80;8
489.41;489.47;62;2
489.47;489.49;82;10
489.47;489.48;49;1
489.48;489.48;55;7
489.48;489.49;52;4
489.49;489.57;81;9
489.49;489.57;55;7
489.57;489.95;84;0
489.57;489.7;50;2
489.7;489.82;56;8
489.82;489.95;53;5
489.95;490.07;83;11
489.95;490.07;56;8
490.07;490.41;86;2
490.07;490.19;52;4
490.19;490.28;58;10
490.28;490.41;55;7
490.41;490.53;85;1
490.41;490.53;58;10
490.53;490.85;88;4
490.53;490.65;53;5
490.65;490.76;60;0
490.76;490.85;57;9
490.85;490.89;87;3
490.85;490.89;60;0
490.89;490.95;89;5
490.89;490.9;52;4
490.9;490.91;60;0
490.91;490.95;57;9
490.95;491.01;88;4
490.95;491.01;60;0
491.01;491.51;77;5
491.01;491.51;82;10
491.01;491.51;89;5
491.01;491.51;50;2
491.01;491.51;62;2
491.51;492.31;77;5
492.31;492.53;70;10
492.53;493.24;39;3
492.53;493.24;51;3
492.66;492.78;68;8
492.78;492.91;69;9
492.91;492.99;71;11
492.99;493.12;74;2
493.12;493.24;72;0
493.24;493.37;71;11
493.24;493.49;42;6
493.24;493.49;54;6
493.37;493.49;69;9
493.49;493.88;78;6
493.49;494;45;9
493.49;494;57;9
493.88;494;75;3
494;494.13;72;0
494;494.25;48;0
494;494.25;60;0
494.13;494.25;69;9
494.25;494.3;72;0
494.25;494.3;78;6
494.25;494.3;81;9
494.25;494.3;51;3
494.25;494.3;63;3
494.55;495.05;78;6
495.05;495.72;81;9
495.72;495.91;69;9
495.91;496.14;68;8
495.91;496.14;71;11
495.91;496.14;76;4
495.91;497.47;52;4
495.91;497.47;64;4
496.14;496.19;68;8
496.19;496.36;69;9
496.36;496.53;71;11
496.53;496.69;64;4
496.53;496.69;72;0
496.69;496.87;65;5
496.69;496.87;69;9
496.69;496.87;74;2
496.87;496.97;69;9
496.97;497.14;71;11
497.14;497.31;72;0
497.31;497.47;65;5
497.31;497.47;69;9
497.31;497.47;74;2
497.47;497.81;67;7
497.47;497.81;69;9
497.47;497.81;73;1
497.47;497.81;76;4
497.47;498.2;45;9
497.47;498.2;57;9
497.81;497.89;71;11
497.89;498.01;69;9
497.89;498.01;73;1
498.01;498.17;71;11
498.01;498.17;74;2
498.17;498.2;73;1
498.17;498.2;76;4
498.2;498.41;69;9
498.2;498.41;74;2
498.2;498.41;77;5
498.2;499.07;50;2
498.2;499.07;57;9
498.41;498.57;73;1
498.57;498.74;74;2
498.74;498.91;69;9
498.74;498.91;73;1
498.74;498.91;76;4
498.91;499.07;69;9
498.91;499.07;74;2
498.91;499.07;77;5
499.07;499.78;67;7
499.07;499.78;70;10
499.07;499.78;73;1
499.07;499.78;79;7
499.07;499.66;52;4
499.07;499.66;55;7
499.07;499.66;58;10
499.07;499.66;61;1
499.66;499.78;58;10
499.78;500.03;67;7
499.78;499.91;55;7
499.91;500.03;52;4
500.03;500.13;70;10
500.03;500.19;50;2
500.11;500.12;62;2
500.12;500.13;65;5
500.13;500.19;70;10
500.19;500.69;69;9
500.19;500.32;67;7
500.19;500.69;49;1
500.32;500.44;64;4
500.44;500.57;67;7
500.57;500.69;64;4
500.69;501.13;74;2
500.69;500.82;70;10
500.69;501.13;53;5
500.82;500.93;67;7
500.93;501.01;70;10
501.01;501.13;67;7
501.13;501.38;73;1
501.13;501.26;70;10
501.13;501.63;52;4
501.26;501.38;67;7
501.38;501.51;70;10
501.51;501.63;67;7
501.63;501.74;74;2
501.63;502.11;53;5
501.74;501.86;70;10
501.86;502.11;74;2
501.99;502.11;70;10
502.11;502.17;74;2
502.11;502.15;72;0
502.11;502.19;54;6
502.15;502.16;69;9
502.16;502.17;72;0
502.17;502.19;74;2
502.19;502.96;75;3
502.19;502.32;74;2
502.19;502.96;55;7
502.32;502.44;70;10
502.44;502.57;74;2
502.57;502.69;70;10
502.69;502.82;74;2
502.82;502.93;70;10
502.93;502.95;74;2
502.95;502.96;70;10
502.96;503.5;76;4
502.96;502.97;74;2
502.96;503;55;7
502.97;503.08;70;10
503;503.17;53;5
503.08;503.21;74;2
503.17;503.27;52;4
503.21;503.5;70;10
503.27;503.5;74;2
503.27;503.42;50;2
503.42;503.59;48;0
503.5;503.63;77;5
503.59;503.75;46;10
503.63;503.75;79;7
503.75;504.25;69;9
503.75;504.25;74;2
503.75;504.25;77;5
503.75;504.25;81;9
503.75;504;45;9
504.25;504.97;69;9
504.25;504.5;57;9
504.25;504.5;61;1
504.25;504.5;64;4
504.25;504.5;67;7
504.97;505.01;69;9
505.01;505.37;77;5
505.37;505.49;76;4
505.49;505.89;74;2
505.49;506.54;56;8
505.49;506.54;59;11
505.49;506.54;62;2
505.49;506.54;65;5
505.89;506.06;71;11
505.89;506.06;74;2
506.06;506.23;71;11
506.06;506.23;74;2
506.23;506.37;71;11
506.23;506.37;74;2
506.37;506.54;71;11
506.37;506.54;74;2
506.37;506.54;77;5
506.54;506.79;65;5
506.54;506.79;71;11
506.54;506.79;74;2
506.79;507.17;64;4
506.79;507.17;70;10
506.79;507.17;74;2
506.79;507.17;55;7
507.17;507.49;66;6
507.17;507.49;70;10
507.17;507.49;75;3
507.49;507.61;66;6
507.49;507.61;70;10
507.49;507.61;75;3
507.61;507.75;66;6
507.61;507.75;70;10
507.61;507.75;75;3
507.61;507.74;54;6
507.61;507.74;58;10
507.61;507.74;63;3
507.75;508.44;65;5
507.75;508.44;70;10
507.75;508.44;73;1
507.75;508.44;77;5
508.19;508.44;53;5
508.19;508.44;58;10
508.19;508.44;61;1
508.44;508.67;65;5
508.44;508.67;70;10
508.44;508.67;73;1
508.44;508.67;77;5
508.67;509.17;66;6
508.67;509.17;70;10
508.67;509.17;73;1
508.67;509.17;78;6
509.17;509.48;66;6
509.17;509.48;70;10
509.17;509.48;73;1
509.17;509.42;52;4
509.17;509.42;58;10
509.17;509.42;61;1
509.48;509.49;66;6
509.48;509.49;70;10
509.48;509.49;73;1
509.49;509.84;67;7
509.49;509.84;70;10
509.49;509.84;74;2
509.49;509.84;79;7
509.84;510.15;67;7
509.84;510.15;70;10
509.84;510.15;74;2
509.84;510.02;50;2
509.84;510.02;62;2
510.15;510.27;67;7
510.15;510.27;70;10
510.15;510.27;74;2
510.27;510.77;68;8
510.27;510.77;75;3
510.27;510.77;80;8
510.27;510.65;48;0
510.65;510.77;50;2
510.77;511.66;60;0
510.77;511.66;63;3
510.77;511.66;68;8
510.77;511.15;51;3
511.15;511.27;53;5
511.27;511.63;55;7
511.63;511.66;56;8
511.66;511.87;63;3
511.66;511.87;68;8
511.66;511.79;59;11
511.79;511.87;60;0
511.87;512;64;4
511.87;512;67;7
511.87;512.05;61;1
512.05;512.06;64;4
512.06;512.33;67;7
512.33;512.45;66;6
512.33;512.45;78;6
512.33;512.45;65;5
512.45;513.33;67;7
512.45;513.33;79;7
512.45;512.83;64;4
512.83;512.95;62;2
512.95;513.33;61;1
513.33;513.45;68;8
513.33;513.45;80;8
513.33;513.45;58;10
513.45;513.87;69;9
513.45;513.87;73;1
513.45;513.87;81;9
513.45;513.83;57;9
513.83;513.87;55;7
513.87;514.53;61;1
513.87;514.53;67;7
513.87;514.53;69;9
513.87;513.91;53;5
513.91;514.03;52;4
514.03;514.41;50;2
514.41;514.53;49;1
514.53;515.03;61;1
514.53;515.03;67;7
514.53;515.03;69;9
514.53;514.91;50;2
514.91;515.03;52;4
515.03;515.46;62;2
515.03;515.46;65;5
515.03;515.46;69;9
515.03;515.15;53;5
515.15;515.27;52;4
515.27;515.52;50;2
515.52;515.53;68;8
515.52;515.53;80;8
515.52;515.53;52;4
515.53;516.35;69;9
515.53;516.35;81;9
515.53;515.91;53;5
515.91;516.03;52;4
516.03;516.35;50;2
516.35;516.47;70;10
516.35;516.47;82;10
516.35;516.47;48;0
516.47;516.83;71;11
516.47;516.83;75;3
516.47;516.83;83;11
516.47;516.83;47;11
516.83;517.22;63;3
516.83;517.22;66;6
516.83;516.94;47;11
516.94;517.06;57;9
517.06;517.22;71;11
517.06;517.19;47;11
517.19;517.22;57;9
517.22;517.71;72;0
517.22;517.71;64;4
517.22;517.34;47;11
517.34;517.46;55;7
517.46;517.59;47;11
517.59;517.71;55;7
517.71;518.2;71;11
517.71;518.2;63;3
517.71;517.84;47;11
517.84;517.96;54;6
517.96;518.09;47;11
518.09;518.2;54;6
518.2;518.67;78;6
518.2;518.67;69;9
518.2;518.67;71;11
518.2;518.3;47;11
518.3;518.42;51;3
518.42;518.55;47;11
518.55;518.67;51;3
518.67;518.78;76;4
518.67;518.83;67;7
518.67;518.83;72;0
518.67;518.76;47;11
518.76;518.78;52;4
518.78;518.83;76;4
518.78;518.82;47;11
518.82;518.83;52;4
518.83;519.27;75;3
518.83;519.27;66;6
518.83;519.27;69;9
518.83;518.92;47;11
518.92;519.04;54;6
519.04;519.17;47;11
519.17;519.27;54;6
519.27;519.69;72;0
519.27;519.69;64;4
519.27;519.69;67;7
519.27;519.4;47;11
519.4;519.52;55;7
519.52;519.57;47;11
519.57;519.69;55;7
519.69;520.07;72;0
519.69;520.51;63;3
519.69;520.51;66;6
519.69;519.82;47;11
519.82;519.94;57;9
519.94;520.01;47;11
520.01;520.07;57;9
520.07;520.26;71;11
520.07;520.14;47;11
520.14;520.26;57;9
520.26;520.39;47;11
520.39;520.51;57;9
520.51;521.2;64;4
520.51;521.2;76;4
520.51;520.58;56;8
520.51;521.45;52;4
520.58;520.7;62;2
520.7;520.83;56;8
520.83;520.95;62;2
520.95;521.08;56;8
521.08;521.2;62;2
521.2;521.45;64;4
521.2;521.45;76;4
521.2;521.33;56;8
521.33;521.45;62;2
521.45;521.89;65;5
521.45;521.89;77;5
521.45;521.52;57;9
521.45;522.39;52;4
521.52;521.64;60;0
521.64;521.77;57;9
521.77;521.89;60;0
521.89;522.14;64;4
521.89;522.14;76;4
521.89;522.02;56;8
522.02;522.14;59;11
522.14;522.39;64;4
522.14;522.39;76;4
522.14;522.27;56;8
522.27;522.39;59;11
522.39;522.89;64;4
522.39;522.89;76;4
522.39;523.03;69;9
522.39;522.52;53;5
522.52;522.64;57;9
522.64;522.77;53;5
522.77;522.89;57;9
522.89;522.94;60;0
522.89;522.94;72;0
522.89;522.93;53;5
522.93;522.94;57;9
522.94;523.03;62;2
522.94;523.03;74;2
522.94;522.95;53;5
522.95;523.03;57;9
523.03;523.08;64;4
523.03;523.08;68;8
523.03;523.08;76;4
523.03;523.08;40;4
523.03;523.08;52;4
523.08;523.21;59;11
523.08;523.21;64;4
523.21;523.33;68;8
523.33;523.46;60;0
523.33;523.46;65;5
523.33;523.52;45;9
523.46;523.52;69;9
523.52;523.59;60;0
523.52;523.59;65;5
523.59;523.71;69;9
523.71;523.84;61;1
523.71;523.84;66;6
523.71;523.96;42;6
523.84;523.96;70;10
523.96;524.09;61;1
523.96;524.09;66;6
524.09;524.21;70;10
524.21;524.34;62;2
524.21;524.34;67;7
524.21;524.46;47;11
524.34;524.46;71;11
524.46;524.59;62;2
524.46;524.59;67;7
524.59;524.71;71;11
524.71;524.72;63;3
524.71;524.72;68;8
524.71;524.73;44;8
524.72;524.73;72;0
524.73;524.77;63;3
524.73;524.77;68;8
524.77;524.88;72;0
524.88;524.96;64;4
524.88;524.96;69;9
524.88;525.08;49;1
524.96;525.08;73;1
525.08;525.21;64;4
525.08;525.21;69;9
525.21;525.32;73;1
525.32;525.42;65;5
525.32;525.42;70;10
525.32;525.5;46;10
525.42;525.5;74;2
525.5;525.63;65;5
525.5;525.63;70;10
525.63;525.75;74;2
525.75;525.88;66;6
525.75;525.88;71;11
525.75;526;51;3
525.88;526;75;3
526;526.13;66;6
526;526.13;71;11
526.13;526.23;75;3
526.23;526.24;67;7
526.23;526.24;72;0
526.23;526.25;48;0
526.23;526.25;55;7
526.24;526.24;76;4
526.24;526.24;67;7
526.24;526.24;72;0
526.24;526.25;76;4
526.25;526.36;67;7
526.25;526.36;72;0
526.25;526.73;52;4
526.25;526.73;60;0
526.36;526.48;79;7
526.48;526.61;67;7
526.48;526.61;72;0
526.61;526.73;79;7
526.73;526.86;72;0
526.73;526.86;76;4
526.73;527.23;55;7
526.73;527.23;64;4
526.86;526.98;84;0
526.98;527.11;72;0
526.98;527.11;76;4
527.11;527.23;84;0
527.23;527.36;76;4
527.23;527.36;79;7
527.23;527.73;60;0
527.23;527.73;67;7
527.36;527.48;88;4
527.48;527.61;76;4
527.48;527.61;79;7
527.61;527.73;88;4
527.73;527.98;76;4
527.73;527.98;84;0
527.73;527.98;64;4
527.73;527.98;67;7
527.98;528.11;64;4
527.98;528.11;67;7
528.11;528.19;72;0
528.19;528.67;76;4
528.19;528.3;64;4
528.19;528.3;67;7
528.3;528.42;72;0
528.42;528.55;64;4
528.42;528.55;67;7
528.55;528.67;72;0
528.67;528.8;64;4
528.67;528.8;67;7
528.8;528.92;72;0
528.92;529.05;64;4
528.92;529.05;67;7
529.05;529.15;72;0
529.15;529.27;64;4
529.15;529.27;67;7
529.27;529.36;72;0
529.36;529.45;64;4
529.36;529.45;67;7
529.45;529.57;72;0
529.57;530.07;79;7
529.57;529.7;61;1
529.57;529.7;64;4
529.57;529.7;67;7
529.7;529.82;70;10
529.82;529.95;61;1
529.82;529.95;64;4
529.82;529.95;67;7
529.95;530.07;70;10
530.07;530.24;73;1
530.07;530.14;61;1
530.07;530.14;64;4
530.07;530.14;67;7
530.14;530.24;70;10
530.24;530.37;74;2
530.24;530.33;61;1
530.24;530.33;64;4
530.24;530.33;67;7
530.33;530.37;70;10
530.37;531.37;76;4
530.37;530.5;61;1
530.37;530.5;64;4
530.37;530.5;67;7
530.5;530.62;70;10
530.62;530.75;61;1
530.62;530.75;64;4
530.62;530.75;67;7
530.75;530.87;70;10
530.87;531;61;1
530.87;531;64;4
530.87;531;67;7
531;531.12;70;10
531.12;531.37;61;1
531.12;531.37;64;4
531.12;531.37;67;7
531.37;531.48;58;10
531.37;531.48;61;1
531.37;531.48;64;4
531.37;531.67;31;7
531.48;531.54;55;7
531.54;531.67;58;10
531.54;531.67;61;1
531.54;531.67;64;4
531.67;531.79;55;7
531.67;531.79;33;9
531.79;531.92;58;10
531.79;531.92;61;1
531.79;531.92;64;4
531.79;532.17;34;10
531.92;532.04;55;7
532.04;532.17;58;10
532.04;532.17;61;1
532.04;532.17;64;4
532.17;532.29;55;7
532.17;532.29;36;0
532.29;532.42;58;10
532.29;532.42;61;1
532.29;532.42;64;4
532.29;532.65;37;1
532.42;532.54;55;7
532.54;532.65;58;10
532.54;532.65;61;1
532.54;532.65;64;4
532.65;532.66;55;7
532.65;532.66;38;2
532.66;532.67;58;10
532.66;532.67;61;1
532.66;532.67;64;4
532.66;532.79;40;4
532.67;532.68;55;7
532.68;532.79;58;10
532.68;532.79;61;1
532.68;532.79;64;4
532.79;532.91;55;7
532.79;532.91;41;5
532.91;533.16;58;10
532.91;533.16;61;1
532.91;533.16;64;4
532.91;533.16;42;6
533.16;533.29;54;6
533.16;533.29;58;10
533.16;533.29;61;1
533.29;533.37;70;10
533.29;533.37;64;4
533.37;533.65;70;10
533.37;533.39;54;6
533.37;533.39;58;10
533.37;533.39;61;1
533.39;533.46;64;4
533.46;533.59;54;6
533.46;533.59;58;10
533.46;533.59;61;1
533.59;533.65;64;4
533.65;534.16;70;10
533.65;533.78;54;6
533.65;533.78;58;10
533.65;533.78;61;1
533.78;533.9;64;4
533.9;533.95;54;6
533.9;533.95;58;10
533.9;533.95;61;1
533.95;534.07;64;4
534.07;534.12;54;6
534.07;534.12;58;10
534.07;534.12;61;1
534.12;534.16;64;4
534.16;534.21;70;10
534.16;534.21;54;6
534.16;534.21;58;10
534.16;534.21;61;1
534.21;534.46;66;6
534.21;534.46;72;0
534.21;534.46;75;3
534.21;534.59;33;9
534.46;534.59;60;0
534.46;534.59;63;3
534.46;534.59;66;6
534.59;534.71;57;9
534.59;534.71;34;10
534.71;534.84;60;0
534.71;534.84;63;3
534.71;534.84;66;6
534.71;535.09;36;0
534.84;534.96;57;9
534.96;535.09;60;0
534.96;535.09;63;3
534.96;535.09;66;6
535.09;535.17;57;9
535.09;535.17;38;2
535.17;535.3;60;0
535.17;535.3;63;3
535.17;535.3;66;6
535.17;535.47;39;3
535.3;535.42;57;9
535.42;535.47;60;0
535.42;535.47;63;3
535.42;535.47;66;6
535.47;535.55;57;9
535.47;535.55;41;5
535.55;535.56;60;0
535.55;535.56;63;3
535.55;535.56;66;6
535.55;535.72;42;6
535.56;535.6;57;9
535.6;535.72;60;0
535.6;535.72;63;3
535.6;535.72;66;6
535.72;535.81;57;9
535.72;535.81;43;7
535.81;536.06;60;0
535.81;536.06;63;3
535.81;536.06;66;6
535.81;536.06;44;8
536.06;536.19;56;8
536.06;536.19;60;0
536.06;536.19;63;3
536.19;536.31;66;6
536.31;537;72;0
536.31;536.4;56;8
536.31;536.4;60;0
536.31;536.4;63;3
536.4;536.5;66;6
536.5;536.63;56;8
536.5;536.63;60;0
536.5;536.63;63;3
536.63;536.75;66;6
536.75;536.88;56;8
536.75;536.88;60;0
536.75;536.88;63;3
536.88;537;66;6
537;537.22;72;0
537;537.13;56;8
537;537.13;60;0
537;537.13;63;3
537.13;537.22;66;6
537.22;537.31;72;0
537.22;537.24;56;8
537.22;537.24;60;0
537.22;537.24;63;3
537.24;537.25;66;6
537.25;537.31;56;8
537.25;537.31;60;0
537.25;537.31;63;3
537.31;537.56;65;5
537.31;537.56;68;8
537.31;537.56;74;2
537.31;537.56;77;5
537.31;537.69;35;11
537.56;537.69;62;2
537.56;537.69;65;5
537.56;537.69;68;8
537.69;537.81;59;11
537.69;537.81;36;0
537.81;537.94;62;2
537.81;537.94;65;5
537.81;537.94;68;8
537.81;538.15;38;2
537.94;538.04;59;11
538.04;538.15;62;2
538.04;538.15;65;5
538.04;538.15;68;8
538.15;538.25;59;11
538.15;538.25;39;3
538.25;538.26;62;2
538.25;538.26;65;5
538.25;538.26;68;8
538.25;538.45;41;5
538.26;538.32;59;11
538.32;538.45;62;2
538.32;538.45;65;5
538.32;538.45;68;8
538.45;538.57;59;11
538.45;538.57;47;11
538.57;538.7;62;2
538.57;538.7;65;5
538.57;538.7;68;8
538.57;538.9;50;2
538.7;538.82;59;11
538.82;538.9;62;2
538.82;538.9;65;5
538.82;538.9;68;8
538.9;538.99;59;11
538.9;538.99;48;0
538.99;539.12;62;2
538.99;539.12;65;5
538.99;539.12;68;8
538.99;539.37;47;11
539.12;539.24;59;11
539.24;539.37;62;2
539.24;539.37;65;5
539.24;539.37;68;8
539.37;539.49;59;11
539.37;539.49;44;8
539.49;539.62;62;2
539.49;539.62;65;5
539.49;539.62;68;8
539.49;539.74;43;7
539.62;539.71;59;11
539.71;539.74;62;2
539.71;539.74;65;5
539.71;539.74;68;8
539.74;539.75;59;11
539.74;539.75;41;5
539.75;539.84;62;2
539.75;539.84;65;5
539.75;539.84;68;8
539.75;539.96;39;3
539.84;539.95;59;11
539.95;539.96;62;2
539.95;539.96;65;5
539.95;539.96;68;8
539.96;539.97;59;11
539.96;539.97;38;2
539.97;540.08;65;5
539.97;540.08;68;8
539.97;540.33;36;0
540.08;540.2;62;2
540.2;540.33;65;5
540.2;540.33;67;7
540.33;540.45;62;2
540.33;540.45;35;11
540.45;540.92;63;3
540.45;540.92;67;7
540.45;540.92;75;3
540.45;540.83;36;0
540.83;540.92;38;2
540.92;541.25;63;3
540.92;541.25;67;7
540.92;541.25;72;0
540.92;541.25;39;3
541.25;541.28;63;3
541.25;541.28;67;7
541.25;541.28;72;0
541.25;541.28;41;5
541.28;541.75;63;3
541.28;541.75;67;7
541.28;541.75;72;0
541.28;541.63;43;7
541.63;541.75;48;0
541.75;541.87;63;3
541.75;541.87;67;7
541.75;541.87;72;0
541.75;541.89;51;3
541.87;542;63;3
541.87;542;67;7
541.87;542;72;0
541.89;542;50;2
542;542.44;67;7
542;542.44;72;0
542;542.44;75;3
542;542.15;48;0
542.15;542.27;46;10
542.27;542.65;44;8
542.44;542.61;65;5
542.44;542.61;74;2
542.61;542.77;63;3
542.61;542.77;72;0
542.65;542.77;43;7
542.77;543.43;72;0
542.77;543.43;75;3
542.77;543.43;79;7
542.77;543.15;41;5
543.15;543.27;39;3
543.27;543.45;38;2
543.45;543.51;36;0
543.51;543.85;58;10
543.51;543.85;64;4
543.51;543.85;67;7
543.51;543.73;37;1
543.73;543.85;38;2
543.85;544.08;40;4
544.07;544.09;67;7
544.07;544.09;70;10
544.07;544.09;73;1
544.07;544.09;76;4
544.08;544.09;41;5
544.09;544.84;67;7
544.09;544.84;70;10
544.09;544.84;73;1
544.09;544.84;76;4
544.09;544.47;43;7
544.47;544.59;45;9
544.59;545.09;46;10
544.84;545.09;67;7
544.84;545.09;70;10
544.84;545.09;73;1
544.84;545.09;76;4
545.09;545.59;67;7
545.09;545.59;70;10
545.09;545.59;73;1
545.09;545.59;79;7
545.09;545.47;40;4
545.47;545.59;41;5
545.59;545.84;67;7
545.59;545.97;43;7
545.84;546.09;67;7
545.97;546.09;45;9
546.09;546.58;61;1
546.09;546.58;64;4
546.09;546.58;70;10
546.09;546.47;46;10
546.47;546.57;48;0
546.57;546.62;49;1
546.58;546.61;69;9
546.61;546.62;67;7
546.62;546.95;65;5
546.62;546.95;70;10
546.62;546.95;74;2
546.62;546.83;50;2
546.83;546.95;53;5
546.95;547.45;58;10
547.2;547.45;65;5
547.2;547.45;70;10
547.2;547.45;74;2
547.45;547.93;66;6
547.45;547.93;70;10
547.45;547.93;75;3
547.83;547.93;42;6
547.83;547.93;54;6
547.93;548.21;46;10
547.93;548.21;58;10
547.96;548.21;66;6
547.96;548.21;70;10
547.96;548.21;75;3
548.21;548.94;67;7
548.21;548.94;70;10
548.21;548.94;76;4
548.59;548.71;43;7
548.59;548.71;55;7
548.71;549.11;46;10
548.71;549.11;58;10
548.94;549.11;67;7
548.94;549.11;70;10
548.94;549.11;76;4
549.11;549.61;68;8
549.11;549.61;71;11
549.11;549.61;74;2
549.11;549.61;77;5
549.49;549.61;44;8
549.49;549.61;56;8
549.61;549.85;68;8
549.61;549.85;71;11
549.61;549.85;74;2
549.61;549.76;47;11
549.61;549.76;59;11
549.76;549.85;50;2
549.76;549.85;62;2
549.85;550.6;77;5
549.85;550.1;68;8
549.85;550.1;71;11
549.85;550.1;53;5
549.85;550.1;65;5
550.6;550.85;76;4
550.85;551.21;76;4
551.21;551.46;74;2
551.73;551.98;69;9
551.73;551.98;74;2
551.73;551.98;77;5
551.73;551.98;81;9
551.73;551.98;57;9
551.73;551.98;62;2
551.73;551.98;65;5
552.39;553.77;81;9
553.01;553.34;45;9
553.09;553.34;52;4
553.18;553.34;55;7
553.24;553.34;61;1
553.77;554.42;73;1
554.42;554.87;73;1
554.87;555.12;65;5
554.87;555.12;74;2
554.87;555.37;50;2
554.87;555.37;53;5
554.87;555.37;57;9
554.87;555.37;62;2
555.12;555.37;69;9
555.37;555.58;65;5
555.37;555.58;74;2
555.37;555.46;50;2
555.46;555.58;53;5
555.58;555.83;65;5
555.58;555.83;74;2
555.58;555.71;57;9
555.71;555.83;62;2
555.83;556.28;69;9
555.83;556.28;74;2
555.83;556.28;77;5
555.83;555.96;50;2
555.96;556.08;53;5
556.08;556.21;57;9
556.21;556.28;62;2
556.28;556.48;65;5
556.28;556.48;69;9
556.28;556.48;74;2
556.28;556.38;50;2
556.38;556.48;53;5
556.48;556.59;65;5
556.48;556.59;69;9
556.48;556.59;74;2
556.48;556.56;57;9
556.56;556.59;62;2
556.59;557.09;68;8
556.59;557.09;71;11
556.59;557.09;74;2
556.59;556.84;47;11
556.59;556.84;59;11
557.09;557.12;64;4
557.09;557.12;68;8
557.09;557.12;71;11
557.17;557.67;76;4
557.67;557.92;68;8
557.92;558.17;69;9
558.17;558.42;69;9
558.42;558.67;64;4
558.67;558.92;48;0
558.67;558.92;52;4
558.67;558.92;57;9
559.06;559.21;72;0
559.21;559.4;72;0
559.4;559.61;71;11
559.61;559.86;71;11
559.86;560.11;69;9
560.11;560.24;60;0
560.24;560.36;64;4
560.36;560.49;60;0
560.49;560.61;64;4
560.61;561.11;76;4
560.61;560.74;60;0
560.74;560.86;64;4
560.86;560.99;60;0
560.99;561.11;64;4
561.11;561.43;69;9
561.11;561.24;60;0
561.24;561.26;64;4
561.26;561.33;60;0
561.33;561.43;64;4
561.43;561.75;72;0
561.43;561.49;60;0
561.49;561.54;64;4
561.54;561.63;60;0
561.63;561.75;64;4
561.75;561.92;71;11
561.75;561.8;60;0
561.8;561.92;64;4
561.92;562.17;69;9
561.92;562.05;60;0
562.05;562.17;64;4
562.17;562.67;71;11
562.17;562.3;65;5
562.3;562.42;62;2
562.42;562.55;65;5
562.55;562.67;62;2
562.67;562.92;69;9
562.67;562.8;65;5
562.67;562.92;50;2
562.67;562.92;53;5
562.67;562.92;59;11
562.8;562.92;62;2
562.92;563.05;65;5
563.05;563.17;64;4
563.17;563.67;65;5
563.17;563.67;69;9
563.17;563.67;74;2
563.17;563.3;59;11
563.17;563.67;53;5
563.3;563.42;62;2
563.42;563.55;59;11
563.55;563.67;62;2
563.67;563.84;71;11
563.67;563.8;59;11
563.8;563.86;62;2
563.84;563.87;72;0
563.86;563.87;59;11
563.87;563.88;74;2
563.87;563.88;62;2
563.88;564.29;77;5
563.88;563.92;59;11
563.92;564.04;62;2
564.04;564.17;59;11
564.17;564.29;62;2
564.29;564.54;74;2
564.29;564.42;59;11
564.42;564.54;62;2
564.54;564.77;72;0
564.54;564.67;59;11
564.67;564.77;62;2
564.77;565.44;71;11
564.77;564.82;59;11
564.82;564.94;62;2
564.94;565.07;59;11
565.07;565.19;62;2
565.19;565.32;59;11
565.32;565.44;62;2
565.44;565.51;71;11
565.44;565.5;59;11
565.5;565.51;62;2
565.51;565.93;76;4
565.51;565.6;68;8
565.51;565.68;56;8
565.51;565.68;59;11
565.51;565.68;50;2
565.6;565.68;64;4
565.68;565.81;68;8
565.81;565.93;64;4
565.93;566.18;71;11
565.93;566.06;68;8
566.06;566.18;65;5
566.18;566.43;71;11
566.18;566.31;68;8
566.31;566.43;64;4
566.43;566.93;73;1
566.43;566.56;67;7
566.43;566.56;57;9
566.56;566.68;64;4
566.56;566.68;61;1
566.68;566.81;67;7
566.68;566.81;57;9
566.81;566.93;64;4
566.81;566.93;61;1
566.93;567.04;67;7
566.93;566.98;57;9
566.93;567.04;52;4
566.93;567.04;55;7
566.98;567.04;61;1
567.04;567.29;69;9
567.04;567.17;57;9
567.17;567.29;61;1
567.29;567.53;70;10
567.29;568.15;64;4
567.29;568.15;67;7
567.29;567.31;57;9
567.31;567.4;61;1
567.4;567.53;57;9
567.53;567.65;70;10
567.53;567.65;61;1
567.65;567.9;69;9
567.65;567.78;57;9
567.78;567.9;61;1
567.9;568.15;69;9
567.9;568.03;57;9
568.03;568.15;61;1
568.15;568.65;74;2
568.15;568.28;55;7
568.15;568.28;58;10
568.28;568.4;61;1
568.4;568.53;55;7
568.4;568.53;58;10
568.53;568.65;61;1
568.65;568.9;73;1
568.65;568.78;55;7
568.65;568.78;58;10
568.78;568.9;61;1
568.9;569.11;73;1
568.9;568.99;55;7
568.9;568.99;58;10
568.99;569.11;61;1
569.11;569.65;74;2
569.11;569.24;53;5
569.11;569.24;57;9
569.24;569.36;62;2
569.36;569.49;53;5
569.36;569.49;57;9
569.49;569.57;62;2
569.57;569.59;53;5
569.57;569.59;57;9
569.59;569.65;62;2
569.65;569.71;74;2
569.65;569.67;53;5
569.65;569.67;57;9
569.67;569.71;62;2
569.71;570.38;76;4
569.71;569.84;52;4
569.71;569.84;55;7
569.71;569.84;57;9
569.84;569.96;61;1
569.96;570.09;52;4
569.96;570.09;55;7
569.96;570.09;57;9
570.09;570.21;61;1
570.21;570.34;52;4
570.21;570.34;55;7
570.21;570.34;57;9
570.34;570.46;61;1
570.38;570.49;73;1
570.46;570.51;52;4
570.46;570.51;55;7
570.46;570.51;57;9
570.49;570.63;69;9
570.51;570.63;61;1
570.63;571.13;77;5
570.63;570.76;50;2
570.63;570.76;53;5
570.63;570.76;57;9
570.76;570.88;62;2
570.88;571.01;50;2
570.88;571.01;53;5
570.88;571.01;57;9
571.01;571.13;62;2
571.13;571.26;50;2
571.13;571.26;53;5
571.13;571.26;57;9
571.26;571.38;62;2
571.38;571.63;74;2
571.38;571.51;50;2
571.38;571.51;53;5
571.38;571.51;57;9
571.51;571.63;62;2
571.63;572.13;77;5
571.63;573.5;65;5
571.63;573.5;62;2
571.63;573.5;55;7
571.63;573.5;58;10
572.13;572.52;76;4
572.52;573.18;74;2
573.18;573.32;72;0
573.32;573.59;70;10
573.59;573.8;69;9
573.8;574.13;67;7
574.13;575.13;76;4
574.63;575.38;48;0
574.63;575.38;52;4
574.63;575.38;55;7
574.63;575.38;58;10
575.13;575.63;79;7
575.63;575.88;76;4
575.88;576.13;72;0
576.13;576.42;77;5
576.42;576.54;45;9
576.42;576.54;48;0
576.42;576.54;53;5
576.42;576.54;57;9
576.54;576.79;77;5
576.79;577.23;69;9
577.23;577.41;70;10
577.41;577.59;69;9
577.59;578.07;76;4
577.59;577.82;45;9
577.59;577.82;49;1
577.59;577.82;52;4
577.59;577.82;55;7
578.07;578.26;73;1
578.26;578.41;67;7
578.41;579.1;65;5
578.87;580.19;44;8
578.87;580.19;47;11
578.87;580.19;50;2
578.87;580.19;53;5
579.35;580.1;74;2
580.1;580.19;74;2
580.19;580.45;64;4
580.45;581.31;43;7
580.45;581.31;46;10
580.45;581.31;50;2
580.45;581.31;52;4
580.7;580.95;67;7
580.95;581.56;70;10
581.31;581.44;55;7
581.31;581.44;58;10
581.44;581.56;62;2
581.56;581.69;55;7
581.56;581.69;58;10
581.69;581.79;62;2
581.79;582.59;73;1
581.79;581.92;52;4
581.79;581.92;55;7
581.79;581.92;58;10
581.92;582.04;61;1
582.04;582.17;52;4
582.04;582.17;55;7
582.04;582.17;58;10
582.17;582.29;61;1
582.29;582.42;52;4
582.29;582.42;55;7
582.29;582.42;58;10
582.42;582.44;61;1
582.44;582.47;52;4
582.44;582.47;55;7
582.44;582.47;58;10
582.47;582.59;61;1
582.59;583.01;76;4
582.59;582.72;52;4
582.59;582.72;55;7
582.59;582.72;58;10
582.72;582.84;61;1
582.84;582.94;52;4
582.84;582.94;55;7
582.84;582.94;58;10
582.94;583.01;61;1
583.01;583.26;73;1
583.01;583.14;52;4
583.01;583.14;55;7
583.01;583.14;58;10
583.14;583.26;61;1
583.26;583.51;69;9
583.26;583.39;52;4
583.26;583.39;55;7
583.26;583.39;58;10
583.39;583.51;61;1
583.51;583.84;74;2
583.51;583.55;53;5
583.51;583.55;57;9
583.55;583.64;62;2
583.64;583.77;53;5
583.64;583.77;57;9
583.77;583.84;62;2
583.84;583.94;53;5
583.84;583.94;57;9
583.94;584.04;62;2
583.98;584.09;74;2
584.04;584.13;53;5
584.04;584.13;57;9
584.09;584.25;74;2
584.13;584.25;62;2
584.25;585;75;3
584.25;584.38;54;6
584.25;584.38;57;9
584.25;584.38;62;2
584.38;584.5;63;3
584.5;584.63;54;6
584.5;584.63;57;9
584.5;584.63;62;2
584.63;584.75;63;3
584.75;584.88;54;6
584.75;584.88;57;9
584.75;584.88;62;2
584.88;585;63;3
585;585.25;75;3
585;585.13;54;6
585;585.13;57;9
585;585.13;62;2
585.13;585.25;63;3
585.25;585.75;76;4
585.25;585.38;55;7
585.25;585.38;58;10
585.25;585.38;62;2
585.38;585.5;64;4
585.5;585.63;55;7
585.5;585.63;58;10
585.5;585.63;62;2
585.63;585.75;64;4
585.75;585.9;76;4
585.75;585.88;55;7
585.75;585.88;58;10
585.75;585.88;62;2
585.88;585.9;64;4
585.9;586.07;76;4
585.9;585.95;55;7
585.9;585.95;58;10
585.9;585.95;62;2
585.95;586.07;64;4
586.07;586.87;77;5
586.07;586.2;56;8
586.07;586.2;59;11
586.07;586.2;62;2
586.2;586.32;65;5
586.32;586.45;56;8
586.32;586.45;59;11
586.32;586.45;62;2
586.45;586.57;65;5
586.57;586.7;56;8
586.57;586.7;59;11
586.57;586.7;62;2
586.7;586.82;65;5
586.82;586.86;56;8
586.82;586.86;59;11
586.82;586.86;62;2
586.86;586.87;65;5
586.87;587;57;9
586.87;587;60;0
586.87;587;62;2
587;587.14;66;6
587.14;587.27;57;9
587.14;587.27;60;0
587.14;587.27;62;2
587.27;587.39;66;6
587.39;587.64;74;2
587.39;587.52;57;9
587.39;587.52;60;0
587.39;587.52;62;2
587.52;587.64;66;6
587.64;587.89;74;2
587.64;587.77;57;9
587.64;587.77;60;0
587.64;587.77;62;2
587.77;587.89;66;6
587.89;589.39;79;7
587.89;588.02;58;10
587.89;588.02;63;3
588.02;588.14;67;7
588.14;588.27;58;10
588.14;588.27;63;3
588.27;588.39;67;7
588.39;588.52;58;10
588.39;588.52;63;3
588.52;588.64;67;7
588.64;588.77;58;10
588.64;588.77;63;3
588.77;588.89;67;7
588.89;589.14;58;10
588.89;589.14;63;3
589.39;589.89;77;5
589.89;590.64;75;3
590.64;591.19;74;2
591.19;591.79;74;2
591.19;591.44;46;10
591.19;591.44;49;1
591.19;591.44;52;4
591.19;591.44;55;7
591.79;591.91;73;1
591.91;592.16;74;2
592.16;592.58;76;4
592.58;593.28;77;5
592.58;592.86;47;11
592.58;592.86;50;2
592.58;592.86;53;5
592.58;592.86;56;8
593.28;593.45;76;4
593.45;593.61;74;2
593.61;594.11;76;4
594.11;594.74;57;9
594.11;594.74;45;9
594.74;594.86;59;11
594.74;594.86;47;11
594.86;594.99;61;1
594.86;594.99;49;1
594.99;595.11;62;2
594.99;595.11;50;2
595.11;595.2;64;4
595.11;595.24;52;4
595.2;595.28;65;5
595.28;595.32;67;7
595.32;595.33;69;9
595.33;595.41;71;11
595.41;595.49;73;1
595.49;595.74;74;2
595.49;595.74;58;10
595.49;595.74;62;2
595.49;595.74;67;7
595.74;595.99;67;7
595.74;595.99;79;7
595.99;596.73;67;7
595.99;596.73;70;10
595.99;596.73;74;2
595.99;596.73;79;7
595.99;596.12;46;10
595.99;596.12;50;2
596.12;596.24;55;7
596.24;596.37;46;10
596.24;596.37;50;2
596.37;596.49;55;7
596.49;596.62;46;10
596.49;596.62;50;2
596.62;596.71;55;7
596.71;596.72;46;10
596.71;596.72;50;2
596.72;596.73;55;7
596.73;597.17;69;9
596.73;597.17;74;2
596.73;597.17;77;5
596.73;597.17;81;9
596.73;596.8;45;9
596.73;596.8;50;2
596.8;596.92;53;5
596.92;597.05;45;9
596.92;597.05;50;2
597.05;597.17;53;5
597.17;598.17;70;10
597.17;598.17;75;3
597.17;598.17;82;10
597.17;597.42;43;7
597.17;597.42;51;3
597.42;597.55;55;7
597.42;597.55;58;10
597.55;597.67;63;3
597.67;597.8;55;7
597.67;597.8;58;10
597.8;597.92;63;3
597.92;598.05;55;7
597.92;598.05;58;10
598.05;598.17;63;3
598.17;598.67;67;7
598.17;598.67;70;10
598.17;598.67;75;3
598.17;598.3;55;7
598.17;598.3;58;10
598.3;598.42;63;3
598.42;598.55;55;7
598.42;598.55;58;10
598.55;598.67;63;3
598.67;598.68;55;7
598.67;598.68;58;10
598.68;598.69;63;3
598.69;598.87;67;7
598.69;598.87;70;10
598.69;598.87;75;3
598.69;598.77;55;7
598.69;598.77;58;10
598.77;598.87;63;3
598.87;599.6;66;6
598.87;599.6;69;9
598.87;599.6;74;2
598.87;599.12;38;2
598.87;599.12;50;2
599.12;599.25;54;6
599.25;599.37;57;9
599.37;599.5;54;6
599.37;600.13;50;2
599.5;599.6;57;9
599.6;599.66;62;2
599.6;599.66;66;6
599.6;599.66;69;9
599.6;599.64;54;6
599.64;599.66;57;9
599.66;599.88;62;2
599.66;599.88;66;6
599.66;599.88;69;9
599.66;599.76;54;6
599.76;599.88;57;9
599.88;600.01;66;6
599.88;600.01;54;6
600.01;600.13;67;7
600.01;600.13;57;9
600.13;600.22;69;9
600.13;600.22;54;6
600.13;600.49;50;2
600.22;600.28;70;10
600.22;600.28;57;9
600.28;600.39;72;0
600.28;600.39;54;6
600.39;600.49;74;2
600.39;600.49;57;9
600.49;601.39;63;3
600.49;601.39;66;6
600.49;601.39;75;3
600.49;600.6;57;9
600.49;601.64;50;2
600.6;600.65;60;0
600.65;600.77;57;9
600.77;600.89;60;0
600.89;601.02;57;9
601.02;601.14;60;0
601.14;601.27;57;9
601.27;601.39;60;0
601.39;601.64;74;2
601.39;601.52;62;2
601.39;601.64;54;6
601.52;601.64;64;4
601.64;601.77;66;6
601.64;601.89;57;9
601.77;601.89;67;7
601.89;602.02;69;9
601.89;602.14;62;2
602.02;602.14;70;10
602.14;602.25;72;0
602.25;602.33;74;2
602.33;603.25;65;5
602.33;603.25;68;8
602.33;603.25;77;5
602.33;602.46;56;8
602.33;603.5;50;2
602.46;602.58;59;11
602.58;602.71;56;8
602.71;602.83;59;11
602.83;602.96;56;8
602.96;603.07;59;11
603.07;603.13;56;8
603.13;603.25;59;11
603.25;603.5;76;4
603.25;603.38;64;4
603.25;603.5;56;8
603.38;603.5;66;6
603.5;603.63;68;8
603.5;603.75;59;11
603.63;603.75;69;9
603.75;603.88;71;11
603.75;604;64;4
603.88;604;72;0
604;604.13;74;2
604.13;604.25;76;4
604.25;605.07;67;7
604.25;605.07;69;9
604.25;605.07;75;3
604.25;605.07;79;7
604.25;604.36;57;9
604.25;605.3;48;0
604.36;604.46;60;0
604.46;604.51;57;9
604.51;604.63;60;0
604.63;604.76;57;9
604.76;604.88;60;0
604.88;605.01;57;9
605.01;605.07;60;0
605.07;605.3;78;6
605.07;605.18;66;6
605.07;605.3;57;9
605.18;605.3;67;7
605.3;605.43;69;9
605.3;605.55;60;0
605.43;605.55;70;10
605.55;605.67;72;0
605.55;605.68;66;6
605.67;605.68;74;2
605.68;605.69;76;4
605.69;605.77;78;6
605.77;606.71;69;9
605.77;606.71;74;2
605.77;606.71;77;5
605.77;606.71;81;9
605.77;605.9;62;2
605.77;606.71;59;11
605.9;606.01;65;5
606.01;606.09;62;2
606.09;606.21;65;5
606.21;606.34;62;2
606.34;606.46;65;5
606.46;606.59;62;2
606.59;606.71;65;5
606.71;606.96;80;8
606.71;606.84;68;8
606.71;606.96;59;11
606.84;606.96;69;9
606.96;607.09;71;11
606.96;607.19;62;2
607.09;607.19;73;1
607.19;607.2;74;2
607.19;607.21;68;8
607.2;607.21;76;4
607.21;607.31;77;5
607.31;607.43;80;8
607.43;608.02;74;2
607.43;608.02;77;5
607.43;608.02;81;9
607.43;608.27;45;9
607.43;608.27;57;9
608.02;608.27;69;9
608.02;608.27;74;2
608.02;608.27;77;5
608.27;608.77;65;5
608.27;608.77;69;9
608.27;608.77;74;2
608.27;608.4;45;9
608.4;608.52;47;11
608.52;608.65;49;1
608.65;608.77;50;2
608.77;609.07;62;2
608.77;609.07;65;5
608.77;609.07;69;9
608.77;608.9;52;4
608.9;609.01;53;5
609.01;609.02;55;7
609.02;609.07;57;9
609.07;610.07;67;7
609.07;610.07;70;10
609.07;610.07;75;3
609.07;610.07;79;7
609.07;610.07;58;10
610.07;610.45;67;7
610.07;610.45;70;10
610.07;610.45;75;3
610.07;610.2;46;10
610.2;610.32;48;0
610.32;610.45;50;2
610.45;610.45;51;3
610.45;610.49;63;3
610.45;610.49;67;7
610.45;610.49;70;10
610.45;610.46;53;5
610.46;610.46;55;7
610.46;610.47;57;9
610.47;610.49;58;10
610.49;610.96;64;4
610.49;610.96;70;10
610.49;610.96;74;2
610.49;610.62;55;7
610.49;610.62;58;10
610.62;610.74;62;2
610.74;610.87;55;7
610.74;610.87;58;10
610.87;610.96;62;2
610.96;611.16;67;7
610.96;611.16;70;10
610.96;611.04;55;7
610.96;611.04;58;10
611.04;611.16;62;2
611.16;611.41;64;4
611.16;611.41;67;7
611.16;611.29;55;7
611.16;611.29;58;10
611.29;611.41;62;2
611.41;611.77;70;10
611.41;611.77;74;2
611.41;611.77;77;5
611.41;611.44;53;5
611.41;611.44;58;10
611.44;611.52;62;2
611.52;611.65;53;5
611.52;611.65;58;10
611.65;611.77;62;2
611.77;612.02;65;5
611.77;612.02;70;10
611.77;612.02;74;2
611.77;612.02;53;5
611.77;612.02;58;10
612.02;612.27;62;2
612.02;612.27;65;5
612.02;612.27;70;10
612.02;612.11;53;5
612.11;612.19;52;4
612.19;612.27;50;2
612.27;612.46;70;10
612.27;612.46;76;4
612.27;612.46;79;7
612.27;612.46;48;0
612.27;612.46;60;0
612.46;612.59;64;4
612.59;612.71;65;5
612.71;612.84;67;7
612.71;614.01;48;0
612.71;614.01;55;7
612.71;614.01;58;10
612.84;612.94;69;9
612.94;613.05;70;10
613.05;613.13;72;0
613.13;613.24;74;2
613.24;613.33;76;4
613.33;613.43;77;5
613.43;613.55;79;7
613.55;613.68;81;9
613.68;613.8;82;10
613.8;613.89;84;0
613.89;614.01;86;2
614.01;614.26;78;6
614.01;614.26;81;9
614.01;614.26;87;3
614.01;614.39;36;0
614.39;614.46;38;2
614.46;615.25;75;3
614.46;614.55;72;0
614.46;614.77;39;3
614.55;614.66;66;6
614.66;614.77;72;0
614.77;614.89;66;6
614.77;614.89;41;5
614.89;614.98;72;0
614.89;615.13;42;6
614.98;615;66;6
615;615.13;72;0
615.13;615.25;66;6
615.13;615.25;43;7
615.25;615.59;75;3
615.25;615.38;72;0
615.25;615.53;45;9
615.38;615.43;66;6
615.43;615.53;72;0
615.53;615.59;66;6
615.53;615.59;46;10
615.59;616.09;75;3
615.59;615.72;69;9
615.59;616.84;47;11
615.72;615.84;66;6
615.84;615.97;69;9
615.97;616.09;66;6
616.09;616.34;75;3
616.09;616.22;69;9
616.22;616.34;66;6
616.34;616.59;75;3
616.34;616.47;69;9
616.47;616.59;66;6
616.59;616.9;78;6
616.59;616.72;69;9
616.72;616.84;66;6
616.84;616.89;69;9
616.89;616.9;66;6
616.9;616.92;75;3
616.9;616.91;69;9
616.91;616.92;66;6
616.92;617.13;71;11
616.92;617.03;69;9
617.03;617.13;66;6
617.13;617.29;76;4
617.13;617.14;70;10
617.13;617.17;36;0
617.14;617.14;67;7
617.14;617.17;70;10
617.17;617.29;67;7
617.17;617.29;38;2
617.29;618.29;76;4
617.29;617.42;70;10
617.29;617.67;40;4
617.42;617.54;67;7
617.54;617.67;70;10
617.67;617.79;67;7
617.67;617.79;41;5
617.79;617.92;70;10
617.79;618.17;43;7
617.92;618.04;67;7
618.04;618.17;70;10
618.17;618.29;67;7
618.17;618.29;45;9
618.29;618.79;76;4
618.29;618.42;70;10
618.29;618.67;46;10
618.42;618.54;67;7
618.54;618.67;70;10
618.67;618.79;67;7
618.67;618.79;48;0
618.79;619.35;76;4
618.79;618.92;70;10
618.79;619.78;49;1
618.92;619.04;67;7
619.04;619.17;70;10
619.17;619.29;67;7
619.29;619.34;70;10
619.34;619.35;67;7
619.35;619.53;76;4
619.35;619.41;70;10
619.41;619.53;67;7
619.53;620.03;79;7
619.53;619.66;70;10
619.66;619.78;67;7
619.78;619.91;70;10
619.91;620.03;67;7
620.03;620.15;76;4
620.03;620.12;70;10
620.12;620.15;67;7
620.15;620.27;73;1
620.15;620.2;70;10
620.2;620.27;67;7
620.27;621.19;78;6
620.27;620.32;69;9
620.27;620.32;72;0
620.27;620.57;38;2
620.32;620.44;66;6
620.44;620.57;69;9
620.44;620.57;72;0
620.57;620.69;66;6
620.57;620.69;40;4
620.69;620.82;69;9
620.69;620.82;72;0
620.69;621.07;42;6
620.82;620.94;66;6
620.94;621.07;69;9
620.94;621.07;72;0
621.07;621.19;66;6
621.07;621.19;43;7
621.19;621.31;69;9
621.19;621.31;72;0
621.19;621.45;45;9
621.31;621.34;66;6
621.34;621.45;69;9
621.34;621.45;72;0
621.45;621.53;66;6
621.45;621.53;46;10
621.53;621.66;69;9
621.53;621.66;72;0
621.53;621.91;48;0
621.66;621.78;66;6
621.78;621.91;69;9
621.78;621.91;72;0
621.91;622.03;66;6
621.91;622.03;50;2
622.03;623.03;75;3
622.03;622.16;69;9
622.03;623.03;51;3
622.16;622.28;66;6
622.28;622.41;69;9
622.41;622.53;66;6
622.53;622.66;69;9
622.66;622.78;66;6
622.78;622.91;69;9
622.91;623.03;66;6
623.03;623.52;74;2
623.03;623.16;69;9
623.03;623.51;50;2
623.16;623.28;66;6
623.28;623.41;69;9
623.41;623.51;66;6
623.51;623.52;69;9
623.52;623.52;66;6
623.52;623.59;74;2
623.52;623.53;69;9
623.53;623.59;66;6
623.59;624.09;72;0
623.59;623.72;69;9
623.59;624.47;63;3
623.72;623.84;66;6
623.84;623.97;69;9
623.97;624.09;66;6
624.09;624.31;70;10
624.22;624.31;66;6
624.31;624.47;69;9
624.35;624.47;66;6
624.47;625.19;74;2
624.47;624.57;69;9
624.47;624.69;62;2
624.57;624.58;66;6
624.58;624.59;69;9
624.59;624.69;66;6
624.69;624.82;69;9
624.82;624.94;66;6
624.94;625.07;69;9
625.07;625.19;66;6
625.19;625.88;75;3
625.19;625.32;72;0
625.19;625.92;63;3
625.32;625.44;69;9
625.44;625.57;72;0
625.57;625.69;69;9
625.69;625.82;72;0
625.82;625.88;69;9
625.88;625.92;75;3
625.88;625.91;72;0
625.91;625.92;69;9
625.92;626.15;76;4
625.92;625.92;72;0
625.92;626.65;64;4
625.92;625.93;69;9
625.93;626.03;72;0
626.03;626.15;69;9
626.15;626.4;76;4
626.15;626.28;72;0
626.28;626.4;69;9
626.4;626.65;76;4
626.4;626.53;72;0
626.53;626.65;69;9
626.65;626.8;72;0
626.65;626.8;77;5
626.65;626.78;65;5
626.78;626.8;69;9
626.8;626.85;78;6
626.8;626.85;65;5
626.85;626.97;77;5
626.85;626.97;69;9
626.97;627.1;78;6
626.97;627.1;65;5
627.1;627.22;77;5
627.1;627.22;69;9
627.22;627.27;78;6
627.22;627.27;65;5
627.27;627.37;77;5
627.27;627.37;69;9
627.37;627.48;78;6
627.37;627.48;65;5
627.48;627.58;77;5
627.48;627.58;69;9
627.58;627.71;78;6
627.58;627.71;65;5
627.71;627.83;77;5
627.71;627.83;69;9
627.83;627.96;78;6
627.83;627.96;65;5
627.96;628.08;77;5
627.96;628.08;69;9
628.08;628.21;78;6
628.08;628.21;65;5
628.21;628.33;77;5
628.21;628.33;69;9
628.33;628.5;73;1
628.33;628.5;78;6
628.33;628.5;70;10
628.33;628.83;65;5
628.5;628.67;72;0
628.5;628.67;77;5
628.5;628.67;69;9
628.67;628.83;71;11
628.67;628.83;76;4
628.67;628.83;68;8
628.83;629;70;10
628.83;629;75;3
628.83;629;67;7
629;629.07;69;9
629;629.07;73;1
629;629.07;66;6
629.07;629.21;68;8
629.07;629.21;73;1
629.07;629.21;65;5
629.21;629.38;67;7
629.21;629.38;72;0
629.21;629.38;64;4
629.38;629.51;66;6
629.38;629.51;71;11
629.38;629.51;63;3
629.51;629.63;65;5
629.51;629.63;70;10
629.51;629.63;62;2
629.63;629.65;64;4
629.63;629.65;69;9
629.63;629.65;61;1
629.65;629.81;63;3
629.65;629.81;68;8
629.65;629.81;60;0
629.81;629.97;61;1
629.81;629.97;66;6
629.81;629.97;58;10
629.97;630.14;60;0
629.97;630.14;65;5
629.97;630.14;57;9
630.14;630.31;59;11
630.14;630.31;64;4
630.14;630.31;56;8
630.31;630.47;58;10
630.31;630.47;63;3
630.31;630.47;55;7
630.47;630.64;57;9
630.47;630.64;62;2
630.47;630.64;54;6
630.64;630.81;56;8
630.64;630.81;61;1
630.64;630.81;53;5
630.81;630.87;55;7
630.81;630.87;60;0
630.81;630.87;52;4
630.87;631.04;54;6
630.87;631.04;59;11
630.87;631.04;51;3
631.04;631.21;53;5
631.04;631.21;58;10
631.04;631.21;50;2
631.21;631.26;52;4
631.21;631.26;57;9
631.21;631.26;49;1
631.26;631.34;51;3
631.26;631.34;56;8
631.26;631.34;48;0
631.34;631.49;49;1
631.34;631.49;54;6
631.34;631.49;46;10
631.49;631.65;48;0
631.49;631.65;53;5
631.49;631.65;45;9
631.65;632.15;77;5
631.65;632.15;44;8
631.65;632.15;47;11
631.65;632.15;52;4
632.15;632.4;76;4
632.4;632.65;71;11
632.65;632.77;74;2
632.65;633.17;64;4
632.65;632.71;55;7
632.65;632.71;58;10
632.71;632.72;61;1
632.72;632.75;55;7
632.72;632.75;58;10
632.75;632.77;61;1
632.77;632.92;73;1
632.77;632.81;55;7
632.77;632.81;58;10
632.81;632.92;61;1
632.92;633.17;69;9
632.92;633.05;55;7
632.92;633.05;58;10
633.05;633.17;61;1
633.17;633.61;72;0
633.17;634.09;63;3
633.17;633.3;54;6
633.17;633.3;57;9
633.3;633.36;60;0
633.36;633.49;54;6
633.36;633.49;57;9
633.49;633.61;60;0
633.61;633.86;71;11
633.61;633.74;54;6
633.61;633.74;57;9
633.74;633.86;60;0
633.86;634.09;69;9
633.86;633.99;54;6
633.86;633.99;57;9
633.99;634.09;60;0
634.09;634.64;68;8
634.09;634.89;62;2
634.09;634.11;53;5
634.09;634.11;56;8
634.11;634.15;59;11
634.15;634.27;53;5
634.15;634.27;56;8
634.27;634.39;59;11
634.39;634.52;53;5
634.39;634.52;56;8
634.52;634.64;59;11
634.64;634.89;71;11
634.64;634.77;53;5
634.64;634.77;56;8
634.77;634.89;59;11
634.89;635.39;72;0
634.89;635.89;63;3
634.89;635.02;53;5
634.89;635.02;57;9
635.02;635.14;60;0
635.14;635.27;53;5
635.14;635.27;57;9
635.27;635.39;60;0
635.39;635.64;71;11
635.39;635.52;53;5
635.39;635.52;57;9
635.52;635.64;60;0
635.64;635.89;69;9
635.64;635.77;53;5
635.64;635.77;57;9
635.77;635.89;60;0
635.89;636.24;76;4
635.89;636.51;64;4
635.89;636.02;52;4
635.89;636.02;57;9
636.02;636.14;60;0
636.14;636.23;52;4
636.14;636.23;57;9
636.23;636.24;60;0
636.24;636.51;69;9
636.24;636.25;52;4
636.24;636.25;57;9
636.25;636.34;60;0
636.34;636.41;52;4
636.34;636.41;57;9
636.41;636.51;60;0
636.51;636.97;77;5
636.51;637.37;65;5
636.51;636.6;50;2
636.51;636.6;57;9
636.6;636.72;59;11
636.72;636.85;50;2
636.72;636.85;57;9
636.85;636.97;59;11
636.97;637.13;74;2
636.97;637.06;50;2
636.97;637.06;57;9
637.06;637.13;59;11
637.13;637.37;71;11
637.13;637.25;50;2
637.13;637.25;57;9
637.25;637.37;59;11
637.37;637.87;79;7
637.37;638.21;67;7
637.37;637.5;49;1
637.37;637.5;52;4
637.37;637.5;55;7
637.5;637.62;58;10
637.62;637.75;49;1
637.62;637.75;52;4
637.62;637.75;55;7
637.75;637.87;58;10
637.87;638.02;70;10
637.87;637.99;49;1
637.87;637.99;52;4
637.87;637.99;55;7
637.99;638.02;58;10
638.02;638.15;49;1
638.02;638.15;52;4
638.02;638.15;55;7
638.15;638.21;58;10
638.21;640.32;48;0
638.21;640.32;52;4
638.21;640.32;55;7
638.21;640.32;58;10
638.69;639.15;76;4
639.15;640.57;79;7
640.57;640.82;70;10
640.82;641.07;70;10
641.07;641.55;74;2
641.55;641.61;74;2
641.61;641.95;74;2
641.95;642.28;70;10
642.28;642.61;67;7
642.61;643.09;76;4
643.26;643.39;64;4
643.39;644.07;69;9
643.39;643.64;49;1
643.39;643.64;52;4
643.39;643.64;57;9
644.07;644.2;69;9
644.2;644.63;76;4
644.63;644.88;73;1
644.88;645.09;69;9
645.09;645.56;77;5
645.34;645.47;50;2
645.47;645.56;52;4
645.56;645.74;53;5
645.74;645.87;52;4
645.87;645.96;50;2
645.96;646.1;62;2
646.1;646.25;69;9
646.1;646.16;62;2
646.16;646.25;64;4
646.25;646.75;74;2
646.25;646.5;65;5
646.5;646.63;64;4
646.63;646.75;62;2
646.75;647.18;66;6
646.75;647.18;69;9
646.75;647.18;75;3
646.75;647;47;11
646.75;647;59;11
647.18;647.47;71;11
647.35;647.47;59;11
647.35;647.47;63;3
647.35;647.47;66;6
647.35;647.47;69;9
647.47;647.97;78;6
647.47;647.72;59;11
647.47;647.72;63;3
647.47;647.72;66;6
647.47;647.72;69;9
647.97;648.22;75;3
648.22;648.46;71;11
648.46;648.66;67;7
648.46;648.66;76;4
648.46;648.91;46;10
648.46;648.91;58;10
648.66;648.79;73;1
648.79;648.91;75;3
648.91;649.04;76;4
648.91;649.41;52;4
648.91;649.41;64;4
649.04;649.16;78;6
649.16;649.29;79;7
649.29;649.41;78;6
649.41;649.54;79;7
649.41;649.91;49;1
649.41;649.91;61;1
649.54;649.66;81;9
649.66;649.79;82;10
649.79;649.91;83;11
649.91;650.04;85;1
649.91;650.15;46;10
649.91;650.15;58;10
650.04;650.08;86;2
650.08;650.09;87;3
650.09;650.15;88;4
650.15;650.4;79;7
650.15;650.4;85;1
650.15;650.4;88;4
650.15;650.4;45;9
650.15;650.4;57;9
650.4;650.9;73;1
650.9;651.03;69;9
651.03;651.24;57;9
651.03;651.24;61;1
651.03;651.24;64;4
651.03;651.24;67;7
651.24;651.64;74;2
651.64;651.89;73;1
651.89;652.14;76;4
652.14;652.39;73;1
652.39;652.64;69;9
652.64;652.89;67;7
652.89;653.11;67;7
653.11;653.21;65;5
653.21;653.46;56;8
653.21;653.46;59;11
653.21;653.46;62;2
653.46;653.71;71;11
653.71;654.19;74;2
654.19;654.43;71;11
654.43;654.55;71;11
654.55;655.3;77;5
655.05;655.3;55;7
655.05;655.3;59;11
655.05;655.3;62;2
655.05;655.3;65;5
655.3;655.55;74;2
655.55;656.05;71;11
656.05;656.22;69;9
656.22;656.33;67;7
656.33;656.83;76;4
656.46;656.58;71;11
656.58;656.71;72;0
656.71;656.83;74;2
656.83;656.96;76;4
656.83;657.33;60;0
656.83;657.33;64;4
656.96;657.08;77;5
657.08;657.21;78;6
657.21;657.33;79;7
657.33;657.58;67;7
657.33;657.58;70;10
657.33;657.58;76;4
657.33;657.58;54;6
657.33;657.58;61;1
657.33;657.58;64;4
657.58;658;73;1
658;658.09;70;10
658.09;658.34;67;7
658.34;658.56;66;6
658.56;658.78;58;10
658.56;658.78;61;1
658.56;658.78;64;4
658.56;658.78;66;6
658.78;658.92;73;1
658.92;659.58;76;4
659.41;659.66;57;9
659.41;659.66;61;1
659.41;659.66;64;4
659.41;659.66;67;7
659.58;659.75;73;1
659.75;659.78;69;9
659.78;659.98;78;6
659.98;660.23;74;2
660.23;660.36;69;9
660.23;660.61;62;2
660.23;660.61;66;6
660.36;660.48;70;10
660.48;660.59;71;11
660.59;660.61;72;0
660.61;661.05;72;0
661.05;661.3;71;11
661.05;661.3;51;3
661.05;661.3;54;6
661.05;661.3;57;9
661.05;661.3;59;11
661.3;661.55;71;11
661.55;662.05;74;2
662.05;662.24;73;1
662.05;662.24;52;4
662.05;662.24;55;7
662.05;662.24;58;10
662.05;662.24;61;1
662.24;662.49;73;1
662.49;662.99;76;4
662.99;663.19;75;3
662.99;663.19;54;6
662.99;663.19;57;9
662.99;663.19;60;0
662.99;663.19;63;3
663.19;663.21;75;3
663.21;663.69;76;4
663.69;663.94;55;7
663.69;663.94;59;11
663.69;663.94;64;4
664.19;664.69;76;4
664.69;664.94;72;0
664.69;664.94;56;8
664.69;664.94;60;0
664.69;664.94;64;4
664.94;665.19;72;0
665.19;665.69;77;5
665.69;665.93;73;1
665.69;665.93;57;9
665.69;665.93;61;1
665.69;665.93;65;5
665.93;665.99;73;1
665.99;666.74;78;6
666.49;666.74;59;11
666.49;666.74;62;2
666.49;666.74;66;6
666.74;666.87;76;4
666.87;666.99;76;4
666.99;668.04;79;7
667.49;667.74;52;4
667.49;667.74;55;7
667.49;667.74;58;10
667.49;667.74;61;1
668.04;670.56;50;2
668.04;670.56;55;7
668.04;670.56;59;11
668.04;670.56;62;2
668.93;669.93;79;7
669.93;670.18;78;6
670.18;670.56;76;4
670.56;671.64;74;2
671.33;671.64;50;2
671.33;671.64;54;6
671.33;671.64;57;9
671.33;671.64;60;0
671.64;671.89;74;2
671.89;672.39;77;5
672.39;672.64;76;4
672.39;672.64;50;2
672.39;672.64;52;4
672.39;672.64;56;8
672.39;672.64;59;11
672.64;672.93;71;11
672.93;673.49;72;0
673.12;673.24;68;8
673.24;673.37;69;9
673.37;673.49;71;11
673.49;673.62;72;0
673.49;673.76;48;0
673.49;673.76;52;4
673.49;673.76;57;9
673.62;673.76;74;2
673.76;673.97;76;4
673.97;674.29;78;6
674.29;674.89;79;7
674.42;674.54;75;3
674.54;674.77;76;4
674.77;674.89;78;6
674.89;675.02;79;7
674.89;675.14;47;11
674.89;675.14;52;4
674.89;675.14;55;7
674.89;675.14;59;11
675.02;675.14;83;11
675.14;675.27;88;4
675.27;675.39;90;6
675.39;676.05;79;7
675.39;676.05;85;1
675.39;676.05;91;7
675.39;677.26;46;10
675.39;677.26;52;4
675.39;677.26;55;7
675.39;677.26;58;10
676.05;676.3;78;6
676.3;676.78;76;4
676.78;677.71;76;4
677.71;678.2;74;2
678.2;678.57;72;0
678.57;678.95;71;11
678.57;679.07;47;11
678.57;679.07;52;4
678.57;679.07;55;7
678.57;679.07;59;11
678.95;679.07;71;11
679.07;679.7;79;7
679.07;680.07;67;7
679.7;679.82;75;3
679.82;679.95;76;4
679.95;680.07;78;6
680.07;680.2;79;7
680.07;680.45;66;6
680.2;680.32;81;9
680.32;680.45;83;11
680.45;680.57;84;0
680.45;680.57;64;4
680.57;681.57;72;0
680.57;681.57;75;3
680.57;681.57;84;0
680.57;681.07;57;9
680.57;681.07;63;3
680.57;681.07;66;6
681.07;681.82;57;9
681.07;681.82;60;0
681.57;681.82;63;3
681.57;681.82;75;3
681.82;682.07;45;9
681.82;682.07;57;9
682.07;682.39;42;6
682.07;682.39;54;6
682.39;682.49;39;3
682.39;682.49;51;3
682.49;683.61;36;0
682.49;683.61;48;0
683.61;685.22;33;9
683.61;685.22;45;9
685.22;685.63;30;6
685.22;685.63;42;6
685.63;689.17;39;3
685.63;689.17;51;3
687.76;688.32;63;3
688.32;689.45;63;3
689.45;689.73;63;3
689.73;691.27;63;3
691.27;692.77;68;8
691.27;692.18;56;8
691.27;692.18;44;8
691.66;692.18;60;0
691.66;692.18;51;3
692.77;693.57;68;8
694.37;695.04;63;3
695.04;698.5;56;8
695.04;698.5;61;1
695.04;697.91;64;4
695.04;698.5;49;1
695.04;696.15;37;1
696.15;697.61;40;4
697.61;697.91;44;8
697.91;700.29;64;4
697.91;698.5;37;1
700.29;700.87;64;4
700.87;702.02;69;9
700.87;701.46;61;1
700.87;701.46;45;9
700.99;701.46;64;4
700.99;701.46;55;7
702.02;703.69;69;9
703.97;704.25;64;4
704.25;706.8;57;9
704.25;706.8;62;2
704.25;706.8;65;5
704.25;707.35;50;2
704.25;705.44;38;2
705.44;707.07;41;5
706.8;707.35;62;2
707.07;707.35;45;9
707.35;707.77;63;3
707.35;710.13;50;2
707.35;710.13;55;7
707.35;710.13;58;10
707.77;707.91;67;7
707.91;708.29;70;10
708.29;708.56;67;7
708.56;709.3;63;3
709.3;709.6;62;2
709.6;710.13;63;3
710.13;710.41;67;7
710.13;713.04;57;9
710.13;713.04;60;0
710.13;713.04;50;2
710.13;711.25;38;2
710.41;710.69;66;6
711.25;712.74;42;6
712.74;713.04;66;6
712.74;713.04;45;9
713.04;713.45;67;7
713.04;715.76;63;3
713.04;715.76;50;2
713.04;715.76;55;7
713.04;715.76;58;10
713.45;713.59;70;10
713.59;713.78;75;3
713.78;713.96;74;2
713.96;714.15;72;0
714.15;715.16;70;10
715.16;715.76;67;7
715.76;716.38;69;9
716.38;718.56;50;2
716.38;718.56;54;6
716.38;718.56;57;9
716.38;718.56;60;0
716.98;717.16;69;9
717.16;717.41;69;9
717.41;718.26;72;0
718.26;718.56;72;0
718.56;718.84;72;0
718.84;719.12;71;11
719.12;720.03;50;2
719.12;720.03;53;5
719.12;720.03;56;8
719.12;720.03;59;11
719.48;720.03;71;11
720.03;721.01;74;2
720.73;721.5;52;4
720.73;721.5;55;7
720.73;721.5;58;10
720.73;721.5;62;2
721.01;721.5;74;2
721.5;722.58;73;1
722.58;723.21;55;7
722.58;723.21;58;10
722.58;723.21;61;1
722.89;723.21;73;1
723.21;724.05;74;2
723.77;724.36;53;5
723.77;724.36;57;9
723.77;724.36;62;2
724.05;724.24;74;2
724.24;724.36;77;5
724.36;724.94;75;3
724.94;725.44;74;2
724.94;725.58;69;9
724.94;725.58;72;0
724.94;726.65;62;2
724.94;725.58;54;6
724.94;725.58;57;9
725.44;725.58;74;2
725.58;727.05;75;3
725.58;727.39;67;7
725.58;727.39;70;10
725.58;727.39;55;7
725.58;727.39;58;10
726.65;727.39;61;1
727.05;727.39;76;4
727.39;729.91;65;5
727.39;729.91;72;0
727.39;729.91;77;5
727.39;729.91;57;9
727.39;729.91;60;0
727.39;729.91;63;3
729.91;730.19;69;9
729.91;730.19;72;0
729.91;730.19;78;6
729.91;730.05;54;6
729.91;730.05;57;9
729.91;732.51;50;2
730.05;730.19;60;0
730.19;730.56;54;6
730.19;730.56;57;9
730.56;730.73;60;0
730.73;731.84;78;6
730.73;730.86;54;6
730.73;730.86;57;9
730.86;731;60;0
731;731.14;54;6
731;731.14;57;9
731.14;731.28;60;0
731.28;731.42;54;6
731.28;731.42;57;9
731.42;731.56;60;0
731.56;731.7;54;6
731.56;731.7;57;9
731.7;731.84;60;0
731.84;731.98;54;6
731.84;731.98;57;9
731.98;732.15;60;0
732.15;732.51;74;2
732.15;732.29;54;6
732.15;732.29;57;9
732.29;732.51;60;0
732.51;733.07;75;3
732.51;732.65;54;6
732.51;732.65;57;9
732.65;732.79;60;0
732.79;732.93;54;6
732.79;732.93;57;9
732.93;733.07;60;0
733.07;733.41;72;0
733.07;733.27;54;6
733.07;733.27;57;9
733.27;733.41;60;0
733.41;733.84;62;2
733.41;733.54;54;6
733.41;733.54;57;9
733.54;733.84;60;0
733.84;734.42;63;3
733.84;733.98;54;6
733.98;734.12;57;9
734.12;734.28;54;6
734.28;734.42;57;9
734.42;735.05;60;0
734.42;734.56;54;6
734.56;734.7;57;9
734.7;734.84;54;6
734.84;735.05;57;9
735.05;735.73;67;7
735.05;735.19;51;3
735.05;735.19;55;7
735.19;735.33;60;0
735.33;735.49;51;3
735.33;735.49;55;7
735.49;735.73;60;0
735.73;737.06;79;7
735.73;735.87;51;3
735.73;735.87;55;7
735.87;736.09;60;0
736.09;736.33;51;3
736.09;736.33;55;7
736.33;736.49;60;0
736.49;736.62;51;3
736.49;736.62;55;7
736.62;736.76;60;0
736.76;736.9;51;3
736.76;736.9;55;7
736.9;737.06;60;0
737.06;737.36;72;0
737.06;737.2;51;3
737.06;737.2;55;7
737.2;737.36;60;0
737.36;737.54;51;3
737.36;737.54;55;7
737.54;737.7;72;0
737.54;737.7;60;0
737.7;738.2;68;8
737.7;738.2;74;2
737.7;738.2;77;5
737.7;738.2;80;8
737.7;738.2;47;11
737.7;738.2;53;5
737.7;738.2;56;8
738.2;738.36;80;8
738.36;738.53;77;5
738.53;738.84;71;11
738.57;738.84;47;11
738.84;739.34;75;3
738.84;739.34;53;5
738.84;739.34;56;8
738.84;739.34;59;11
739.09;739.5;68;8
739.34;739.59;74;2
739.5;739.67;67;7
739.67;740.02;62;2
739.71;740.02;47;11
740.02;740.35;63;3
740.02;742.64;48;0
740.02;742.64;51;3
740.02;742.64;56;8
740.35;740.55;63;3
740.55;740.94;63;3
740.94;741.94;68;8
741.94;742.19;67;7
742.19;742.64;65;5
742.64;743.46;64;4
742.64;743.21;49;1
742.64;743.21;55;7
742.64;743.21;58;10
743.46;743.71;67;7
744.32;744.82;70;10
744.32;745.32;67;7
744.32;745.32;52;4
744.32;745.32;49;1
744.82;744.98;69;9
744.98;745.15;69;9
745.15;745.32;69;9
745.32;745.82;74;2
745.32;746.46;64;4
745.32;746.46;55;7
745.32;747.84;46;10
745.82;746.46;73;1
746.46;747.25;76;4
746.96;747.59;66;6
746.96;747.59;54;6
747.25;747.59;74;2
747.59;747.84;74;2
747.59;748.09;67;7
747.59;748.09;55;7
747.84;748.34;77;5
747.84;749.19;47;11
748.09;748.59;68;8
748.09;748.59;56;8
748.34;749.78;76;4
748.59;748.94;69;9
748.59;748.94;57;9
748.94;749.19;71;11
748.94;749.19;59;11
749.19;749.78;72;0
749.19;749.78;60;0
749.78;750.33;74;2
749.78;750.33;62;2
750.33;750.88;76;4
750.33;750.88;64;4
750.88;752.03;77;5
750.88;752.29;65;5
750.88;752.29;72;0
750.88;752.29;57;9
750.88;752.29;60;0
752.03;752.29;77;5
752.29;752.96;77;5
752.29;754.09;65;5
752.29;754.09;73;1
752.29;753.72;45;9
752.29;753.72;53;5
752.96;753.47;76;4
753.47;753.72;77;5
753.72;754.09;76;4
753.72;756.82;46;10
753.72;756.82;53;5
753.72;756.82;58;10
754.09;754.36;61;1
754.09;754.36;73;1
754.36;754.95;62;2
754.36;754.95;74;2
754.95;755.91;64;4
754.95;755.91;76;4
755.91;756.26;62;2
755.91;756.26;74;2
756.26;756.51;64;4
756.26;756.51;76;4
756.51;756.82;65;5
756.51;756.82;77;5
756.82;757.67;65;5
756.82;757.67;77;5
756.82;758.64;53;5
756.82;759.78;47;11
756.82;759.78;56;8
757.67;758;68;8
758;759.2;77;5
758;758.35;69;9
758.35;758.64;70;10
758.64;758.84;71;11
758.64;759.47;50;2
758.84;759.01;73;1
759.01;759.2;74;2
759.2;759.47;76;4
759.33;759.47;77;5
759.47;759.63;79;7
759.47;759.78;74;2
759.47;759.78;53;5
759.63;759.78;80;8
759.78;762.36;81;9
759.78;762.36;69;9
759.78;762.36;74;2
759.78;762.36;77;5
759.78;762.36;45;9
759.78;762.36;57;9
762.36;762.61;81;9
762.36;762.61;69;9
762.36;762.61;73;1
762.36;762.61;76;4
762.36;762.61;45;9
762.36;762.61;49;1
762.36;762.61;52;4
762.36;762.61;57;9
762.61;763.12;77;5
763.12;764.1;76;4
764.1;764.62;74;2
764.1;765.65;46;10
764.1;765.65;50;2
764.1;765.65;53;5
764.37;764.49;65;5
764.49;764.62;69;9
764.62;766.08;77;5
764.62;764.74;72;0
764.74;765.07;70;10
765.07;765.19;76;4
765.19;765.32;74;2
765.32;765.65;70;10
766.08;766.37;76;4
766.37;766.75;74;2
766.75;766.95;72;0
766.75;767.39;48;0
766.75;767.39;55;7
766.95;767.39;64;4
767.39;767.51;67;7
767.39;767.64;58;10
767.51;767.64;70;10
767.64;767.76;74;2
767.64;767.89;60;0
767.76;767.89;72;0
767.89;768.01;77;5
767.89;768.14;64;4
768.01;768.14;76;4
768.14;768.26;79;7
768.14;768.39;60;0
768.14;768.39;64;4
768.14;768.39;67;7
768.26;768.39;78;6
768.39;768.51;81;9
768.51;768.64;79;7
768.64;768.76;86;2
768.76;768.89;84;0
768.89;769.01;89;5
769.01;769.14;88;4
769.14;769.26;91;7
769.14;770.93;53;5
769.14;770.93;57;9
769.14;770.93;60;0
769.14;770.93;63;3
769.26;769.39;83;11
769.39;769.51;84;0
769.51;769.64;86;2
769.64;769.76;87;3
769.76;769.89;84;0
769.89;770.01;81;9
770.01;770.14;78;6
770.14;770.26;79;7
770.26;770.39;71;11
770.39;770.51;72;0
770.51;770.64;74;2
770.64;770.79;75;3
770.79;770.93;72;0
770.93;771.05;69;9
771.05;771.26;63;3
771.05;771.26;41;5
771.05;771.26;53;5
771.26;771.76;72;0
771.26;771.76;41;5
771.26;771.76;53;5
771.63;771.76;63;3
771.63;771.76;69;9
771.76;772.54;69;9
771.76;772.54;63;3
772.17;772.54;41;5
772.17;772.54;53;5
772.54;773.2;71;11
772.54;773.04;41;5
772.54;773.04;53;5
772.91;773.04;62;2
772.91;773.04;69;9
773.04;773.56;62;2
773.04;773.56;69;9
773.2;773.37;71;11
773.37;773.56;71;11
773.41;773.56;41;5
773.41;773.56;53;5
773.56;774.06;72;0
773.56;774.06;41;5
773.56;774.06;53;5
773.93;774.06;60;0
773.93;774.06;69;9
774.06;774.56;60;0
774.06;774.56;69;9
774.31;774.56;72;0
774.43;774.56;41;5
774.43;774.56;53;5
774.56;775.14;74;2
774.56;774.98;41;5
774.56;774.98;53;5
774.85;774.98;62;2
774.85;774.98;69;9
774.85;774.98;71;11
774.98;775.48;62;2
774.98;775.48;69;9
774.98;775.48;71;11
775.14;775.31;74;2
775.31;775.48;74;2
775.35;775.48;41;5
775.35;775.48;53;5
775.48;776.62;76;4
775.48;776.02;40;4
775.48;776.02;52;4
775.89;776.02;64;4
775.89;776.02;69;9
775.89;776.02;72;0
776.02;776.4;64;4
776.02;776.4;69;9
776.02;776.4;72;0
776.4;776.62;64;4
776.4;776.62;69;9
776.4;776.62;72;0
776.4;776.62;40;4
776.4;776.62;52;4
776.62;776.74;65;5
776.62;776.74;74;2
776.62;776.74;77;5
776.62;776.91;38;2
776.62;776.91;50;2
776.74;776.91;69;9
776.91;777.07;71;11
776.91;777.2;53;5
777.07;777.2;73;1
777.2;777.32;74;2
777.2;777.45;57;9
777.32;777.45;76;4
777.45;777.57;77;5
777.45;777.7;62;2
777.57;777.7;78;6
777.7;778.2;67;7
777.7;778.2;72;0
777.7;778.2;76;4
777.7;778.2;79;7
777.7;778.2;43;7
777.7;778.2;55;7
778.2;778.89;76;4
778.89;779.8;72;0
779.8;780.27;67;7
780.27;780.4;69;9
780.4;780.65;71;11
780.65;781.02;75;3
780.65;781.02;87;3
780.9;781.65;59;11
780.9;781.65;63;3
780.9;781.65;66;6
780.9;781.65;71;11
781.02;781.15;85;1
781.15;781.27;84;0
781.27;781.4;85;1
781.4;781.52;84;0
781.52;781.65;83;11
781.65;781.77;79;7
781.65;781.77;67;7
781.77;781.9;83;11
781.77;781.9;71;11
781.9;782.14;79;7
781.9;782.14;67;7
782.14;782.49;78;6
782.14;782.49;66;6
782.49;782.61;77;5
782.49;782.61;65;5
782.61;782.74;78;6
782.61;782.74;66;6
782.74;782.86;77;5
782.74;782.86;65;5
782.86;782.99;78;6
782.86;782.99;66;6
782.99;783.11;77;5
782.99;783.11;65;5
783.11;783.24;76;4
783.11;783.24;64;4
783.24;783.36;75;3
783.24;783.36;63;3
783.36;783.49;76;4
783.36;783.49;64;4
783.49;783.57;75;3
783.49;783.57;63;3
783.57;783.64;72;0
783.57;783.64;60;0
783.64;783.74;72;0
783.64;783.74;60;0
783.74;783.87;71;11
783.74;783.87;59;11
783.87;783.99;75;3
783.87;783.99;63;3
783.99;784.12;76;4
783.99;784.12;64;4
784.12;784.24;76;4
784.12;784.24;64;4
784.24;784.37;75;3
784.24;784.37;63;3
784.37;784.49;78;6
784.37;784.49;66;6
784.49;784.62;79;7
784.49;784.62;67;7
784.62;784.74;79;7
784.62;784.74;67;7
784.74;784.87;78;6
784.74;784.87;66;6
784.87;784.99;83;11
784.87;784.99;71;11
784.99;785.12;84;0
784.99;785.12;72;0
785.12;785.24;84;0
785.12;785.24;72;0
785.24;785.37;83;11
785.24;785.37;71;11
785.37;785.49;87;3
785.37;785.49;75;3
785.49;785.62;88;4
785.49;785.62;76;4
785.62;785.74;88;4
785.62;785.74;76;4
785.74;785.87;87;3
785.74;785.87;75;3
785.87;785.99;90;6
785.87;785.99;78;6
785.99;786.06;91;7
785.99;786.06;79;7
786.06;786.31;91;7
786.06;786.31;79;7
786.43;786.56;67;7
786.43;786.56;73;1
786.43;786.56;76;4
786.43;786.56;79;7
786.43;786.56;46;10
786.43;786.56;58;10
786.56;786.68;67;7
786.56;786.68;73;1
786.56;786.68;76;4
786.56;786.68;79;7
786.56;787.56;46;10
786.56;787.56;58;10
786.68;786.81;82;10
786.81;786.93;83;11
786.93;787.06;85;1
787.06;787.18;86;2
787.18;787.31;85;1
787.31;787.43;86;2
787.43;787.56;87;3
787.56;787.68;90;6
787.56;788.78;58;10
787.56;788.78;61;1
787.56;788.78;64;4
787.56;788.78;67;7
787.68;787.81;88;4
787.81;787.93;89;5
787.93;788.06;90;6
788.06;788.16;93;9
788.16;788.26;91;7
788.26;788.38;88;4
788.38;788.68;85;1
788.68;788.78;82;10
788.78;790.03;79;7
788.78;788.9;58;10
788.78;788.9;61;1
788.78;788.9;64;4
788.9;789.03;67;7
789.03;789.15;58;10
789.03;789.15;61;1
789.03;789.15;64;4
789.15;789.28;67;7
789.28;789.4;58;10
789.28;789.4;61;1
789.28;789.4;64;4
789.4;789.53;67;7
789.53;789.65;58;10
789.53;789.65;61;1
789.53;789.65;64;4
789.65;789.78;67;7
789.78;789.9;58;10
789.78;789.9;61;1
789.78;789.9;64;4
789.9;790.03;67;7
790.03;790.28;78;6
790.03;790.15;58;10
790.03;790.15;61;1
790.03;790.15;64;4
790.15;790.28;67;7
790.28;790.78;76;4
790.28;790.52;58;10
790.28;790.52;61;1
790.28;790.52;64;4
790.63;790.78;37;1
790.63;790.78;49;1
790.78;790.9;67;7
790.78;790.9;70;10
790.78;790.9;76;4
790.78;791.78;37;1
790.78;791.78;49;1
790.9;791.03;73;1
791.03;791.15;74;2
791.15;791.28;76;4
791.28;791.4;77;5
791.4;791.53;76;4
791.53;791.65;77;5
791.65;791.78;78;6
791.78;791.9;81;9
791.78;792.78;61;1
791.78;792.78;64;4
791.78;792.78;67;7
791.78;792.78;70;10
791.9;792.03;79;7
792.03;792.15;80;8
792.15;792.28;81;9
792.28;792.38;84;0
792.38;792.48;82;10
792.48;792.58;79;7
792.58;792.68;76;4
792.68;792.78;73;1
792.78;793.03;70;10
792.78;792.9;61;1
792.78;792.9;64;4
792.78;792.9;67;7
792.9;793.03;70;10
793.03;793.15;61;1
793.03;793.15;64;4
793.03;793.15;67;7
793.15;793.28;70;10
793.28;794.34;79;7
793.28;793.4;61;1
793.28;793.4;64;4
793.28;793.4;67;7
793.4;793.53;70;10
793.53;793.65;61;1
793.53;793.65;64;4
793.53;793.65;67;7
793.65;793.78;70;10
793.78;793.9;61;1
793.78;793.9;64;4
793.78;793.9;67;7
793.9;794.03;70;10
794.03;794.15;61;1
794.03;794.15;64;4
794.03;794.15;67;7
794.15;794.34;70;10
794.34;794.61;76;4
794.34;794.61;61;1
794.34;794.61;64;4
794.34;794.61;67;7
794.61;794.88;76;4
794.75;794.88;45;9
794.75;794.88;57;9
794.88;795;69;9
794.88;795;73;1
794.88;795;76;4
794.88;795;81;9
794.88;795.88;45;9
794.88;795.88;57;9
795;795.13;76;4
795.13;795.25;79;7
795.25;795.38;82;10
795.38;795.5;81;9
795.5;795.63;79;7
795.63;795.75;85;1
795.75;795.88;88;4
795.88;796;86;2
795.88;796.63;57;9
795.88;796.63;61;1
795.88;796.63;64;4
795.88;796.63;67;7
796;796.13;85;1
796.13;796.25;88;4
796.25;796.38;91;7
796.38;796.5;89;5
796.5;796.63;88;4
796.63;796.75;91;7
796.75;796.88;93;9
796.88;797.25;94;10
796.88;797;55;7
796.88;797;58;10
796.88;797;61;1
797;797.13;64;4
797.13;797.25;55;7
797.13;797.25;58;10
797.13;797.25;61;1
797.25;797.38;91;7
797.25;797.38;64;4
797.38;797.5;88;4
797.38;797.5;55;7
797.38;797.5;58;10
797.38;797.5;61;1
797.5;797.63;85;1
797.5;797.63;64;4
797.63;797.75;82;10
797.63;797.75;55;7
797.63;797.75;58;10
797.63;797.75;61;1
797.75;797.88;79;7
797.75;797.88;64;4
797.88;797.98;86;2
797.88;798;55;7
797.88;798;58;10
797.88;798;61;1
797.98;798.08;85;1
798;798.13;64;4
798.08;798.18;82;10
798.13;798.25;55;7
798.13;798.25;58;10
798.13;798.25;61;1
798.18;798.28;79;7
798.25;798.38;64;4
798.28;798.38;76;4
798.38;798.63;73;1
798.38;798.5;55;7
798.38;798.5;58;10
798.38;798.5;61;1
798.5;798.63;64;4
798.63;798.82;73;1
798.63;798.75;55;7
798.63;798.75;58;10
798.63;798.75;61;1
798.75;798.82;64;4
798.82;799.37;76;4
798.82;798.94;53;5
798.82;798.94;57;9
798.94;799.07;62;2
799.07;799.19;53;5
799.07;799.19;57;9
799.19;799.37;62;2
799.37;799.67;74;2
799.37;799.52;53;5
799.37;799.52;57;9
799.52;799.67;62;2
799.67;799.92;74;2
799.67;799.79;53;5
799.67;799.79;57;9
799.79;799.92;62;2
799.92;800.29;77;5
799.92;800.04;53;5
799.92;800.04;56;8
799.92;800.04;60;0
800.04;800.17;62;2
800.17;800.33;53;5
800.17;800.33;56;8
800.17;800.33;60;0
800.29;800.62;76;4
800.33;800.46;62;2
800.46;800.71;53;5
800.46;800.71;56;8
800.46;800.71;60;0
800.62;800.96;74;2
800.96;801.46;71;11
800.96;801.46;74;2
800.96;801.46;77;5
800.96;801.46;79;7
800.96;801.33;43;7
801.33;801.46;45;9
801.46;801.58;71;11
801.46;801.58;74;2
801.46;801.83;47;11
801.58;801.71;67;7
801.71;801.83;71;11
801.71;801.83;74;2
801.83;801.96;67;7
801.83;801.96;48;0
801.96;802.08;71;11
801.96;802.08;74;2
801.96;802.33;50;2
802.08;802.21;67;7
802.21;802.33;71;11
802.21;802.33;74;2
802.33;802.34;67;7
802.33;802.34;52;4
802.34;802.37;71;11
802.34;802.37;74;2
802.34;802.61;53;5
802.37;802.49;67;7
802.49;802.61;71;11
802.49;802.61;74;2
802.61;802.74;67;7
802.61;802.74;55;7
802.74;802.86;71;11
802.74;802.86;74;2
802.74;804.34;56;8
802.86;802.99;65;5
802.99;803.24;74;2
802.99;803.11;71;11
803.11;803.24;65;5
803.24;804.14;74;2
803.24;803.36;71;11
803.36;803.49;65;5
803.49;803.61;71;11
803.61;803.74;65;5
803.74;803.86;71;11
803.86;803.94;65;5
803.94;804.05;71;11
804.05;804.14;65;5
804.14;804.19;74;2
804.14;804.15;71;11
804.15;804.19;65;5
804.19;804.34;74;2
804.19;804.3;71;11
804.3;804.34;65;5
804.34;806.16;75;3
804.34;804.4;72;0
804.34;804.65;44;8
804.4;804.53;66;6
804.53;804.65;72;0
804.65;804.74;66;6
804.65;804.74;46;10
804.74;804.8;72;0
804.74;805.05;48;0
804.8;804.93;66;6
804.93;805.05;72;0
805.05;805.18;66;6
805.05;805.18;49;1
805.18;805.3;72;0
805.18;805.55;51;3
805.3;805.43;66;6
805.43;805.55;72;0
805.55;805.68;66;6
805.55;805.68;53;5
805.68;805.8;72;0
805.68;806.03;54;6
805.8;805.91;66;6
805.91;806.03;72;0
806.03;806.16;66;6
806.03;806.16;56;8
806.16;806.28;72;0
806.16;806.28;75;3
806.16;808.02;57;9
806.28;806.39;66;6
806.39;806.51;72;0
806.39;806.51;75;3
806.51;806.6;66;6
806.6;807.52;78;6
806.6;806.68;72;0
806.6;806.68;75;3
806.68;806.77;66;6
806.77;806.89;72;0
806.77;806.89;75;3
806.89;807.02;66;6
807.02;807.14;72;0
807.02;807.14;75;3
807.14;807.27;66;6
807.27;807.39;72;0
807.27;807.39;75;3
807.39;807.52;66;6
807.52;807.77;75;3
807.52;807.64;72;0
807.64;807.77;66;6
807.77;808.02;75;3
807.77;807.89;72;0
807.89;808.02;66;6
808.02;808.33;76;4
808.02;808.14;73;1
808.02;808.29;45;9
808.14;808.19;67;7
808.19;808.29;73;1
808.29;808.33;67;7
808.29;808.33;47;11
808.33;808.72;73;1
808.33;808.44;67;7
808.33;808.59;49;1
808.44;808.47;64;4
808.47;808.59;67;7
808.59;808.72;64;4
808.59;808.72;50;2
808.72;808.83;67;7
808.72;808.83;73;1
808.72;809.03;52;4
808.83;808.91;64;4
808.91;809.03;67;7
808.91;809.03;73;1
809.03;809.16;64;4
809.03;809.16;54;6
809.16;809.28;67;7
809.16;809.28;73;1
809.16;809.43;55;7
809.28;809.35;64;4
809.35;809.43;67;7
809.35;809.43;73;1
809.43;809.56;64;4
809.43;809.56;57;9
809.56;810.01;67;7
809.56;810.01;73;1
809.56;810.01;76;4
809.56;809.68;46;10
809.56;809.68;52;4
809.68;809.81;55;7
809.81;809.93;46;10
809.81;809.93;52;4
809.93;810.01;55;7
810.01;810.29;67;7
810.01;810.29;73;1
810.01;810.29;76;4
810.01;810.04;46;10
810.01;810.04;52;4
810.04;810.17;55;7
810.17;810.29;46;10
810.17;810.29;52;4
810.29;810.42;67;7
810.29;810.42;73;1
810.29;810.42;76;4
810.29;810.42;55;7
810.42;810.72;67;7
810.42;810.72;71;11
810.42;810.72;79;7
810.42;810.54;47;11
810.42;810.54;52;4
810.54;810.6;55;7
810.6;810.67;47;11
810.6;810.67;52;4
810.67;810.72;55;7
810.72;810.92;67;7
810.72;810.92;71;11
810.72;810.92;76;4
810.72;810.83;47;11
810.72;810.83;52;4
810.83;810.92;55;7
810.92;811.03;47;11
810.92;811.03;52;4
811.03;811.16;55;7
811.16;811.66;67;7
811.16;811.66;72;0
811.16;811.66;76;4
811.16;811.28;48;0
811.16;811.28;52;4
811.28;811.41;55;7
811.41;811.53;48;0
811.41;811.53;52;4
811.53;811.66;55;7
811.66;812.03;67;7
811.66;812.03;72;0
811.66;812.03;76;4
811.66;811.78;48;0
811.66;811.78;52;4
811.78;811.91;55;7
811.91;812.03;48;0
811.91;812.03;52;4
812.03;812.16;71;11
812.03;812.16;76;4
812.03;812.16;79;7
812.03;812.16;55;7
812.16;812.52;70;10
812.16;812.52;73;1
812.16;812.52;76;4
812.16;812.52;78;6
812.16;812.52;42;6
812.16;812.52;54;6
812.52;812.94;58;10
812.52;812.94;61;1
812.52;812.94;64;4
812.69;812.94;70;10
812.69;812.94;73;1
812.69;812.94;76;4
812.69;812.94;78;6
812.94;813.44;71;11
812.94;813.44;74;2
812.94;813.44;78;6
812.94;813.44;83;11
812.94;814.19;47;11
812.94;814.19;54;6
812.94;814.19;59;11
813.44;813.81;66;6
813.44;813.81;78;6
813.81;813.94;66;6
813.81;813.94;78;6
813.94;814.43;62;2
813.94;814.43;74;2
814.43;814.66;71;11
814.43;814.47;54;6
814.47;814.53;52;4
814.53;814.59;50;2
814.59;814.66;49;1
814.66;815.13;68;8
814.66;814.78;47;11
814.66;814.78;53;5
814.78;814.91;56;8
814.91;815.03;47;11
814.91;815.03;53;5
815.03;815.13;56;8
815.13;815.25;66;6
815.13;815.23;47;11
815.13;815.23;53;5
815.23;815.24;56;8
815.24;815.25;47;11
815.24;815.25;53;5
815.25;815.34;65;5
815.25;815.34;56;8
815.34;816.34;65;5
815.34;816.34;68;8
815.34;816.34;74;2
815.34;815.46;47;11
815.34;815.46;53;5
815.46;815.59;56;8
815.59;815.71;47;11
815.59;815.71;53;5
815.71;815.84;56;8
815.84;815.96;47;11
815.84;815.96;53;5
815.96;816.09;56;8
816.09;816.21;47;11
816.09;816.21;53;5
816.21;816.34;56;8
816.34;816.67;67;7
816.34;816.67;73;1
816.34;816.67;79;7
816.34;816.43;46;10
816.34;816.43;49;1
816.34;816.43;52;4
816.43;816.55;55;7
816.55;816.67;46;10
816.55;816.67;49;1
816.55;816.67;52;4
816.67;816.8;76;4
816.67;816.8;55;7
816.8;817.3;73;1
816.8;816.92;46;10
816.8;816.92;49;1
816.8;816.92;52;4
816.92;817.05;55;7
817.05;817.17;46;10
817.05;817.17;49;1
817.05;817.17;52;4
817.17;817.3;55;7
817.3;817.41;70;10
817.3;817.33;46;10
817.3;817.33;49;1
817.3;817.33;52;4
817.33;817.41;55;7
817.41;817.53;71;11
817.41;817.53;46;10
817.41;817.53;49;1
817.41;817.53;52;4
817.53;817.66;73;1
817.53;817.66;55;7
817.66;817.78;77;5
817.66;817.78;46;10
817.66;817.78;49;1
817.66;817.78;52;4
817.78;817.91;76;4
817.78;817.91;55;7
817.91;818.03;78;6
817.91;818.03;46;10
817.91;818.03;49;1
817.91;818.03;52;4
818.03;818.12;79;7
818.03;818.12;55;7
818.12;819.94;73;1
818.12;819.94;79;7
818.12;819.94;82;10
818.12;818.76;39;3
818.76;818.88;51;3
818.76;818.88;55;7
818.76;818.88;58;10
818.88;819.01;61;1
819.01;819.15;51;3
819.01;819.15;55;7
819.01;819.15;58;10
819.15;819.28;61;1
819.28;819.4;51;3
819.28;819.4;55;7
819.28;819.4;58;10
819.4;819.53;61;1
819.53;819.77;51;3
819.53;819.77;55;7
819.53;819.77;58;10
819.77;819.94;61;1
819.94;820.21;73;1
819.94;820.21;51;3
819.94;820.21;55;7
819.94;820.21;58;10
820.21;820.46;73;1
820.46;820.71;73;1
820.71;821.17;68;8
820.71;820.92;71;11
820.71;821.17;80;8
820.92;821.17;56;8
820.92;821.17;59;11
820.92;821.17;64;4
821.17;821.29;78;6
821.17;821.29;66;6
821.29;821.42;77;5
821.29;821.42;65;5
821.42;821.54;77;5
821.42;821.54;65;5
821.54;821.67;76;4
821.54;821.67;64;4
821.67;821.79;75;3
821.67;821.79;63;3
821.79;821.92;74;2
821.79;821.92;62;2
821.92;822.04;74;2
821.92;822.04;62;2
822.04;822.17;73;1
822.04;822.17;61;1
822.17;822.29;72;0
822.17;822.29;60;0
822.29;822.42;71;11
822.29;822.42;59;11
822.42;822.54;71;11
822.42;822.54;59;11
822.54;822.67;70;10
822.54;822.67;58;10
822.67;822.79;73;1
822.67;822.79;61;1
822.79;822.92;74;2
822.79;822.92;62;2
822.92;823.04;74;2
822.92;823.04;62;2
823.04;823.17;73;1
823.04;823.17;61;1
823.17;823.29;78;6
823.17;823.29;66;6
823.29;823.42;79;7
823.29;823.42;67;7
823.42;823.54;79;7
823.42;823.54;67;7
823.54;823.67;76;4
823.54;823.67;64;4
823.67;823.79;77;5
823.67;823.79;65;5
823.79;823.92;78;6
823.79;823.92;66;6
823.92;824.04;81;9
823.92;824.04;69;9
824.04;824.17;80;8
824.04;824.17;68;8
824.17;824.29;79;7
824.17;824.29;67;7
824.29;824.42;76;4
824.29;824.42;64;4
824.42;824.96;71;11
824.42;824.96;76;4
824.42;824.96;80;8
824.42;824.96;83;11
824.42;825.07;47;11
824.42;825.07;59;11
824.96;825.07;82;10
825.07;825.19;83;11
825.07;825.32;64;4
825.19;825.32;84;0
825.32;825.42;85;1
825.32;825.57;68;8
825.42;825.52;86;2
825.52;825.62;87;3
825.57;825.82;71;11
825.62;825.72;88;4
825.72;825.82;89;5
825.82;825.92;90;6
825.82;826.07;76;4
825.92;826.02;91;7
826.02;826.12;92;8
826.07;826.32;80;8
826.12;826.22;93;9
826.22;826.32;94;10
826.32;826.57;95;11
826.32;826.57;83;11
827.31;827.56;71;11
827.56;828.22;76;4
828.22;828.39;75;3
828.39;828.56;73;1
828.56;828.81;73;1
828.81;829.06;71;11
829.06;829.31;63;3
829.06;829.31;66;6
829.06;829.31;69;9
829.06;829.31;71;11
829.06;829.31;47;11
829.06;829.31;59;11
829.66;829.91;69;9
829.66;829.91;75;3
829.66;829.91;78;6
829.66;829.91;59;11
829.66;829.91;63;3
829.66;829.91;66;6
829.91;830.16;71;11
830.16;830.32;78;6
830.32;830.49;75;3
830.49;830.66;71;11
830.66;831.16;76;4
831.16;831.7;64;4
831.16;831.7;70;10
831.16;831.7;49;1
831.16;831.7;54;6
831.16;831.7;58;10
831.7;832.32;76;4
832.32;832.86;64;4
832.32;832.86;69;9
832.32;832.86;48;0
832.32;832.86;54;6
832.32;832.86;57;9
832.86;833.52;76;4
833.36;833.84;64;4
833.36;833.84;67;7
833.36;833.84;71;11
833.36;833.84;47;11
833.36;833.84;55;7
833.36;833.84;59;11
833.52;833.69;76;4
833.69;833.84;76;4
833.84;834.32;66;6
834.32;834.82;61;1
834.32;834.82;64;4
834.32;834.82;46;10
834.32;834.82;54;6
834.32;834.82;58;10
834.82;835.19;78;6
835.19;835.32;75;3
835.32;835.82;71;11
835.32;835.82;63;3
835.32;835.82;66;6
835.32;835.82;47;11
835.32;835.82;54;6
835.32;835.82;57;9
835.82;836.59;69;9
836.59;836.94;71;11
836.94;837.19;69;9
837.19;837.44;67;7
837.44;837.56;51;3
837.56;837.69;52;4
837.69;837.81;51;3
837.81;837.94;64;4
837.81;837.94;67;7
837.81;837.94;52;4
837.94;838.44;64;4
837.94;838.44;67;7
837.94;839.95;48;0
838.06;838.19;52;4
838.19;838.31;51;3
838.31;838.44;52;4
838.44;838.94;67;7
838.44;838.56;51;3
838.56;838.69;52;4
838.69;838.81;51;3
838.81;838.94;52;4
838.94;839.44;66;6
838.94;839.44;69;9
839.06;839.19;52;4
839.19;839.31;54;6
839.31;839.44;52;4
839.44;839.69;69;9
839.44;839.56;54;6
839.56;839.69;52;4
839.69;839.95;69;9
839.69;839.81;54;6
839.81;839.95;52;4
839.95;840.68;66;6
839.95;840.68;72;0
839.95;841.12;45;9
840.1;840.23;52;4
840.23;840.35;54;6
840.35;840.52;52;4
840.52;840.64;54;6
840.64;840.77;52;4
840.68;840.85;69;9
840.77;840.99;54;6
840.85;841.12;66;6
840.99;841.12;52;4
841.12;841.64;76;4
841.12;842.16;42;6
841.24;841.37;52;4
841.37;841.51;57;9
841.51;841.64;52;4
841.64;842.03;69;9
841.64;842.03;72;0
841.64;842.03;76;4
841.64;841.76;57;9
841.76;841.89;52;4
841.89;842.03;57;9
842.03;842.16;76;4
842.03;842.16;52;4
842.16;843.54;79;7
842.16;843.41;50;2
842.28;842.41;57;9
842.41;842.53;60;0
842.53;842.66;69;9
842.53;842.66;72;0
842.53;842.66;57;9
842.66;843.16;69;9
842.66;843.16;72;0
842.66;842.78;60;0
842.78;842.91;57;9
842.91;843.03;60;0
843.03;843.16;57;9
843.16;844.04;67;7
843.16;843.28;60;0
843.28;843.41;57;9
843.41;843.47;60;0
843.47;843.54;57;9
843.54;843.79;78;6
843.54;843.66;60;0
843.66;843.79;57;9
843.79;844.04;76;4
843.79;843.91;60;0
843.91;844.04;57;9
844.04;844.7;74;2
844.04;844.79;66;6
844.04;844.16;60;0
844.16;844.29;57;9
844.29;844.41;60;0
844.41;844.54;57;9
844.54;844.79;60;0
844.7;844.87;64;4
844.87;845.04;66;6
845.04;845.16;62;2
845.04;845.16;67;7
845.04;845.41;31;7
845.16;845.29;59;11
845.29;845.41;62;2
845.29;845.41;67;7
845.41;845.54;59;11
845.41;845.54;33;9
845.54;845.66;62;2
845.54;845.66;67;7
845.54;845.83;35;11
845.66;845.76;59;11
845.76;845.83;62;2
845.76;845.83;67;7
845.83;845.96;59;11
845.83;845.96;36;0
845.96;846.08;62;2
845.96;846.08;67;7
845.96;846.29;38;2
846.08;846.18;59;11
846.18;846.29;62;2
846.18;846.29;67;7
846.29;846.42;59;11
846.29;846.42;40;4
846.42;846.54;62;2
846.42;846.54;67;7
846.42;846.75;42;6
846.54;846.63;59;11
846.63;846.75;62;2
846.63;846.75;67;7
846.75;847.13;59;11
846.75;846.88;43;7
846.88;847.13;62;2
846.88;847.13;65;5
846.88;847.13;44;8
847.13;847.25;59;11
847.13;847.25;62;2
847.25;847.38;65;5
847.38;847.86;77;5
847.38;847.5;59;11
847.38;847.5;62;2
847.38;848.82;56;8
847.5;847.62;65;5
847.62;847.73;59;11
847.62;847.73;62;2
847.73;847.86;65;5
847.86;848.11;74;2
847.86;847.98;59;11
847.86;847.98;62;2
847.98;848.11;65;5
848.11;848.36;74;2
848.11;848.23;59;11
848.11;848.23;62;2
848.23;848.36;65;5
848.36;848.61;76;4
848.36;848.48;59;11
848.36;848.48;62;2
848.48;848.61;64;4
848.61;848.82;71;11
848.61;848.73;59;11
848.61;848.73;62;2
848.73;848.82;64;4
848.82;849.03;74;2
848.82;849.22;64;4
848.82;849.22;67;7
848.82;849.11;34;10
849.03;849.22;73;1
849.11;849.22;35;11
849.22;849.59;37;1
849.59;849.6;38;2
849.6;849.93;73;1
849.6;850.56;64;4
849.6;850.56;67;7
849.6;849.93;40;4
849.93;850.06;73;1
849.93;850.06;42;6
850.06;850.56;73;1
850.06;850.43;43;7
850.43;850.56;42;6
850.56;851.06;64;4
850.56;851.06;70;10
850.56;851.06;73;1
850.56;851.06;76;4
850.56;850.81;43;7
850.81;850.93;58;10
850.81;850.93;60;0
850.93;851.06;64;4
851.06;851.54;70;10
851.06;851.18;58;10
851.06;851.18;60;0
851.06;852.44;55;7
851.18;851.31;64;4
851.31;851.43;58;10
851.31;851.43;60;0
851.43;851.54;64;4
851.54;852.1;70;10
851.54;851.6;58;10
851.54;851.6;60;0
851.6;851.73;64;4
851.73;851.83;58;10
851.73;851.83;60;0
851.83;851.94;64;4
851.94;852.06;58;10
851.94;852.06;60;0
852.06;852.19;64;4
852.1;852.27;71;11
852.19;852.31;58;10
852.19;852.31;60;0
852.27;852.44;73;1
852.31;852.44;64;4
852.44;852.69;73;1
852.44;852.56;54;6
852.44;852.56;58;10
852.44;852.56;61;1
852.56;852.69;64;4
852.69;852.94;66;6
852.69;852.81;54;6
852.69;852.81;58;10
852.69;852.81;61;1
852.81;852.94;64;4
852.94;853.06;54;6
852.94;853.06;58;10
852.94;853.06;61;1
853.06;853.19;64;4
853.19;853.44;66;6
853.19;853.31;54;6
853.19;853.31;58;10
853.19;853.31;61;1
853.31;853.44;64;4
853.44;854.08;66;6
853.44;853.56;54;6
853.44;853.56;58;10
853.44;853.56;61;1
853.56;853.69;64;4
853.69;853.81;54;6
853.69;853.81;58;10
853.69;853.81;61;1
853.81;853.94;64;4
853.94;854.06;54;6
853.94;854.06;58;10
853.94;854.06;61;1
854.06;854.08;64;4
854.08;854.12;66;6
854.08;854.09;54;6
854.08;854.09;58;10
854.08;854.09;61;1
854.09;854.12;64;4
854.12;854.62;71;11
854.12;854.24;62;2
854.12;854.37;42;6
854.12;854.37;54;6
854.24;854.37;59;11
854.37;854.49;62;2
854.49;854.62;59;11
854.62;855.1;69;9
854.62;854.74;61;1
854.74;854.87;57;9
854.87;854.99;61;1
854.99;855.1;57;9
855.1;855.58;67;7
855.1;855.2;59;11
855.2;855.33;55;7
855.33;855.45;59;11
855.45;855.58;55;7
855.58;855.83;62;2
855.58;855.7;59;11
855.7;855.83;55;7
855.83;856.08;64;4
855.83;855.95;59;11
855.95;856.08;55;7
856.08;856.58;66;6
856.08;856.2;58;10
856.08;856.33;30;6
856.08;856.33;42;6
856.2;856.33;54;6
856.33;856.45;58;10
856.45;856.58;61;1
856.58;856.7;62;2
856.7;856.83;59;11
856.83;857.08;66;6
856.83;856.95;62;2
856.95;857.08;59;11
857.08;857.48;69;9
857.08;857.2;61;1
857.2;857.33;57;9
857.33;857.45;61;1
857.45;857.48;57;9
857.48;857.69;67;7
857.48;857.56;59;11
857.56;857.69;55;7
857.69;857.94;67;7
857.69;857.81;59;11
857.81;857.94;55;7
857.94;858.69;66;6
857.94;858.06;58;10
857.94;858.19;30;6
857.94;858.19;42;6
858.06;858.19;54;6
858.19;858.31;58;10
858.31;858.44;61;1
858.44;858.56;62;2
858.56;858.69;59;11
858.69;858.73;66;6
858.69;858.72;62;2
858.72;858.73;59;11
858.73;859.39;69;9
858.73;858.78;61;1
858.78;858.89;57;9
858.89;859.01;61;1
859.01;859.14;57;9
859.14;859.26;59;11
859.26;859.39;55;7
859.39;859.64;67;7
859.39;859.51;59;11
859.51;859.64;55;7
859.64;860.14;66;6
859.64;859.76;58;10
859.64;859.89;30;6
859.64;859.89;42;6
859.76;859.89;54;6
859.89;860.01;58;10
860.01;860.14;54;6
860.14;860.39;66;6
860.14;860.26;58;10
860.14;860.64;52;4
860.26;860.39;54;6
860.39;860.64;66;6
860.39;860.51;58;10
860.51;860.64;54;6
860.64;861.43;59;11
860.64;861.52;47;11
860.64;861.52;51;3
860.64;861.52;57;9
861.43;861.52;37;1
861.47;861.52;38;2
861.52;861.92;55;7
861.52;861.92;59;11
861.52;863.4;28;4
861.52;863.4;40;4
861.92;862.91;52;4
861.92;862.91;55;7
862.91;863.4;49;1
862.91;863.4;52;4
863.4;863.9;46;10
863.4;863.9;49;1
863.4;864.4;31;7
863.4;864.4;43;7
863.9;864.15;47;11
863.9;864.15;50;2
864.15;864.4;49;1
864.15;864.4;52;4
864.4;865.21;50;2
864.4;865.21;54;6
864.4;865.34;30;6
864.4;865.34;42;6
864.65;864.88;35;11
864.88;865.09;37;1
865.09;865.34;38;2
865.21;865.34;47;11
865.21;865.34;59;11
865.34;865.84;55;7
865.34;865.84;59;11
865.34;866.3;28;4
865.34;866.3;40;4
865.84;866.6;52;4
865.84;866.6;55;7
866.3;867.1;35;11
866.3;867.1;47;11
866.6;867.48;50;2
866.6;867.48;54;6
867.1;867.98;28;4
867.1;867.98;40;4
867.48;867.98;48;0
867.48;867.98;52;4
867.98;868.48;47;11
867.98;868.48;50;2
867.98;868.98;30;6
867.98;868.98;42;6
868.48;868.98;46;10
868.48;868.98;49;1
868.98;869.48;51;3
868.98;869.48;54;6
868.98;869.48;57;9
868.98;869.48;35;11
868.98;869.48;47;11
869.48;869.73;66;6
869.48;869.6;63;3
869.48;869.98;36;0
869.48;869.98;48;0
869.6;869.73;57;9
869.73;869.98;66;6
869.73;869.85;63;3
869.85;869.98;57;9
869.98;870.69;71;11
869.98;870.08;63;3
869.98;870.44;35;11
869.98;870.44;47;11
870.08;870.21;57;9
870.21;870.33;63;3
870.33;870.44;57;9
870.44;870.56;63;3
870.44;870.81;39;3
870.44;870.81;51;3
870.56;870.69;57;9
870.69;870.94;66;6
870.69;870.81;63;3
870.81;870.94;57;9
870.94;871.44;66;6
870.94;871.06;63;3
870.94;871.44;35;11
870.94;871.44;47;11
871.06;871.19;57;9
871.19;871.31;63;3
871.31;871.44;57;9
871.44;871.69;66;6
871.44;871.56;63;3
871.44;871.94;36;0
871.44;871.94;48;0
871.56;871.69;57;9
871.69;871.94;66;6
871.69;871.81;63;3
871.81;871.94;57;9
871.94;872.4;71;11
871.94;872.06;63;3
871.94;872.4;35;11
871.94;872.4;47;11
872.06;872.19;57;9
872.19;872.31;63;3
872.31;872.4;57;9
872.4;872.86;66;6
872.4;872.48;63;3
872.4;872.73;39;3
872.4;872.73;51;3
872.48;872.61;57;9
872.61;872.73;63;3
872.73;872.86;57;9
872.86;873.36;67;7
872.86;872.98;64;4
872.86;873.36;35;11
872.86;873.36;47;11
872.98;873.11;55;7
873.11;873.23;64;4
873.23;873.36;55;7
873.36;873.48;64;4
873.36;873.7;36;0
873.36;873.7;48;0
873.48;873.61;55;7
873.61;873.7;64;4
873.64;873.7;55;7
873.7;873.92;64;4
873.7;874.16;35;11
873.7;874.16;47;11
873.82;873.92;55;7
873.92;874.03;64;4
874.03;874.16;55;7
874.16;874.28;64;4
874.16;874.53;40;4
874.16;874.53;52;4
874.28;874.41;55;7
874.41;874.66;64;4
874.53;874.66;55;7
874.66;875.41;67;7
874.66;874.78;64;4
874.66;875.16;35;11
874.66;875.16;47;11
874.78;874.91;55;7
874.91;875.03;64;4
875.03;875.16;55;7
875.16;875.28;64;4
875.16;875.5;36;0
875.16;875.5;48;0
875.28;875.41;55;7
875.41;875.5;64;4
875.49;875.5;55;7
875.5;876.4;71;11
875.5;875.56;67;7
875.5;875.94;35;11
875.5;875.94;47;11
875.56;875.69;59;11
875.69;875.81;67;7
875.81;875.94;59;11
875.94;876.06;67;7
875.94;876.27;40;4
875.94;876.27;52;4
876.06;876.19;59;11
876.19;876.27;67;7
876.27;876.4;59;11
876.4;877.15;76;4
876.4;876.52;67;7
876.4;876.52;70;10
876.4;876.9;36;0
876.4;876.9;48;0
876.52;876.65;64;4
876.65;876.77;67;7
876.65;876.77;70;10
876.77;876.9;64;4
876.9;877.02;67;7
876.9;877.02;70;10
876.9;877.4;37;1
876.9;877.4;49;1
877.02;877.15;64;4
877.15;877.4;76;4
877.15;877.27;67;7
877.15;877.27;70;10
877.27;877.4;64;4
877.4;877.63;76;4
877.4;877.52;67;7
877.4;877.52;70;10
877.4;877.63;36;0
877.4;877.63;48;0
877.52;877.56;64;4
877.56;877.57;67;7
877.56;877.57;70;10
877.57;877.63;64;4
877.63;877.87;67;7
877.63;877.99;43;7
877.63;877.99;55;7
877.74;877.87;64;4
877.87;878.12;67;7
877.99;878.12;64;4
878.12;878.87;70;10
878.12;878.24;67;7
878.12;878.62;37;1
878.12;878.62;49;1
878.24;878.37;64;4
878.37;878.49;67;7
878.49;878.62;64;4
878.62;878.74;67;7
878.62;879.12;38;2
878.62;879.12;50;2
878.74;878.87;64;4
878.87;879.12;70;10
878.87;878.99;67;7
878.99;879.12;64;4
879.12;879.87;73;1
879.12;879.24;67;7
879.12;879.24;70;10
879.12;879.62;37;1
879.12;879.62;49;1
879.24;879.37;64;4
879.37;879.49;67;7
879.37;879.49;70;10
879.49;879.62;64;4
879.62;879.74;67;7
879.62;879.74;70;10
879.62;879.99;43;7
879.62;879.99;55;7
879.74;879.87;64;4
879.87;880.12;76;4
879.87;879.99;67;7
879.87;879.99;70;10
879.99;880.12;64;4
880.12;880.45;76;4
880.12;880.24;70;10
880.12;880.24;73;1
880.12;880.45;42;6
880.24;880.37;64;4
880.37;880.44;70;10
880.37;880.44;73;1
880.44;880.45;64;4
880.45;880.65;64;4
880.45;880.52;61;1
880.45;880.9;43;7
880.52;880.65;58;10
880.65;880.9;64;4
880.65;880.77;61;1
880.77;880.9;58;10
880.9;881.4;67;7
880.9;881.02;61;1
880.9;881.4;42;6
881.02;881.15;58;10
881.15;881.27;61;1
881.27;881.4;58;10
881.4;881.65;66;6
881.4;881.52;61;1
881.4;881.77;54;6
881.52;881.65;58;10
881.65;881.9;61;1
881.77;881.9;58;10
881.9;882.36;54;6
881.9;882.36;60;0
881.9;882.36;63;3
881.9;882.27;33;9
882.27;882.36;35;11
882.36;883.13;78;6
882.36;882.44;72;0
882.36;882.44;75;3
882.36;882.69;36;0
882.44;882.57;66;6
882.57;882.69;72;0
882.57;882.69;75;3
882.69;882.82;66;6
882.69;882.82;38;2
882.82;882.94;72;0
882.82;882.94;75;3
882.82;883.07;39;3
882.94;883.05;66;6
883.05;883.07;72;0
883.05;883.07;75;3
883.07;883.13;66;6
883.07;883.13;40;4
883.13;883.56;78;6
883.13;883.24;72;0
883.13;883.24;75;3
883.13;883.49;42;6
883.24;883.37;66;6
883.37;883.49;72;0
883.37;883.49;75;3
883.49;883.56;66;6
883.49;883.56;43;7
883.56;884.06;78;6
883.56;883.68;72;0
883.56;883.68;75;3
883.56;883.93;45;9
883.68;883.81;66;6
883.81;883.93;72;0
883.81;883.93;75;3
883.93;884.06;66;6
883.93;884.06;47;11
884.06;884.11;69;9
884.06;884.17;48;0
884.1;884.11;66;6
884.11;884.17;69;9
884.17;884.3;66;6
884.17;884.3;50;2
884.3;884.8;72;0
884.3;884.42;69;9
884.3;884.67;51;3
884.42;884.55;66;6
884.55;884.67;69;9
884.67;884.8;66;6
884.67;884.8;52;4
884.8;885.01;69;9
884.8;884.92;66;6
884.8;885.09;53;5
884.92;885.01;63;3
885.01;885.22;69;9
885.01;885.09;66;6
885.09;885.22;63;3
885.09;885.22;54;6
885.22;885.47;76;4
885.22;885.34;70;10
885.22;885.72;55;7
885.34;885.47;73;1
885.47;885.59;76;4
885.59;885.72;73;1
885.72;886.22;76;4
885.72;885.84;70;10
885.72;886.09;54;6
885.84;885.97;64;4
885.97;886.09;70;10
886.09;886.22;73;1
886.09;886.22;54;6
886.22;886.34;76;4
886.22;886.64;55;7
886.34;886.47;73;1
886.47;886.56;76;4
886.56;886.64;73;1
886.64;886.85;73;1
886.64;886.73;70;10
886.64;886.85;54;6
886.73;886.79;64;4
886.79;886.85;70;10
886.85;886.96;73;1
886.85;886.96;54;6
886.96;887.21;76;4
886.96;887.08;70;10
886.96;887.46;55;7
887.08;887.21;73;1
887.21;887.33;76;4
887.33;887.46;73;1
887.46;887.58;70;10
887.46;887.83;54;6
887.58;887.71;64;4
887.71;887.83;70;10
887.83;887.96;73;1
887.83;887.96;54;6
887.96;888.44;76;4
887.96;888.44;55;7
888.08;888.21;73;1
888.21;888.33;70;10
888.33;888.44;73;1
888.44;888.5;76;4
888.44;888.6;54;6
888.5;888.59;73;1
888.59;888.6;76;4
888.6;888.62;78;6
888.6;888.62;54;6
888.62;888.71;79;7
888.62;889.03;52;4
888.62;889.03;58;10
888.62;889.03;61;1
888.71;888.72;76;4
888.72;888.73;73;1
888.73;888.78;70;10
888.78;888.9;67;7
888.9;889.03;64;4
889.03;889.15;67;7
889.03;889.28;49;1
889.15;889.28;70;10
889.28;889.4;73;1
889.28;889.53;46;10
889.4;889.53;70;10
889.53;889.65;73;1
889.53;889.78;43;7
889.65;889.78;76;4
889.78;889.9;79;7
889.78;890.03;40;4
889.9;890.03;76;4
890.03;890.15;79;7
890.03;890.28;37;1
890.15;890.28;81;9
890.28;890.4;73;1
890.28;890.4;82;10
890.28;891.06;33;9
890.28;891.06;45;9
890.4;890.53;79;7
890.53;890.65;82;10
890.65;890.78;79;7
890.78;890.9;76;4
890.9;891.03;73;1
891.03;891.06;76;4
891.06;891.07;79;7
891.06;891.07;33;9
891.06;891.07;45;9
891.07;891.18;85;1
891.07;891.56;33;9
891.07;891.56;45;9
891.18;891.31;82;10
891.31;891.43;79;7
891.43;891.56;76;4
891.56;891.68;88;4
891.56;891.94;33;9
891.56;891.94;45;9
891.68;891.81;85;1
891.81;891.88;81;9
891.88;891.94;76;4
891.94;892.1;77;5
891.94;892.1;81;9
891.94;892.1;86;2
891.94;892.1;89;5
891.94;892.1;38;2
891.94;892.1;50;2
892.1;893.22;77;5
893.22;893.47;74;2
893.47;893.97;72;0
893.97;894.22;71;11
893.97;894.1;55;7
893.97;894.1;59;11
893.97;894.1;62;2
894.1;894.22;65;5
894.22;894.58;55;7
894.22;894.58;59;11
894.22;894.58;62;2
894.58;894.67;71;11
894.67;895.67;74;2
895.67;895.91;71;11
895.91;896.01;67;7
896.01;896.51;72;0
896.51;896.64;57;9
896.51;896.64;60;0
896.64;896.78;64;4
896.78;897.28;57;9
896.78;897.28;60;0
897.53;898.33;76;4
898.33;898.58;72;0
898.58;898.81;69;9
898.81;898.94;67;7
898.94;899.04;66;6
898.94;898.95;47;11
898.94;898.95;51;3
898.94;898.95;54;6
898.95;899.04;57;9
899.04;899.46;47;11
899.04;899.46;51;3
899.04;899.46;54;6
899.46;899.81;69;9
899.81;900.81;72;0
900.81;901.06;71;11
901.06;901.45;66;6
901.45;902.45;67;7
901.95;902.08;52;4
901.95;902.08;55;7
902.08;902.2;59;11
902.2;902.68;52;4
902.2;902.68;55;7
902.93;903.82;68;8
903.43;903.56;52;4
903.43;903.56;56;8
903.43;903.56;59;11
903.56;903.68;62;2
903.68;903.82;52;4
903.68;903.82;56;8
903.68;903.82;59;11
903.82;904.02;65;5
904.02;904.22;64;4
904.22;904.92;69;9
904.67;904.8;52;4
904.67;904.8;57;9
904.8;904.92;60;0
904.92;905.01;52;4
904.92;905.01;57;9
905.47;906.47;71;11
905.97;906.1;52;4
905.97;906.1;56;8
905.97;906.1;59;11
906.1;906.22;62;2
906.22;906.47;52;4
906.22;906.47;56;8
906.22;906.47;59;11
906.47;906.72;68;8
906.72;906.95;64;4
906.95;907.62;72;0
907.37;907.5;51;3
907.37;907.5;54;6
907.37;907.5;57;9
907.5;907.62;60;0
907.62;907.87;51;3
907.62;907.87;54;6
907.62;907.87;57;9
908.31;909.21;75;3
908.77;908.89;69;9
908.77;908.89;72;0
908.77;908.89;50;2
908.77;908.89;57;9
908.89;908.96;66;6
908.89;908.96;60;0
908.96;909.21;69;9
908.96;909.21;72;0
908.96;909.21;50;2
908.96;909.21;57;9
909.21;909.38;74;2
909.38;909.55;69;9
909.55;910.47;70;10
909.97;910.1;67;7
909.97;910.1;55;7
910.1;910.22;62;2
910.1;910.22;58;10
910.22;910.47;67;7
910.22;910.47;55;7
910.72;910.99;70;10
910.99;912.15;79;7
911.65;911.78;72;0
911.65;911.78;75;3
911.65;911.78;53;5
911.65;911.78;57;9
911.65;911.78;60;0
911.78;911.9;69;9
911.78;911.9;63;3
911.9;912.15;72;0
911.9;912.15;75;3
911.9;912.15;53;5
911.9;912.15;57;9
911.9;912.15;60;0
912.15;912.42;77;5
912.42;912.67;72;0
912.67;913.65;74;2
912.67;913.4;46;10
913.17;913.3;65;5
913.17;913.3;70;10
913.3;913.4;62;2
913.4;913.65;65;5
913.4;913.65;70;10
913.4;913.87;50;2
913.65;913.78;64;4
913.78;913.87;65;5
913.87;914.48;53;5
914.07;914.23;61;1
914.07;914.23;64;4
914.07;914.23;69;9
914.23;914.48;62;2
914.23;914.48;65;5
914.23;914.48;70;10
914.48;915.21;58;10
914.73;914.98;64;4
914.73;914.98;70;10
914.73;914.98;73;1
914.98;915.21;65;5
914.98;915.21;69;9
914.98;915.21;74;2
915.21;916.46;76;4
915.21;916.75;64;4
915.21;916.75;68;8
915.21;916.75;59;11
915.21;916.75;62;2
916.46;916.75;74;2
916.75;917.47;74;2
917.25;917.38;57;9
917.25;917.38;60;0
917.38;917.47;64;4
917.47;917.55;57;9
917.47;917.55;60;0
917.8;918.05;72;0
918.05;919.29;72;0
918.55;918.68;57;9
918.55;918.68;60;0
918.68;918.8;66;6
918.8;919.05;57;9
918.8;919.05;60;0
919.29;919.49;71;11
919.49;919.74;76;4
919.74;919.99;74;2
919.99;920.24;67;7
919.99;920.24;79;7
920.24;920.49;67;7
920.24;920.49;79;7
920.24;920.49;55;7
920.24;920.49;59;11
920.24;920.49;62;2
920.49;920.86;67;7
920.49;920.86;71;11
920.49;920.86;77;5
920.49;920.86;79;7
920.86;921.11;67;7
920.86;921.11;71;11
920.86;921.11;77;5
920.86;921.11;79;7
921.11;921.28;67;7
921.11;921.28;71;11
921.11;921.28;77;5
921.11;921.28;79;7
921.28;921.49;67;7
921.28;921.49;71;11
921.28;921.49;77;5
921.28;921.49;79;7
921.49;921.74;67;7
921.49;921.74;71;11
921.49;921.74;77;5
921.49;921.74;79;7
921.74;921.99;67;7
921.74;921.99;71;11
921.74;921.99;77;5
921.74;921.99;79;7
921.74;922.49;55;7
921.99;922.24;67;7
921.99;922.24;71;11
921.99;922.24;77;5
921.99;922.24;79;7
922.24;922.49;67;7
922.24;922.49;71;11
922.24;922.49;77;5
922.24;922.49;79;7
922.49;922.74;67;7
922.49;922.74;72;0
922.49;922.74;76;4
922.49;922.74;79;7
922.49;923.74;60;0
922.74;922.99;67;7
922.74;922.99;72;0
922.74;922.99;76;4
922.74;922.99;79;7
922.99;923.24;67;7
922.99;923.24;72;0
922.99;923.24;76;4
922.99;923.24;79;7
923.24;923.49;67;7
923.24;923.49;72;0
923.24;923.49;76;4
923.24;923.49;79;7
923.49;923.74;67;7
923.49;923.74;72;0
923.49;923.74;76;4
923.49;923.74;79;7
923.74;924.01;67;7
923.74;924.01;72;0
923.74;924.01;76;4
923.74;924.01;79;7
923.74;924.01;60;0
924.01;924.26;67;7
924.01;924.26;72;0
924.01;924.26;75;3
924.01;924.26;79;7
924.01;924.76;63;3
924.26;924.51;67;7
924.26;924.51;72;0
924.26;924.51;75;3
924.26;924.51;79;7
924.51;924.76;67;7
924.51;924.76;72;0
924.51;924.76;75;3
924.51;924.76;79;7
924.76;925.01;67;7
924.76;925.01;72;0
924.76;925.01;75;3
924.76;925.01;79;7
924.76;925.26;62;2
925.01;925.26;67;7
925.01;925.26;72;0
925.01;925.26;75;3
925.01;925.26;79;7
925.26;925.37;67;7
925.26;925.37;72;0
925.26;925.37;75;3
925.26;925.37;79;7
925.26;925.37;60;0
925.37;925.62;72;0
925.37;925.62;75;3
925.37;925.62;80;8
925.37;926.83;68;8
925.62;925.87;72;0
925.62;925.87;75;3
925.62;925.87;80;8
925.87;926.12;72;0
925.87;926.12;75;3
925.87;926.12;80;8
926.12;926.37;72;0
926.12;926.37;75;3
926.12;926.37;80;8
926.37;926.62;72;0
926.37;926.62;75;3
926.37;926.62;80;8
926.62;926.83;72;0
926.62;926.83;75;3
926.62;926.83;80;8
926.83;927.08;72;0
926.83;927.08;75;3
926.83;927.08;80;8
926.83;927.08;84;0
926.83;927.58;60;0
927.08;927.33;72;0
927.08;927.33;75;3
927.08;927.33;80;8
927.08;927.33;84;0
927.33;927.58;72;0
927.33;927.58;75;3
927.33;927.58;80;8
927.33;927.58;84;0
927.58;927.78;72;0
927.58;927.78;75;3
927.58;927.78;80;8
927.58;927.78;84;0
927.58;927.9;58;10
927.78;927.9;72;0
927.78;927.9;75;3
927.78;927.9;80;8
927.78;927.9;84;0
927.9;928.15;72;0
927.9;928.15;75;3
927.9;928.15;80;8
927.9;928.15;84;0
927.9;928.15;56;8
928.15;928.4;75;3
928.15;928.4;79;7
928.15;928.4;82;10
928.15;928.4;87;3
928.15;929.4;63;3
928.4;928.65;75;3
928.4;928.65;79;7
928.4;928.65;82;10
928.4;928.65;87;3
928.65;928.9;75;3
928.65;928.9;79;7
928.65;928.9;82;10
928.65;928.9;87;3
928.9;929.15;75;3
928.9;929.15;79;7
928.9;929.15;82;10
928.9;929.15;87;3
929.15;929.4;75;3
929.15;929.4;79;7
929.15;929.4;82;10
929.15;929.4;87;3
929.4;929.65;75;3
929.4;929.65;79;7
929.4;929.65;82;10
929.4;929.65;87;3
929.4;929.65;63;3
929.65;929.84;77;5
929.65;929.84;80;8
929.65;929.84;82;10
929.65;929.84;89;5
929.65;930.59;65;5
929.65;931.09;58;10
929.84;930.09;77;5
929.84;930.09;80;8
929.84;930.09;82;10
929.84;930.09;89;5
930.09;930.34;77;5
930.09;930.34;80;8
930.09;930.34;82;10
930.09;930.34;89;5
930.34;930.59;77;5
930.34;930.59;80;8
930.34;930.59;82;10
930.34;930.59;89;5
930.59;930.84;77;5
930.59;930.84;80;8
930.59;930.84;82;10
930.59;930.84;89;5
930.59;930.84;60;0
930.84;931.09;77;5
930.84;931.09;80;8
930.84;931.09;82;10
930.84;931.09;89;5
930.84;931.09;62;2
931.09;931.34;75;3
931.09;931.34;79;7
931.09;931.34;82;10
931.09;931.34;87;3
931.09;932.2;51;3
931.09;932.2;63;3
931.34;931.59;75;3
931.34;931.59;79;7
931.34;931.59;82;10
931.34;931.59;87;3
931.59;931.84;75;3
931.59;931.84;79;7
931.59;931.84;82;10
931.59;931.84;87;3
931.84;932.09;75;3
931.84;932.09;79;7
931.84;932.09;82;10
931.84;932.09;87;3
932.09;932.2;75;3
932.09;932.2;79;7
932.09;932.2;82;10
932.09;932.2;87;3
932.2;932.45;75;3
932.2;932.45;79;7
932.2;932.45;82;10
932.2;932.45;87;3
932.2;932.45;51;3
932.2;932.45;63;3
932.45;932.7;75;3
932.45;932.7;78;6
932.45;932.7;82;10
932.45;932.7;87;3
932.45;933.2;54;6
932.45;933.2;66;6
932.7;932.95;75;3
932.7;932.95;78;6
932.7;932.95;82;10
932.7;932.95;87;3
932.95;933.2;75;3
932.95;933.2;78;6
932.95;933.2;82;10
932.95;933.2;87;3
933.2;933.45;75;3
933.2;933.45;78;6
933.2;933.45;82;10
933.2;933.45;87;3
933.2;933.7;53;5
933.2;933.7;65;5
933.45;933.7;75;3
933.45;933.7;78;6
933.45;933.7;82;10
933.45;933.7;87;3
933.7;933.85;75;3
933.7;933.85;78;6
933.7;933.85;82;10
933.7;933.85;87;3
933.7;933.85;51;3
933.7;933.85;63;3
933.85;934.1;75;3
933.85;934.1;78;6
933.85;934.1;83;11
933.85;934.1;87;3
933.85;935.33;59;11
933.85;935.33;71;11
934.1;934.35;75;3
934.1;934.35;78;6
934.1;934.35;83;11
934.1;934.35;87;3
934.35;934.6;75;3
934.35;934.6;78;6
934.35;934.6;83;11
934.35;934.6;87;3
934.6;934.85;75;3
934.6;934.85;78;6
934.6;934.85;83;11
934.6;934.85;87;3
934.85;935.08;75;3
934.85;935.08;78;6
934.85;935.08;83;11
934.85;935.08;87;3
935.08;935.33;75;3
935.08;935.33;78;6
935.08;935.33;83;11
935.08;935.33;87;3
935.33;935.58;76;4
935.33;935.58;80;8
935.33;935.58;83;11
935.33;935.58;88;4
935.33;935.96;49;1
935.33;935.96;61;1
935.58;935.78;76;4
935.58;935.78;80;8
935.58;935.78;83;11
935.58;935.78;88;4
935.78;935.96;76;4
935.78;935.96;80;8
935.78;935.96;83;11
935.78;935.96;88;4
935.96;936.21;76;4
935.96;936.21;80;8
935.96;936.21;83;11
935.96;936.21;88;4
935.96;936.46;51;3
935.96;936.46;63;3
936.21;936.46;76;4
936.21;936.46;80;8
936.21;936.46;83;11
936.21;936.46;88;4
936.46;936.71;76;4
936.46;936.71;80;8
936.46;936.71;83;11
936.46;936.71;85;1
936.46;936.71;88;4
936.46;936.71;52;4
936.46;936.71;64;4
936.71;936.93;78;6
936.71;936.93;83;11
936.71;936.93;87;3
936.71;936.93;90;6
936.71;937.92;66;6
936.71;938.09;54;6
936.93;937.17;78;6
936.93;937.17;83;11
936.93;937.17;87;3
936.93;937.17;90;6
937.17;937.42;78;6
937.17;937.42;83;11
937.17;937.42;87;3
937.17;937.42;90;6
937.42;937.67;78;6
937.42;937.67;83;11
937.42;937.67;87;3
937.42;937.67;90;6
937.67;937.92;78;6
937.67;937.92;83;11
937.67;937.92;87;3
937.67;937.92;90;6
937.92;938.09;78;6
937.92;938.09;83;11
937.92;938.09;87;3
937.92;938.09;90;6
937.92;938.09;63;3
938.09;938.34;78;6
938.09;938.34;82;10
938.09;938.34;85;1
938.09;938.34;90;6
938.09;938.84;64;4
938.09;939.59;54;6
938.34;938.59;78;6
938.34;938.59;82;10
938.34;938.59;85;1
938.34;938.59;90;6
938.59;938.84;78;6
938.59;938.84;82;10
938.59;938.84;85;1
938.59;938.84;90;6
938.84;939.09;78;6
938.84;939.09;82;10
938.84;939.09;88;4
938.84;939.09;90;6
938.84;939.34;63;3
939.34;939.59;66;6
939.34;939.59;61;1
939.59;940.26;59;11
939.59;940.26;63;3
939.59;940.26;66;6
939.59;940.26;71;11
939.59;940.26;35;11
939.59;940.26;47;11
940.26;940.76;59;11
940.26;941.01;51;3
940.26;941.01;54;6
940.76;941.01;63;3
941.01;941.51;66;6
941.01;941.75;54;6
941.01;941.75;59;11
941.01;941.75;63;3
941.51;941.75;71;11
941.75;942.12;75;3
941.75;942.37;59;11
941.75;942.37;63;3
941.75;942.37;66;6
942.12;942.37;71;11
942.37;943.4;72;0
942.65;942.78;57;9
942.65;942.78;60;0
942.78;942.9;64;4
942.9;943.4;57;9
942.9;943.4;60;0
943.4;943.63;74;2
943.63;944.72;74;2
943.97;944.1;55;7
943.97;944.1;59;11
943.97;944.1;62;2
944.1;944.22;65;5
944.22;944.72;55;7
944.22;944.72;59;11
944.22;944.72;62;2
944.72;944.97;76;4
944.97;945.37;76;4
945.37;945.58;72;0
945.37;945.46;48;0
945.37;945.46;52;4
945.37;945.46;55;7
945.46;945.58;60;0
945.58;946.08;48;0
945.58;946.08;52;4
945.58;946.08;55;7
945.83;946.08;74;2
946.08;946.33;76;4
946.33;947.42;77;5
946.67;946.8;50;2
946.67;946.8;53;5
946.8;946.92;57;9
946.92;947.42;50;2
946.92;947.42;53;5
947.42;947.67;76;4
947.67;948.42;76;4
948.17;948.3;54;6
948.17;948.3;57;9
948.17;948.3;60;0
948.3;948.42;62;2
948.42;948.86;74;2
948.42;948.86;54;6
948.42;948.86;57;9
948.42;948.86;60;0
948.86;949.03;74;2
949.03;949.58;74;2
949.58;949.96;72;0
949.96;950.21;74;2
950.21;950.71;72;0
950.46;950.71;55;7
950.71;950.96;71;11
950.71;950.96;55;7
950.96;951.15;67;7
950.96;951.15;79;7
950.96;951.15;55;7
951.15;951.4;67;7
951.15;951.4;79;7
951.15;951.4;55;7
951.4;951.66;67;7
951.4;951.66;79;7
951.4;951.66;55;7
951.66;952.05;67;7
951.66;952.05;71;11
951.66;952.05;77;5
951.66;952.05;79;7
951.66;953.1;55;7
951.66;953.1;62;2
951.66;953.1;65;5
952.05;952.31;67;7
952.05;952.31;71;11
952.05;952.31;77;5
952.05;952.31;79;7
952.31;952.56;67;7
952.31;952.56;71;11
952.31;952.56;77;5
952.31;952.56;79;7
952.56;952.81;67;7
952.56;952.81;71;11
952.56;952.81;77;5
952.56;952.81;79;7
952.81;953.1;67;7
952.81;953.1;71;11
952.81;953.1;77;5
952.81;953.1;79;7
953.1;953.35;67;7
953.1;953.35;71;11
953.1;953.35;77;5
953.1;953.35;79;7
953.1;953.35;55;7
953.35;953.6;67;7
953.35;953.6;72;0
953.35;953.6;76;4
953.35;953.6;79;7
953.35;954.39;60;0
953.6;953.83;67;7
953.6;953.83;72;0
953.6;953.83;76;4
953.6;953.83;79;7
953.83;954.08;67;7
953.83;954.08;72;0
953.83;954.08;76;4
953.83;954.08;79;7
954.08;954.27;67;7
954.08;954.27;72;0
954.08;954.27;76;4
954.08;954.27;79;7
954.27;954.39;67;7
954.27;954.39;72;0
954.27;954.39;76;4
954.27;954.39;79;7
954.39;954.51;67;7
954.39;954.51;72;0
954.39;954.51;76;4
954.39;954.51;79;7
954.39;954.51;60;0
954.51;954.78;67;7
954.51;954.78;72;0
954.51;954.78;75;3
954.51;954.78;79;7
954.51;955.28;63;3
954.78;955.03;67;7
954.78;955.03;72;0
954.78;955.03;75;3
954.78;955.03;79;7
955.03;955.28;67;7
955.03;955.28;72;0
955.03;955.28;75;3
955.03;955.28;79;7
955.28;955.53;67;7
955.28;955.53;72;0
955.28;955.53;75;3
955.28;955.53;79;7
955.28;955.78;62;2
955.53;955.78;67;7
955.53;955.78;72;0
955.53;955.78;75;3
955.53;955.78;79;7
955.78;956.03;67;7
955.78;956.03;72;0
955.78;956.03;75;3
955.78;956.03;79;7
955.78;956.03;60;0
956.03;956.07;72;0
956.03;956.07;75;3
956.03;956.07;80;8
956.03;957.21;68;8
956.07;956.21;72;0
956.07;956.21;75;3
956.07;956.21;80;8
956.21;956.46;72;0
956.21;956.46;75;3
956.21;956.46;80;8
956.46;956.71;72;0
956.46;956.71;75;3
956.46;956.71;80;8
956.71;956.96;72;0
956.71;956.96;75;3
956.71;956.96;80;8
956.96;957.21;72;0
956.96;957.21;75;3
956.96;957.21;80;8
957.21;957.45;68;8
957.21;957.45;72;0
957.21;957.45;75;3
957.21;957.45;80;8
957.21;957.92;60;0
957.45;957.67;68;8
957.45;957.67;72;0
957.45;957.67;75;3
957.45;957.67;80;8
957.67;957.92;68;8
957.67;957.92;72;0
957.67;957.92;75;3
957.67;957.92;80;8
957.92;958.17;68;8
957.92;958.17;72;0
957.92;958.17;75;3
957.92;958.17;80;8
957.92;958.42;58;10
958.17;958.42;68;8
958.17;958.42;72;0
958.17;958.42;75;3
958.17;958.42;80;8
958.42;958.67;68;8
958.42;958.67;72;0
958.42;958.67;75;3
958.42;958.67;80;8
958.42;958.67;56;8
958.67;958.86;68;8
958.67;958.86;73;1
958.67;958.86;77;5
958.67;958.86;80;8
958.67;959.84;65;5
958.86;959.11;68;8
958.86;959.11;73;1
958.86;959.11;77;5
958.86;959.11;80;8
959.11;959.36;68;8
959.11;959.36;73;1
959.11;959.36;77;5
959.11;959.36;80;8
959.36;959.61;68;8
959.36;959.61;73;1
959.36;959.61;77;5
959.36;959.61;80;8
959.61;959.84;68;8
959.61;959.84;73;1
959.61;959.84;77;5
959.61;959.84;80;8
959.84;960.03;68;8
959.84;960.03;73;1
959.84;960.03;77;5
959.84;960.03;80;8
959.84;960.03;65;5
960.03;960.28;71;11
960.03;960.28;74;2
960.03;960.28;80;8
960.03;960.76;65;5
960.28;960.51;71;11
960.28;960.51;74;2
960.28;960.51;80;8
960.51;960.76;71;11
960.51;960.76;74;2
960.51;960.76;80;8
960.76;961.01;71;11
960.76;961.01;74;2
960.76;961.01;80;8
960.76;961.26;64;4
961.01;961.26;71;11
961.01;961.26;74;2
961.01;961.26;80;8
961.26;961.51;71;11
961.26;961.51;74;2
961.26;961.51;80;8
961.26;961.51;65;5
961.51;961.76;72;0
961.51;961.76;75;3
961.51;961.76;81;9
961.51;963.24;66;6
961.76;961.99;72;0
961.76;961.99;75;3
961.76;961.99;81;9
961.99;962.24;72;0
961.99;962.24;75;3
961.99;962.24;81;9
962.24;962.49;72;0
962.24;962.49;75;3
962.24;962.49;81;9
962.49;962.74;72;0
962.49;962.74;75;3
962.49;962.74;81;9
962.74;962.99;72;0
962.74;962.99;75;3
962.74;962.99;81;9
962.99;963.24;73;1
962.99;963.24;76;4
962.99;963.24;82;10
963.24;963.49;73;1
963.24;963.49;76;4
963.24;963.49;82;10
963.24;963.49;66;6
963.49;963.74;73;1
963.49;963.74;76;4
963.49;963.74;82;10
963.49;963.74;66;6
963.74;963.99;73;1
963.74;963.99;76;4
963.74;963.99;82;10
963.74;963.99;66;6
963.99;964.12;73;1
963.99;964.12;76;4
963.99;964.12;82;10
963.99;964.12;66;6
964.12;964.33;73;1
964.12;964.33;76;4
964.12;964.33;82;10
964.12;964.33;66;6
964.33;965.77;79;7
964.33;965.77;83;11
964.33;965.77;86;2
964.33;965.77;91;7
964.33;964.53;38;2
964.33;964.53;50;2
964.53;964.77;55;7
964.53;964.77;59;11
964.53;964.77;62;2
964.77;965.02;55;7
964.77;965.02;59;11
964.77;965.02;62;2
965.02;965.27;55;7
965.02;965.27;59;11
965.02;965.27;62;2
965.27;965.52;55;7
965.27;965.52;59;11
965.27;965.52;62;2
965.52;965.77;55;7
965.52;965.77;59;11
965.52;965.77;62;2
965.77;967.04;67;7
965.77;967.04;79;7
965.77;966.04;55;7
965.77;966.04;59;11
965.77;966.04;62;2
966.04;966.29;55;7
966.04;966.29;59;11
966.04;966.29;62;2
966.29;966.54;55;7
966.29;966.54;59;11
966.29;966.54;62;2
966.54;966.79;55;7
966.54;966.79;59;11
966.54;966.79;62;2
966.79;967.04;55;7
966.79;967.04;59;11
966.79;967.04;62;2
967.04;967.29;71;11
967.04;967.29;83;11
967.04;967.29;55;7
967.04;967.29;59;11
967.04;967.29;62;2
967.29;969.56;74;2
967.29;969.56;86;2
967.29;967.54;50;2
967.29;967.54;55;7
967.29;967.54;57;9
967.29;967.54;60;0
967.54;967.79;50;2
967.54;967.79;55;7
967.54;967.79;57;9
967.54;967.79;60;0
967.79;968.04;50;2
967.79;968.04;55;7
967.79;968.04;57;9
967.79;968.04;60;0
968.04;968.29;50;2
968.04;968.29;55;7
968.04;968.29;57;9
968.04;968.29;60;0
968.29;968.54;50;2
968.29;968.54;55;7
968.29;968.54;57;9
968.29;968.54;60;0
968.54;968.81;50;2
968.54;968.81;55;7
968.54;968.81;57;9
968.54;968.81;60;0
968.81;969.06;50;2
968.81;969.06;54;6
968.81;969.06;57;9
968.81;969.06;60;0
969.06;969.31;50;2
969.06;969.31;54;6
969.06;969.31;57;9
969.06;969.31;60;0
969.31;969.56;50;2
969.31;969.56;54;6
969.31;969.56;57;9
969.31;969.56;60;0
969.56;969.86;76;4
969.56;969.86;88;4
969.56;969.79;50;2
969.56;969.79;54;6
969.56;969.79;57;9
969.56;969.79;60;0
969.86;970.11;78;6
969.86;970.11;90;6
969.99;970.11;50;2
969.99;970.11;62;2
970.11;970.76;79;7
970.11;970.76;83;11
970.11;970.76;86;2
970.11;970.76;91;7
970.11;970.76;55;7
970.11;970.76;67;7
970.76;971.31;55;7
970.76;970.99;43;7
970.76;970.99;47;11
970.76;970.99;50;2
970.99;971.24;43;7
970.99;971.24;47;11
970.99;971.24;50;2
971.24;971.49;43;7
971.24;971.49;47;11
971.24;971.49;50;2
971.31;971.49;59;11
971.49;972.04;62;2
971.49;971.74;47;11
971.49;971.74;50;2
971.49;971.74;55;7
971.74;971.98;47;11
971.74;971.98;50;2
971.74;971.98;55;7
971.98;972.22;47;11
971.98;972.22;50;2
971.98;972.22;55;7
972.04;972.22;67;7
972.22;972.97;71;11
972.22;972.47;50;2
972.22;972.47;55;7
972.22;972.47;59;11
972.47;972.72;50;2
972.47;972.72;55;7
972.47;972.72;59;11
972.72;972.97;50;2
972.72;972.97;55;7
972.72;972.97;59;11
972.97;973.62;71;11
972.97;973.22;55;7
972.97;973.22;59;11
972.97;973.22;62;2
973.22;973.44;55;7
973.22;973.44;59;11
973.22;973.44;62;2
973.44;973.62;55;7
973.44;973.62;59;11
973.44;973.62;62;2
973.62;974.01;69;9
973.62;973.8;59;11
973.62;973.8;62;2
973.8;973.94;59;11
973.8;973.94;62;2
973.94;974.19;59;11
973.94;974.19;62;2
974.01;974.19;67;7
974.19;974.98;74;2
974.19;974.44;62;2
974.19;974.44;67;7
974.19;974.44;71;11
974.44;974.73;62;2
974.44;974.73;67;7
974.44;974.73;71;11
974.73;974.98;62;2
974.73;974.98;67;7
974.73;974.98;71;11
974.98;975.81;74;2
974.98;975.81;86;2
974.98;975.23;67;7
974.98;975.23;71;11
975.23;975.48;67;7
975.23;975.48;71;11
975.48;975.81;67;7
975.48;975.81;71;11
975.81;976.88;79;7
975.81;976.88;91;7
975.81;976.06;40;4
975.81;976.06;52;4
976.06;976.31;59;11
976.06;976.31;64;4
976.06;976.31;67;7
976.31;976.58;59;11
976.31;976.58;64;4
976.31;976.58;67;7
976.58;976.88;59;11
976.58;976.88;64;4
976.58;976.88;67;7
976.88;977.2;78;6
976.88;977.2;90;6
976.88;977.2;59;11
976.88;977.2;64;4
976.88;977.2;67;7
977.2;977.51;79;7
977.2;977.51;91;7
977.2;977.51;59;11
977.2;977.51;64;4
977.2;977.51;67;7
977.51;978.26;81;9
977.51;978.26;93;9
977.51;977.76;59;11
977.51;977.76;64;4
977.51;977.76;67;7
977.76;978.01;59;11
977.76;978.01;64;4
977.76;978.01;67;7
978.01;978.26;59;11
978.01;978.26;64;4
978.01;978.26;67;7
978.26;978.96;79;7
978.26;978.96;91;7
978.26;978.51;59;11
978.26;978.51;64;4
978.26;978.51;67;7
978.51;978.96;59;11
978.51;978.96;64;4
978.51;978.96;67;7
978.96;979.33;78;6
978.96;979.33;90;6
978.96;979.33;59;11
978.96;979.33;64;4
978.96;979.33;67;7
979.33;979.9;79;7
979.33;979.9;91;7
979.33;979.9;45;9
979.9;980.4;68;8
979.9;980.4;80;8
979.9;980.15;57;9
979.9;980.15;60;0
979.9;980.15;64;4
979.9;980.15;67;7
980.15;980.4;57;9
980.15;980.4;60;0
980.15;980.4;64;4
980.15;980.4;67;7
980.4;980.9;69;9
980.4;980.9;81;9
980.4;980.65;57;9
980.4;980.65;60;0
980.4;980.65;64;4
980.4;980.65;67;7
980.65;980.9;57;9
980.65;980.9;60;0
980.65;980.9;64;4
980.65;980.9;67;7
980.9;981.4;71;11
980.9;981.4;83;11
980.9;981.15;57;9
980.9;981.15;60;0
980.9;981.15;64;4
980.9;981.15;67;7
981.15;981.4;57;9
981.15;981.4;60;0
981.15;981.4;64;4
981.15;981.4;67;7
981.4;981.65;72;0
981.4;981.65;84;0
981.4;981.65;57;9
981.4;981.65;60;0
981.4;981.65;64;4
981.4;981.65;67;7
981.65;981.9;74;2
981.65;981.9;86;2
981.65;981.9;57;9
981.65;981.9;60;0
981.65;981.9;64;4
981.65;981.9;67;7
981.9;982.15;75;3
981.9;982.15;87;3
981.9;982.15;57;9
981.9;982.15;60;0
981.9;982.15;64;4
981.9;982.15;67;7
982.15;982.4;76;4
982.15;982.4;88;4
982.15;982.4;57;9
982.15;982.4;60;0
982.15;982.4;64;4
982.15;982.4;67;7
982.4;982.59;78;6
982.4;982.59;90;6
982.4;982.59;57;9
982.4;982.59;60;0
982.4;982.59;64;4
982.4;982.59;67;7
982.59;983.55;79;7
982.59;983.55;91;7
982.59;982.8;46;10
982.8;983.05;55;7
982.8;983.05;61;1
982.8;983.05;64;4
983.05;983.3;55;7
983.05;983.3;61;1
983.05;983.3;64;4
983.3;983.55;55;7
983.3;983.55;61;1
983.3;983.55;64;4
983.55;983.8;78;6
983.55;983.8;90;6
983.55;983.8;55;7
983.55;983.8;61;1
983.55;983.8;64;4
983.8;984.09;79;7
983.8;984.09;91;7
983.8;984.09;55;7
983.8;984.09;61;1
983.8;984.09;64;4
984.09;984.94;81;9
984.09;984.94;93;9
984.09;984.34;47;11
984.34;984.63;55;7
984.34;984.63;62;2
984.34;984.63;65;5
984.63;984.94;55;7
984.63;984.94;62;2
984.63;984.94;65;5
984.94;985.52;79;7
984.94;985.52;91;7
984.94;985.27;55;7
984.94;985.27;62;2
984.94;985.27;65;5
985.27;985.52;55;7
985.27;985.52;62;2
985.27;985.52;65;5
985.52;985.93;78;6
985.52;985.93;90;6
985.52;985.93;55;7
985.52;985.93;62;2
985.52;985.93;65;5
985.93;986.24;79;7
985.93;986.24;91;7
985.93;986.24;49;1
986.24;986.76;69;9
986.24;986.76;81;9
986.24;986.51;55;7
986.24;986.51;58;10
986.24;986.51;64;4
986.51;986.76;55;7
986.51;986.76;58;10
986.51;986.76;64;4
986.76;987.26;70;10
986.76;987.26;82;10
986.76;987.01;55;7
986.76;987.01;58;10
986.76;987.01;64;4
987.01;987.26;55;7
987.01;987.26;58;10
987.01;987.26;64;4
987.26;987.82;72;0
987.26;987.82;84;0
987.26;987.63;55;7
987.26;987.63;58;10
987.26;987.63;64;4
987.63;987.82;55;7
987.63;987.82;58;10
987.63;987.82;64;4
987.82;987.99;73;1
987.82;987.99;85;1
987.82;987.99;55;7
987.82;987.99;58;10
987.82;987.99;64;4
987.99;988.22;74;2
987.99;988.22;86;2
987.99;988.22;55;7
987.99;988.22;58;10
987.99;988.22;64;4
988.22;988.47;76;4
988.22;988.47;88;4
988.22;988.47;55;7
988.22;988.47;58;10
988.22;988.47;64;4
988.47;988.7;78;6
988.47;988.7;90;6
988.47;988.7;55;7
988.47;988.7;58;10
988.47;988.7;64;4
988.7;988.95;79;7
988.7;988.95;91;7
988.7;988.95;55;7
988.7;988.95;58;10
988.7;988.95;64;4
988.95;989.49;81;9
988.95;989.49;93;9
988.95;990.01;50;2
988.95;990.01;54;6
988.95;990.01;57;9
988.95;990.01;60;0
989.49;989.74;79;7
989.49;989.74;91;7
989.74;990.38;78;6
989.74;990.38;90;6
990.38;990.63;76;4
990.38;990.63;88;4
990.63;991.63;75;3
990.63;991.63;87;3
990.63;991.63;47;11
990.63;991.63;54;6
990.63;991.63;57;9
990.63;991.63;59;11
991.63;991.88;71;11
991.63;991.88;83;11
991.88;992.08;69;9
991.88;992.08;81;9
992.08;992.76;67;7
992.08;992.76;79;7
992.08;992.76;48;0
992.08;992.76;52;4
992.08;992.76;55;7
992.76;993.01;64;4
992.76;993.01;67;7
992.76;993.01;72;0
992.76;993.51;52;4
993.01;993.26;64;4
993.01;993.26;67;7
993.01;993.26;72;0
993.26;993.51;64;4
993.26;993.51;67;7
993.26;993.51;72;0
993.51;993.76;67;7
993.51;993.76;72;0
993.51;993.76;76;4
993.51;994.26;55;7
993.76;994.01;67;7
993.76;994.01;72;0
993.76;994.01;76;4
994.01;994.26;67;7
994.01;994.26;72;0
994.01;994.26;76;4
994.26;994.5;72;0
994.26;994.5;76;4
994.26;994.5;79;7
994.26;994.7;60;0
994.5;994.7;72;0
994.5;994.7;76;4
994.5;994.7;79;7
994.7;994.95;72;0
994.7;994.95;76;4
994.7;994.95;79;7
994.7;994.95;55;7
994.95;995.12;72;0
994.95;995.12;76;4
994.95;995.12;79;7
994.95;995.75;60;0
995.12;995.25;72;0
995.12;995.25;76;4
995.12;995.25;79;7
995.25;995.5;72;0
995.25;995.5;76;4
995.25;995.5;79;7
995.5;995.75;72;0
995.5;995.75;76;4
995.5;995.75;79;7
995.75;996;72;0
995.75;996;76;4
995.75;996;79;7
995.75;996;59;11
996;996.25;72;0
996;996.25;76;4
996;996.25;79;7
996;996.25;60;0
996.25;996.5;72;0
996.25;996.5;76;4
996.25;996.5;79;7
996.25;996.5;84;0
996.25;997.4;64;4
996.5;996.75;72;0
996.5;996.75;76;4
996.5;996.75;79;7
996.5;996.75;84;0
996.75;997;72;0
996.75;997;76;4
996.75;997;79;7
996.75;997;84;0
997;997.25;72;0
997;997.25;76;4
997;997.25;79;7
997;997.25;84;0
997.25;997.4;72;0
997.25;997.4;76;4
997.25;997.4;79;7
997.25;997.4;84;0
997.4;997.53;72;0
997.4;997.53;76;4
997.4;997.53;79;7
997.4;997.53;84;0
997.4;997.53;60;0
997.53;997.78;76;4
997.53;997.78;81;9
997.53;997.78;84;0
997.53;997.78;88;4
997.53;998.28;69;9
997.78;998.03;76;4
997.78;998.03;81;9
997.78;998.03;84;0
997.78;998.03;88;4
998.03;998.28;76;4
998.03;998.28;81;9
998.03;998.28;84;0
998.03;998.28;88;4
998.28;998.43;76;4
998.28;998.43;81;9
998.28;998.43;84;0
998.28;998.43;88;4
998.28;998.68;60;0
998.43;998.68;76;4
998.43;998.68;81;9
998.43;998.68;84;0
998.43;998.68;88;4
998.68;998.93;76;4
998.68;998.93;81;9
998.68;998.93;84;0
998.68;998.93;88;4
998.68;998.93;62;2
998.93;999.15;80;8
998.93;999.15;83;11
998.93;999.15;88;4
998.93;999.15;92;8
998.93;999.56;64;4
999.15;999.31;80;8
999.15;999.31;83;11
999.15;999.31;88;4
999.15;999.31;92;8
999.31;999.56;80;8
999.31;999.56;83;11
999.31;999.56;88;4
999.31;999.56;92;8
999.56;999.81;80;8
999.56;999.81;83;11
999.56;999.81;88;4
999.56;999.81;92;8
999.56;1000.1;59;11
999.81;1000.1;80;8
999.81;1000.1;83;11
999.81;1000.1;88;4
999.81;1000.1;92;8
1000.1;1000.3;80;8
1000.1;1000.3;83;11
1000.1;1000.3;88;4
1000.1;1000.3;92;8
1000.3;1000.6;79;7
1000.3;1000.6;82;10
1000.3;1000.6;85;1
1000.3;1000.6;91;7
1000.3;1000.6;52;4
1000.6;1000.8;58;10
1000.6;1000.8;61;1
1000.6;1000.8;67;7
1000.8;1001.1;73;1
1000.8;1001.1;85;1
1000.8;1001.1;58;10
1000.8;1001.1;61;1
1000.8;1001.1;67;7
1001.1;1001.6;79;7
1001.1;1001.6;91;7
1001.1;1001.3;58;10
1001.1;1001.3;61;1
1001.1;1001.3;67;7
1001.3;1001.6;58;10
1001.3;1001.6;61;1
1001.3;1001.6;67;7
1001.6;1001.9;73;1
1001.6;1001.9;85;1
1001.6;1001.9;58;10
1001.6;1001.9;61;1
1001.6;1001.9;67;7
1001.9;1003.2;74;2
1001.9;1003.2;86;2
1001.9;1002.1;50;2
1002.1;1002.4;59;11
1002.1;1002.4;62;2
1002.1;1002.4;67;7
1002.4;1002.6;59;11
1002.4;1002.6;62;2
1002.4;1002.6;67;7
1002.6;1002.9;59;11
1002.6;1002.9;62;2
1002.6;1002.9;67;7
1002.9;1003;59;11
1002.9;1003;62;2
1002.9;1003;67;7
1003;1003.2;59;11
1003;1003.2;62;2
1003;1003.2;67;7
1003.2;1004.2;79;7
1003.2;1004.2;91;7
1003.2;1003.5;49;1
1003.5;1003.7;58;10
1003.5;1003.7;64;4
1003.5;1003.7;67;7
1003.7;1004;58;10
1003.7;1004;64;4
1003.7;1004;67;7
1004;1004.2;58;10
1004;1004.2;64;4
1004;1004.2;67;7
1004.2;1004.5;78;6
1004.2;1004.5;90;6
1004.2;1004.5;58;10
1004.2;1004.5;64;4
1004.2;1004.5;67;7
1004.5;1004.6;76;4
1004.5;1004.6;88;4
1004.5;1004.6;58;10
1004.5;1004.6;64;4
1004.5;1004.6;67;7
1004.6;1005.5;74;2
1004.6;1005.5;86;2
1004.6;1004.8;50;2
1004.8;1005;59;11
1004.8;1005;62;2
1004.8;1005;67;7
1005;1005.2;59;11
1005;1005.2;62;2
1005;1005.2;67;7
1005.2;1005.5;59;11
1005.2;1005.5;62;2
1005.2;1005.5;67;7
1005.5;1005.7;59;11
1005.5;1005.7;62;2
1005.5;1005.7;67;7
1005.7;1006;59;11
1005.7;1006;62;2
1005.7;1006;67;7
1006;1006.2;47;11
1006.2;1006.5;57;9
1006.2;1006.5;59;11
1006.2;1006.5;63;3
1006.5;1006.6;57;9
1006.5;1006.6;59;11
1006.5;1006.6;63;3
1006.6;1007.1;71;11
1006.6;1007.1;83;11
1006.6;1006.8;57;9
1006.6;1006.8;59;11
1006.6;1006.8;63;3
1006.8;1007.1;57;9
1006.8;1007.1;59;11
1006.8;1007.1;63;3
1007.1;1007.3;71;11
1007.1;1007.3;83;11
1007.1;1007.3;57;9
1007.1;1007.3;59;11
1007.1;1007.3;63;3
1007.3;1008.3;76;4
1007.3;1008.3;88;4
1007.3;1008.1;48;0
1007.6;1007.8;55;7
1007.6;1007.8;64;4
1007.8;1008.1;55;7
1007.8;1008.1;64;4
1008.1;1008.7;49;1
1008.3;1008.6;55;7
1008.3;1008.6;58;10
1008.3;1008.6;64;4
1008.6;1008.7;76;4
1008.6;1008.7;88;4
1008.6;1008.7;55;7
1008.6;1008.7;58;10
1008.6;1008.7;64;4
1008.7;1010.3;79;7
1008.7;1010.3;91;7
1008.7;1009.4;50;2
1008.9;1009.1;55;7
1008.9;1009.1;59;11
1008.9;1009.1;62;2
1009.1;1009.4;55;7
1009.1;1009.4;59;11
1009.1;1009.4;62;2
1009.4;1010;51;3
1009.6;1009.8;55;7
1009.6;1009.8;59;11
1009.8;1010;55;7
1009.8;1010;59;11
1010;1010.8;52;4
1010.3;1010.5;69;9
1010.3;1010.5;81;9
1010.3;1010.5;55;7
1010.3;1010.5;59;11
1010.3;1010.5;64;4
1010.5;1010.7;70;10
1010.5;1010.7;82;10
1010.5;1010.7;55;7
1010.5;1010.7;59;11
1010.5;1010.7;64;4
1010.7;1010.8;71;11
1010.7;1010.8;83;11
1010.7;1010.8;55;7
1010.7;1010.8;59;11
1010.7;1010.8;64;4
1010.8;1011.1;72;0
1010.8;1011.1;84;0
1011.1;1011.3;74;2
1011.1;1011.3;86;2
1011.3;1014.4;75;3
1011.3;1014.4;87;3
1011.3;1012.8;60;0
1011.3;1012.8;63;3
1011.3;1012.8;67;7
1011.3;1012.8;69;9
1012.8;1013;50;2
1012.8;1013;54;6
1012.8;1013;57;9
1012.8;1013;60;0
1014.4;1016.2;74;2
1014.4;1016.2;86;2
1016.2;1016.5;66;6
1016.2;1016.5;78;6
1016.5;1016.7;67;7
1016.5;1016.7;79;7
1016.5;1016.5;40;4
1016.5;1016.6;43;7
1016.6;1016.7;46;10
1016.7;1016.7;48;0
1016.7;1017;49;1
1016.8;1017;66;6
1017;1018;67;7
1017;1017.2;48;0
1017.2;1017.5;46;10
1017.3;1017.5;78;6
1017.5;1018;79;7
1017.5;1017.7;45;9
1017.7;1018;43;7
1018;1018.2;42;6
1018.2;1019.2;75;3
1018.2;1019.2;79;7
1018.2;1019.2;87;3
1018.2;1018.4;43;7
1018.4;1018.7;45;9
1018.7;1018.9;46;10
1018.9;1019.2;48;0
1019.2;1019.4;74;2
1019.2;1019.4;78;6
1019.2;1019.4;86;2
1019.2;1019.4;50;2
1019.4;1019.5;43;7
1019.5;1019.5;46;10
1019.5;1019.6;48;0
1019.6;1019.7;50;2
1019.7;1019.9;51;3
1019.8;1019.9;69;9
1019.9;1020.6;70;10
1019.9;1020.2;50;2
1020.2;1020.3;48;0
1020.3;1020.3;81;9
1020.3;1020.6;82;10
1020.3;1020.4;46;10
1020.4;1020.6;45;9
1020.6;1020.9;44;8
1020.9;1021.9;77;5
1020.9;1021.9;81;9
1020.9;1021.9;89;5
1020.9;1021.1;45;9
1021.1;1021.4;47;11
1021.4;1021.6;48;0
1021.6;1021.9;50;2
1021.9;1022.2;76;4
1021.9;1022.2;80;8
1021.9;1022.2;88;4
1021.9;1022.2;52;4
1022.2;1022.3;45;9
1022.3;1022.3;48;0
1022.3;1022.3;51;3
1022.3;1022.4;53;5
1022.4;1022.6;54;6
1022.5;1022.6;64;4
1022.6;1023.6;65;5
1022.6;1022.8;53;5
1022.8;1023.1;51;3
1023;1023.1;76;4
1023.1;1023.6;77;5
1023.1;1023.3;49;1
1023.3;1023.6;48;0
1023.6;1023.7;47;11
1023.7;1023.7;50;2
1023.7;1023.8;53;5
1023.8;1023.8;55;7
1023.8;1024;56;8
1023.8;1024;66;6
1024;1025.1;67;7
1024;1024.2;55;7
1024.2;1024.4;53;5
1024.3;1024.4;78;6
1024.4;1025.1;79;7
1024.4;1024.6;51;3
1024.6;1024.9;50;2
1024.9;1025;49;1
1025;1025.1;52;4
1025.1;1025.1;55;7
1025.1;1025.4;58;10
1025.4;1025.5;52;4
1025.4;1025.5;40;4
1025.5;1025.5;55;7
1025.5;1025.5;43;7
1025.5;1025.6;58;10
1025.5;1025.6;46;10
1025.6;1025.6;60;0
1025.6;1025.6;48;0
1025.6;1025.9;61;1
1025.6;1025.9;49;1
1025.9;1026;55;7
1025.9;1026;43;7
1026;1026;58;10
1026;1026;46;10
1026;1026.1;61;1
1026;1026.1;49;1
1026.1;1026.1;62;2
1026.1;1026.1;50;2
1026.1;1026.3;64;4
1026.1;1026.3;52;4
1026.3;1026.3;58;10
1026.3;1026.3;46;10
1026.3;1026.3;61;1
1026.3;1026.3;49;1
1026.3;1026.3;64;4
1026.3;1026.3;52;4
1026.3;1026.3;65;5
1026.3;1026.3;53;5
1026.3;1026.6;67;7
1026.3;1026.6;55;7
1026.6;1026.6;61;1
1026.6;1026.6;49;1
1026.6;1026.7;64;4
1026.6;1026.7;52;4
1026.7;1026.8;67;7
1026.7;1026.8;55;7
1026.8;1026.8;69;9
1026.8;1026.8;57;9
1026.8;1027.1;70;10
1026.8;1027.1;58;10
1027.1;1027.1;64;4
1027.1;1027.1;52;4
1027.1;1027.2;67;7
1027.1;1027.2;55;7
1027.2;1027.2;70;10
1027.2;1027.2;58;10
1027.2;1027.3;72;0
1027.2;1027.3;60;0
1027.3;1027.6;73;1
1027.3;1027.6;61;1
1027.6;1028.7;62;2
1027.6;1028.7;65;5
1027.6;1028.7;68;8
1027.6;1028.7;74;2
1027.6;1027.7;47;11
1027.6;1027.7;53;5
1027.7;1027.8;56;8
1027.8;1027.9;47;11
1027.8;1027.9;53;5
1027.9;1027.9;56;8
1027.9;1027.9;47;11
1027.9;1027.9;53;5
1027.9;1028.1;56;8
1028.1;1028.2;47;11
1028.1;1028.2;53;5
1028.2;1028.3;56;8
1028.3;1028.4;47;11
1028.3;1028.4;53;5
1028.4;1028.6;56;8
1028.6;1028.6;47;11
1028.6;1028.6;53;5
1028.6;1028.7;56;8
1028.7;1029.2;74;2
1028.7;1028.8;48;0
1028.7;1028.8;54;6
1028.8;1029;57;9
1029;1029.1;48;0
1029;1029.1;54;6
1029.1;1029.2;57;9
1029.2;1029.8;62;2
1029.2;1029.3;48;0
1029.2;1029.3;54;6
1029.3;1029.5;57;9
1029.5;1029.6;48;0
1029.5;1029.6;54;6
1029.6;1029.7;57;9
1029.7;1030;48;0
1029.7;1030;54;6
1029.8;1029.8;64;4
1029.8;1029.9;66;6
1029.9;1030;67;7
1030;1030;69;9
1030;1030.1;70;10
1030.1;1030.2;72;0
1030.2;1030.2;74;2
1030.2;1030.5;67;7
1030.2;1030.5;72;0
1030.2;1030.5;75;3
1030.2;1030.5;43;7
1030.5;1030.7;72;0
1030.5;1030.6;55;7
1030.5;1030.6;60;0
1030.6;1030.7;63;3
1030.7;1031.1;75;3
1030.7;1030.8;55;7
1030.7;1030.8;60;0
1030.8;1031;63;3
1031;1031.1;55;7
1031;1031.1;60;0
1031.1;1031.2;71;11
1031.1;1031.2;63;3
1031.2;1031.4;72;0
1031.2;1031.3;55;7
1031.2;1031.3;60;0
1031.3;1031.4;63;3
1031.4;1031.7;74;2
1031.4;1031.5;55;7
1031.4;1031.5;60;0
1031.5;1031.7;63;3
1031.7;1032;75;3
1031.7;1031.8;55;7
1031.7;1031.8;60;0
1031.8;1031.9;63;3
1031.9;1032;55;7
1031.9;1032;60;0
1032;1032.2;77;5
1032;1032.2;63;3
1032.2;1032.7;79;7
1032.2;1032.3;55;7
1032.2;1032.3;60;0
1032.3;1032.4;63;3
1032.4;1032.5;55;7
1032.4;1032.5;60;0
1032.5;1032.7;63;3
1032.7;1032.9;72;0
1032.7;1032.9;55;7
1032.7;1032.9;60;0
1032.9;1032.9;48;0
1032.9;1032.9;46;10
1032.9;1033;44;8
1033;1033;43;7
1033;1033.2;68;8
1033;1033.2;71;11
1033;1033.2;74;2
1033;1033.2;80;8
1033;1033.2;41;5
1033.2;1033.2;74;2
1033.2;1033.3;75;3
1033.3;1033.4;77;5
1033.4;1033.4;79;7
1033.4;1033.7;80;8
1033.4;1034.2;53;5
1033.4;1034.2;59;11
1033.4;1034.2;62;2
1033.7;1033.7;77;5
1033.7;1033.8;75;3
1033.8;1033.9;74;2
1033.9;1033.9;72;0
1033.9;1034.2;71;11
1034.2;1034.2;38;2
1034.2;1034.3;39;3
1034.3;1034.4;41;5
1034.4;1034.6;59;11
1034.4;1034.6;62;2
1034.4;1034.6;67;7
1034.4;1035.5;43;7
1034.6;1034.6;70;10
1034.6;1034.8;67;7
1034.8;1034.9;71;11
1034.9;1035;67;7
1035;1035.1;74;2
1035.1;1035.3;67;7
1035.3;1035.4;78;6
1035.4;1035.5;67;7
1035.5;1035.7;79;7
1035.5;1035.6;50;2
1035.6;1035.6;48;0
1035.6;1035.7;47;11
1035.7;1035.7;45;9
1035.7;1035.8;70;10
1035.7;1035.8;73;1
1035.7;1035.8;76;4
1035.7;1035.8;82;10
1035.7;1035.8;43;7
1035.8;1035.9;76;4
1035.9;1035.9;77;5
1035.9;1036;79;7
1036;1036.1;81;9
1036.1;1036.3;82;10
1036.1;1036.7;55;7
1036.1;1036.7;61;1
1036.1;1036.7;64;4
1036.3;1036.3;79;7
1036.3;1036.4;77;5
1036.4;1036.5;76;4
1036.5;1036.5;74;2
1036.5;1036.7;73;1
1036.7;1036.8;40;4
1036.8;1036.9;41;5
1036.9;1037;43;7
1037;1037.2;61;1
1037;1037.2;64;4
1037;1037.2;69;9
1037;1038.2;45;9
1037.2;1037.3;72;0
1037.3;1037.5;69;9
1037.5;1037.6;73;1
1037.6;1037.7;69;9
1037.7;1037.8;76;4
1037.8;1038;69;9
1038;1038.1;80;8
1038.1;1038.2;69;9
1038.2;1038.4;81;9
1038.2;1038.2;52;4
1038.2;1038.3;50;2
1038.3;1038.3;49;1
1038.3;1038.4;47;11
1038.4;1038.6;72;0
1038.4;1038.6;75;3
1038.4;1038.6;78;6
1038.4;1038.6;84;0
1038.4;1038.6;45;9
1038.6;1038.9;72;0
1038.9;1039.6;72;0
1038.9;1039;57;9
1038.9;1039;60;0
1039;1039.1;63;3
1039.1;1039.2;57;9
1039.1;1039.2;60;0
1039.2;1039.4;63;3
1039.4;1039.5;57;9
1039.4;1039.5;60;0
1039.5;1039.6;63;3
1039.6;1039.8;69;9
1039.6;1039.7;57;9
1039.6;1039.7;60;0
1039.7;1039.8;63;3
1039.8;1040.6;78;6
1039.8;1040.1;47;11
1040.1;1040.2;54;6
1040.1;1040.2;57;9
1040.2;1040.3;63;3
1040.3;1040.4;54;6
1040.3;1040.4;57;9
1040.4;1040.6;63;3
1040.6;1040.8;72;0
1040.6;1040.7;54;6
1040.6;1040.7;57;9
1040.7;1040.8;63;3
1040.8;1041.1;71;11
1040.8;1041;54;6
1040.8;1041;57;9
1041.1;1041.2;69;9
1041.2;1041.5;67;7
1041.2;1041.6;40;4
1041.3;1041.5;64;4
1041.5;1041.6;67;7
1041.6;1041.7;64;4
1041.6;1041.7;42;6
1041.7;1041.8;67;7
1041.7;1042.1;43;7
1041.8;1042;62;2
1042;1042.1;67;7
1042.1;1042.2;64;4
1042.1;1042.2;45;9
1042.2;1042.5;76;4
1042.2;1042.3;67;7
1042.2;1042.4;46;10
1042.3;1042.4;64;4
1042.4;1042.4;67;7
1042.4;1042.5;64;4
1042.4;1042.5;47;11
1042.5;1043.3;76;4
1042.5;1042.6;67;7
1042.5;1042.7;48;0
1042.6;1042.7;64;4
1042.7;1042.7;67;7
1042.7;1042.8;64;4
1042.7;1042.8;51;3
1042.8;1042.9;67;7
1042.8;1043.2;52;4
1042.9;1043;64;4
1043;1043.2;67;7
1043.2;1043.3;64;4
1043.2;1043.3;54;6
1043.3;1043.8;76;4
1043.3;1043.4;67;7
1043.3;1043.7;55;7
1043.4;1043.5;64;4
1043.5;1043.7;67;7
1043.7;1043.8;64;4
1043.7;1043.8;57;9
1043.8;1044.3;67;7
1043.8;1044.3;79;7
1043.8;1044.2;57;9
1043.8;1044.8;58;10
1044.2;1044.3;59;11
1044.3;1044.5;70;10
1044.3;1045;61;1
1044.7;1044.8;62;2
1044.7;1044.8;71;11
1044.8;1045;64;4
1044.8;1045;73;1
1045;1045;66;6
1045;1045;74;2
1045;1045.5;76;4
1045;1045.4;67;7
1045;1045.5;58;10
1045;1046.3;54;6
1045.4;1045.5;69;9
1045.5;1046.3;78;6
1045.5;1046.3;70;10
1045.5;1045.9;61;1
1045.9;1046;62;2
1046;1046.3;64;4
1046.3;1046.5;73;1
1046.5;1046.6;72;0
1046.5;1046.6;75;3
1046.5;1046.6;78;6
1046.5;1047.6;57;9
1046.5;1047.6;63;3
1046.5;1047.6;66;6
1046.6;1046.7;74;2
1046.7;1046.8;75;3
1046.8;1046.9;77;5
1046.9;1047;78;6
1047;1047.1;75;3
1047.1;1047.2;72;0
1047.2;1047.4;75;3
1047.4;1047.5;72;0
1047.5;1047.6;66;6
1047.6;1047.6;62;2
1047.6;1047.7;63;3
1047.7;1047.8;65;5
1047.8;1048;66;6
1047.8;1048;70;10
1047.8;1048;75;3
1047.8;1048;78;6
1047.8;1048.9;58;10
1047.8;1048.9;63;3
1048;1048.1;74;2
1048.1;1048.1;75;3
1048.1;1048.2;77;5
1048.2;1048.4;78;6
1048.4;1048.5;75;3
1048.5;1048.6;70;10
1048.6;1048.7;75;3
1048.7;1048.8;70;10
1048.8;1048.9;66;6
1048.9;1049;62;2
1049;1049.1;63;3
1049.1;1049.2;65;5
1049.2;1049.3;66;6
1049.2;1049.3;69;9
1049.2;1049.3;75;3
1049.2;1049.3;78;6
1049.2;1050.3;60;0
1049.2;1050.3;63;3
1049.3;1049.4;74;2
1049.4;1049.5;75;3
1049.5;1049.6;77;5
1049.6;1049.7;78;6
1049.7;1049.8;75;3
1049.8;1050;69;9
1050;1050.1;75;3
1050.1;1050.2;69;9
1050.2;1050.3;66;6
1050.3;1050.4;60;0
1050.4;1050.5;61;1
1050.5;1050.6;63;3
1050.6;1050.7;65;5
1050.6;1050.7;69;9
1050.6;1050.7;75;3
1050.6;1050.7;77;5
1050.6;1051.5;53;5
1050.6;1051.5;60;0
1050.7;1050.7;72;0
1050.7;1050.7;73;1
1050.7;1050.8;75;3
1050.8;1050.9;77;5
1050.9;1051;75;3
1051;1051.2;72;0
1051.2;1051.3;75;3
1051.3;1051.4;72;0
1051.4;1051.5;69;9
1051.5;1051.6;60;0
1051.6;1051.7;61;1
1051.7;1051.8;63;3
1051.8;1052.5;65;5
1051.8;1052.5;70;10
1051.8;1052.5;73;1
1051.8;1052.5;77;5
1051.8;1053.1;58;10
1051.8;1053.1;61;1
1052.5;1052.8;75;3
1052.8;1053.1;73;1
1053.1;1053.1;72;0
1053.1;1053.9;67;7
1053.1;1053.9;70;10
1053.1;1053.9;73;1
1053.1;1054.1;52;4
1053.1;1054.1;58;10
1053.1;1054.1;61;1
1053.9;1054.1;72;0
1054.1;1054.4;70;10
1054.4;1054.9;65;5
1054.4;1054.9;69;9
1054.4;1054.9;77;5
1054.9;1055;53;5
1054.9;1055.3;29;5
1054.9;1055.3;41;5
1055;1055.1;65;5
1055.1;1055.3;53;5
1055.3;1055.4;65;5
1055.3;1056;30;6
1055.3;1056;42;6
1055.4;1055.4;53;5
1055.4;1055.6;65;5
1055.6;1055.7;53;5
1055.7;1055.8;65;5
1055.8;1056;53;5
1056;1056.1;65;5
1056;1056.5;31;7
1056;1056.5;43;7
1056.1;1056.3;53;5
1056.3;1056.5;65;5
1056.5;1056.6;53;5
1056.5;1057.3;32;8
1056.5;1057.3;44;8
1056.6;1056.8;65;5
1056.8;1057;53;5
1057;1057;65;5
1057;1057.1;53;5
1057.1;1057.3;65;5
1057.3;1057.3;53;5
1057.3;1057.6;33;9
1057.3;1057.6;45;9
1057.3;1057.5;65;5
1057.5;1057.6;53;5
1057.6;1057.6;65;5
1057.6;1057.9;34;10
1057.6;1057.9;46;10
1057.6;1057.8;53;5
1057.8;1057.9;65;5
1057.9;1058.1;53;5
1057.9;1058.4;35;11
1057.9;1058.4;47;11
1058.1;1058.3;65;5
1058.3;1058.4;53;5
1058.4;1058.6;65;5
1058.4;1058.9;36;0
1058.4;1058.9;48;0
1058.6;1058.8;53;5
1058.8;1058.9;65;5
1058.9;1059;53;5
1058.9;1059.1;37;1
1058.9;1059.1;49;1
1059.1;1060.3;65;5
1059.1;1060.3;69;9
1059.1;1060.3;74;2
1059.1;1060.3;77;5
1059.1;1059.3;38;2
1059.1;1059.3;50;2
1059.3;1059.8;39;3
1059.3;1059.8;51;3
1059.8;1060.6;40;4
1059.8;1060.6;52;4
1060.3;1061;69;9
1060.3;1061;74;2
1060.3;1061;77;5
1060.3;1061;81;9
1060.6;1061;41;5
1060.6;1061;53;5
1061;1061.4;62;2
1061;1061.4;65;5
1061;1061.4;74;2
1061;1061.9;42;6
1061;1061.9;54;6
1061.4;1062.3;62;2
1061.4;1062.3;65;5
1061.4;1062.3;74;2
1061.9;1062.3;43;7
1061.9;1062.3;55;7
1062.3;1062.3;62;2
1062.3;1062.3;65;5
1062.3;1062.3;74;2
1062.3;1062.3;44;8
1062.3;1062.3;56;8
1062.3;1062.8;65;5
1062.3;1062.8;77;5
1062.3;1062.3;45;9
1062.3;1062.3;57;9
1062.3;1062.8;46;10
1062.3;1062.8;58;10
1062.8;1063;65;5
1062.8;1063;77;5
1062.8;1063.3;47;11
1062.8;1063.3;59;11
1063;1063.3;65;5
1063;1063.3;77;5
1063.3;1063.7;68;8
1063.3;1063.7;72;0
1063.3;1063.7;77;5
1063.3;1063.7;80;8
1063.3;1064.4;48;0
1063.3;1064.4;53;5
1063.3;1064.4;56;8
1063.3;1064.4;60;0
1063.7;1063.8;65;5
1063.8;1064;77;5
1064;1064.2;65;5
1064.2;1064.2;77;5
1064.2;1064.2;65;5
1064.2;1064.4;77;5
1064.4;1064.6;65;5
1064.4;1065.2;49;1
1064.4;1065.2;61;1
1064.6;1064.7;77;5
1064.7;1064.9;65;5
1064.9;1065.1;77;5
1065.1;1065.2;65;5
1065.2;1065.2;77;5
1065.2;1065.2;65;5
1065.2;1065.2;77;5
1065.2;1065.2;65;5
1065.2;1065.2;77;5
1065.2;1066.1;50;2
1065.2;1066.1;62;2
1065.2;1065.4;65;5
1065.4;1065.6;77;5
1065.6;1065.7;65;5
1065.7;1065.7;77;5
1065.7;1065.9;65;5
1065.9;1065.9;77;5
1065.9;1066;65;5
1066;1066.1;77;5
1066.1;1066.2;65;5
1066.1;1067.3;51;3
1066.1;1067.3;63;3
1066.2;1066.4;77;5
1066.4;1066.6;65;5
1066.6;1066.7;77;5
1066.7;1066.8;65;5
1066.8;1066.8;77;5
1066.8;1066.9;65;5
1066.9;1067.1;77;5
1067.1;1067.3;65;5
1067.3;1067.9;40;4
1067.3;1067.9;52;4
1067.6;1068;64;4
1067.6;1068;68;8
1067.6;1068;76;4
1067.9;1068.5;56;8
1067.9;1068.5;59;11
1068;1068.2;71;11
1068.2;1068.3;68;8
1068.3;1068.5;64;4
1068.5;1068.8;37;1
1068.5;1068.8;49;1
1068.8;1068.8;64;4
1068.8;1068.9;55;7
1068.8;1068.9;58;10
1068.8;1068.8;67;7
1068.8;1068.9;70;10
1068.9;1069.1;76;4
1068.9;1069.1;38;2
1068.9;1069.1;50;2
1069.1;1069.7;39;3
1069.1;1069.7;51;3
1069.4;1069.8;63;3
1069.4;1069.8;67;7
1069.4;1069.8;75;3
1069.7;1070.3;55;7
1069.7;1070.3;58;10
1069.8;1070;70;10
1070;1070.1;67;7
1070.1;1070.3;63;3
1070.3;1070.6;39;3
1070.3;1070.6;51;3
1070.6;1070.6;78;6
1070.6;1070.6;54;6
1070.6;1070.6;58;10
1070.6;1070.6;63;3
1070.6;1070.6;75;3
1070.6;1070.6;70;10
1070.6;1070.6;66;6
1070.6;1070.6;41;5
1070.6;1070.6;53;5
1070.6;1070.9;42;6
1070.6;1070.9;54;6
1070.6;1070.9;69;9
1070.6;1070.9;72;0
1070.6;1070.9;78;6
1070.9;1071.3;57;9
1070.9;1071.3;60;0
1070.9;1071.3;63;3
1070.9;1071;75;3
1071;1071.1;72;0
1071.1;1071.3;69;9
1071.3;1071.6;39;3
1071.3;1071.6;51;3
1071.4;1071.7;66;6
1071.6;1072;57;9
1071.6;1072;60;0
1071.7;1071.9;69;9
1071.9;1072;72;0
1072;1072.2;78;6
1072;1072.2;40;4
1072;1072.2;52;4
1072.2;1072.8;41;5
1072.2;1072.8;53;5
1072.5;1072.9;65;5
1072.5;1072.9;69;9
1072.5;1072.9;77;5
1072.8;1073;57;9
1072.8;1073;60;0
1072.9;1073;72;0
1073;1073;69;9
1073;1073;65;5
1073;1073.5;41;5
1073;1073.5;53;5
1073.2;1073.5;71;11
1073.2;1073.5;74;2
1073.2;1073.5;80;8
1073.5;1073.6;74;2
1073.5;1073.7;59;11
1073.5;1073.7;62;2
1073.6;1073.6;77;5
1073.6;1073.7;80;8
1073.7;1073.9;82;10
1073.7;1073.9;43;7
1073.7;1073.9;55;7
1073.9;1074.2;71;11
1073.9;1074.2;74;2
1073.9;1074.2;83;11
1073.9;1074.2;44;8
1073.9;1074.2;56;8
1074.2;1074.3;68;8
1074.2;1074.3;74;2
1074.2;1074.3;77;5
1074.2;1074.3;80;8
1074.2;1074.3;47;11
1074.2;1074.3;59;11
1074.5;1074.6;65;5
1074.5;1074.6;71;11
1074.5;1074.6;56;8
1074.5;1074.6;62;2
1074.6;1075.2;65;5
1074.6;1075.2;71;11
1074.6;1075.2;56;8
1074.6;1075.2;62;2
1075.2;1075.4;65;5
1075.2;1075.4;68;8
1075.2;1075.4;59;11
1075.2;1075.4;62;2
1075.4;1076;74;2
1075.4;1076;77;5
1075.4;1076;80;8
1075.4;1076;86;2
1075.4;1076;47;11
1075.4;1076;59;11
1076;1076.3;71;11
1076;1076.3;77;5
1076;1076.3;80;8
1076;1076.3;83;11
1076;1076.3;50;2
1076;1076.3;62;2
1076.3;1076.5;68;8
1076.3;1076.5;74;2
1076.3;1076.5;59;11
1076.3;1076.5;65;5
1076.5;1076.8;68;8
1076.5;1076.8;74;2
1076.5;1076.8;59;11
1076.5;1076.8;65;5
1076.8;1076.9;68;8
1076.8;1076.9;71;11
1076.8;1076.9;62;2
1076.8;1076.9;65;5
1076.9;1077.3;77;5
1076.9;1077.3;81;9
1076.9;1077.3;89;5
1076.9;1077.3;50;2
1076.9;1077.3;62;2
1077.3;1077.6;74;2
1077.3;1077.6;81;9
1077.3;1077.6;86;2
1077.3;1077.6;53;5
1077.3;1077.6;65;5
1077.7;1077.7;69;9
1077.7;1077.7;74;2
1077.7;1077.7;77;5
1077.7;1077.7;62;2
1077.7;1077.7;65;5
1077.7;1078.3;69;9
1077.7;1078.3;74;2
1077.7;1078.3;77;5
1077.7;1078.3;62;2
1077.7;1078.3;65;5
1078.3;1078.5;69;9
1078.3;1078.5;74;2
1078.3;1078.5;65;5
1078.5;1078.7;81;9
1078.5;1078.7;86;2
1078.5;1078.7;93;9
1078.5;1078.7;53;5
1078.5;1078.7;65;5
1078.7;1078.9;81;9
1078.7;1078.9;86;2
1078.7;1078.9;89;5
1078.7;1078.9;57;9
1078.7;1078.9;62;2
1078.7;1078.9;65;5
1078.9;1079;74;2
1078.9;1079;81;9
1078.9;1079;65;5
1078.9;1079;69;9
1079;1079.6;74;2
1079;1079.6;81;9
1079;1079.6;65;5
1079;1079.6;69;9
1079.6;1080.1;74;2
1079.6;1080.1;77;5
1079.6;1080.1;69;9
1080.1;1081.5;70;10
1080.1;1081.5;73;1
1080.1;1081.5;76;4
1080.1;1081.5;82;10
1080.1;1080.2;43;7
1080.2;1080.4;55;7
1080.4;1080.5;58;10
1080.5;1080.7;61;1
1080.7;1081;64;4
1081.2;1081.4;43;7
1081.4;1081.4;55;7
1081.4;1081.4;58;10
1081.4;1081.5;61;1
1081.5;1081.6;67;7
1081.5;1081.6;79;7
1081.5;1081.5;64;4
1081.6;1082.2;74;2
1081.6;1082.2;86;2
1081.6;1082.4;79;7
1081.6;1082.4;82;10
1081.6;1081.7;40;4
1081.7;1081.9;52;4
1081.9;1082;55;7
1082;1082.2;58;10
1082.2;1082.4;73;1
1082.2;1082.4;85;1
1082.2;1082.4;61;1
1082.4;1082.5;37;1
1082.5;1082.6;49;1
1082.6;1082.7;52;4
1082.7;1082.7;67;7
1082.7;1082.7;70;10
1082.7;1082.7;73;1
1082.7;1082.7;76;4
1082.7;1082.7;55;7
1082.7;1083;67;7
1082.7;1083;70;10
1082.7;1083;73;1
1082.7;1083;76;4
1082.7;1082.8;58;10
1083;1084;73;1
1083;1084;76;4
1083;1084;79;7
1083;1084;85;1
1083;1083;46;10
1083;1083.1;58;10
1083.1;1083.1;61;1
1083.1;1083.1;64;4
1083.1;1083.4;67;7
1083.5;1083.6;43;7
1083.6;1083.7;55;7
1083.7;1083.9;58;10
1083.9;1084;61;1
1084;1084.2;73;1
1084;1084.2;85;1
1084;1084.2;64;4
1084.2;1084.5;76;4
1084.2;1084.5;88;4
1084.5;1085;76;4
1084.5;1085;88;4
1084.5;1084.7;42;6
1084.7;1084.8;54;6
1084.8;1085;57;9
1085;1085.1;81;9
1085;1085.1;60;0
1085.1;1085.4;81;9
1085.1;1085.4;64;4
1085.4;1085.4;41;5
1085.4;1085.4;53;5
1085.4;1085.5;57;9
1085.5;1085.6;72;0
1085.5;1085.6;75;3
1085.5;1085.6;81;9
1085.5;1085.6;60;0
1085.6;1086.1;72;0
1085.6;1086.1;75;3
1085.6;1086.1;81;9
1085.6;1085.8;63;3
1086.1;1086.5;72;0
1086.1;1086.5;76;4
1086.1;1086.5;81;9
1086.1;1086.5;84;0
1086.1;1086.2;40;4
1086.2;1086.4;52;4
1086.4;1086.5;57;9
1086.5;1086.5;60;0
1086.5;1086.6;72;0
1086.5;1086.6;84;0
1086.5;1086.6;64;4
1086.6;1086.9;72;0
1086.6;1086.9;84;0
1086.9;1087.7;72;0
1086.9;1087.7;78;6
1086.9;1087.7;81;9
1086.9;1087.7;84;0
1086.9;1087;39;3
1087;1087.2;51;3
1087.2;1087.3;54;6
1087.3;1087.5;57;9
1087.5;1087.5;60;0
1087.7;1087.9;72;0
1087.7;1087.9;84;0
1087.7;1087.8;38;2
1087.8;1087.9;50;2
1087.9;1087.9;71;11
1087.9;1087.9;83;11
1087.9;1087.9;53;5
1087.9;1087.9;57;9
1087.9;1088.1;71;11
1087.9;1088.1;83;11
1087.9;1087.9;59;11
1088.1;1088.8;74;2
1088.1;1088.8;80;8
1088.1;1088.8;83;11
1088.1;1088.8;86;2
1088.1;1088.3;41;5
1088.3;1088.4;53;5
1088.4;1088.6;56;8
1088.6;1088.7;59;11
1088.7;1088.8;62;2
1088.8;1089.1;74;2
1088.8;1089.1;86;2
1089.1;1090.1;74;2
1089.1;1090.1;79;7
1089.1;1090.1;82;10
1089.1;1090.1;86;2
1089.1;1089.2;40;4
1089.2;1089.4;52;4
1089.4;1089.5;55;7
1089.5;1089.7;58;10
1089.7;1090;62;2
1090.1;1090.7;67;7
1090.1;1090.7;70;10
1090.1;1090.7;73;1
1090.1;1090.7;79;7
1090.1;1090.1;39;3
1090.1;1090.1;51;3
1090.1;1090.1;55;7
1090.1;1090.2;58;10
1090.2;1090.4;61;1
1090.7;1091.4;67;7
1090.7;1091.4;70;10
1090.7;1091.4;74;2
1090.7;1090.8;50;2
1090.8;1091;55;7
1091;1091.1;58;10
1091.1;1091.3;62;2
1091.3;1091.4;50;2
1091.4;1091.4;55;7
1091.4;1091.4;58;10
1091.4;1091.4;62;2
1091.4;1091.9;67;7
1091.4;1091.9;70;10
1091.4;1091.9;74;2
1091.4;1091.4;50;2
1091.4;1091.4;55;7
1091.4;1091.5;58;10
1091.5;1091.6;62;2
1091.6;1091.8;50;2
1091.8;1091.9;55;7
1091.9;1092.2;67;7
1091.9;1092.2;70;10
1091.9;1092.2;74;2
1091.9;1092.1;58;10
1092.1;1092.2;62;2
1092.2;1093.2;67;7
1092.2;1093.2;70;10
1092.2;1093.2;75;3
1092.2;1093.2;79;7
1092.2;1092.2;46;10
1092.2;1092.3;51;3
1092.3;1092.3;55;7
1092.3;1092.3;58;10
1092.3;1092.4;46;10
1092.4;1092.5;51;3
1092.5;1092.5;55;7
1092.5;1092.6;58;10
1092.6;1092.7;46;10
1092.7;1092.9;51;3
1092.9;1093;55;7
1093;1093.2;58;10
1093.2;1093.8;67;7
1093.2;1093.8;70;10
1093.2;1093.8;75;3
1093.2;1093.8;79;7
1093.2;1093.3;46;10
1093.3;1093.5;51;3
1093.5;1093.6;55;7
1093.6;1093.8;58;10
1093.8;1095.6;70;10
1093.8;1095.6;73;1
1093.8;1095.6;76;4
1093.8;1095.6;82;10
1093.8;1093.8;43;7
1093.8;1093.8;46;10
1093.8;1093.8;49;1
1093.8;1093.8;52;4
1093.8;1093.9;43;7
1093.9;1094;46;10
1094;1094.2;49;1
1094.2;1094.3;52;4
1094.3;1094.5;43;7
1094.5;1094.6;46;10
1094.6;1094.8;49;1
1094.8;1094.8;52;4
1094.8;1094.8;43;7
1094.8;1095;46;10
1095;1095.1;49;1
1095.1;1095.3;52;4
1095.3;1095.6;43;7
1095.6;1095.9;79;7
1095.7;1095.9;91;7
1095.9;1096.2;76;4
1096;1096.2;88;4
1096.2;1096.5;73;1
1096.3;1096.5;85;1
1096.5;1096.6;70;10
1096.6;1096.6;82;10
1096.6;1096.7;67;7
1096.7;1096.7;79;7
1096.7;1096.7;64;4
1096.7;1096.7;76;4
1096.7;1096.8;61;1
1096.7;1096.8;73;1
1096.8;1097.5;74;2
1096.8;1097.6;53;5
1097.1;1097.5;57;9
1097.5;1097.6;69;9
1097.5;1097.6;57;9
1097.6;1097.8;69;9
1097.6;1097.8;77;5
1097.6;1098.4;50;2
1097.6;1098.1;57;9
1097.8;1098.1;67;7
1097.8;1098.1;76;4
1098.1;1098.4;65;5
1098.1;1098.4;74;2
1098.1;1098.4;57;9
1098.4;1099;73;1
1098.4;1099.3;64;4
1098.4;1099.3;67;7
1098.4;1099.3;52;4
1098.7;1099.3;57;9
1099;1099.3;76;4
1099.3;1099.3;57;9
1099.3;1099.9;49;1
1099.3;1099.4;67;7
1099.3;1099.4;76;4
1099.3;1099.7;55;7
1099.3;1099.7;57;9
1099.4;1099.7;67;7
1099.4;1099.7;76;4
1099.7;1099.9;64;4
1099.7;1099.9;73;1
1099.7;1099.9;55;7
1099.7;1099.9;57;9
1099.9;1100.4;69;9
1099.9;1100.4;78;6
1099.9;1100.5;48;0
1100.2;1100.5;54;6
1100.2;1100.5;57;9
1100.4;1100.5;74;2
1100.5;1100.5;74;2
1100.5;1100.5;54;6
1100.5;1100.5;57;9
1100.5;1100.8;75;3
1100.5;1101.4;66;6
1100.5;1101.4;69;9
1100.5;1101.4;45;9
1100.6;1101.1;54;6
1100.8;1101.1;74;2
1101.1;1101.4;72;0
1101.1;1101.4;54;6
1101.4;1102;67;7
1101.4;1102;74;2
1101.4;1102;79;7
1101.4;1101.6;46;10
1101.4;1101.6;50;2
1101.6;1101.7;55;7
1101.7;1101.9;46;10
1101.7;1101.9;50;2
1101.9;1102;55;7
1102;1102.1;73;1
1102;1102.1;46;10
1102;1102.1;50;2
1102.1;1102.1;55;7
1102.1;1102.1;74;2
1102.1;1102.1;46;10
1102.1;1102.1;50;2
1102.1;1102.1;55;7
1102.1;1102.1;77;5
1102.1;1102.1;45;9
1102.1;1102.1;50;2
1102.1;1102.1;53;5
1102.1;1102.4;82;10
1102.1;1102.2;45;9
1102.1;1102.2;50;2
1102.2;1102.4;53;5
1102.4;1102.7;81;9
1102.4;1102.5;45;9
1102.4;1102.5;50;2
1102.5;1102.7;53;5
1102.7;1103.2;86;2
1102.7;1102.8;45;9
1102.7;1102.8;50;2
1102.8;1103;53;5
1103;1103.1;43;7
1103;1103.1;50;2
1103.1;1103.2;52;4
1103.2;1103.5;82;10
1103.2;1103.4;43;7
1103.2;1103.4;50;2
1103.4;1103.5;52;4
1103.5;1103.6;79;7
1103.5;1103.6;43;7
1103.5;1103.6;50;2
1103.6;1103.6;52;4
1103.6;1103.7;76;4
1103.6;1103.6;43;7
1103.6;1103.6;50;2
1103.6;1103.7;52;4
1103.7;1104.2;77;5
1103.7;1103.7;74;2
1103.7;1103.7;41;5
1103.7;1103.7;50;2
1103.7;1103.7;53;5
1103.7;1103.9;70;10
1103.7;1103.8;41;5
1103.8;1103.9;53;5
1103.9;1104.5;65;5
1103.9;1104.1;41;5
1104.1;1104.2;53;5
1104.2;1104.5;74;2
1104.2;1104.4;41;5
1104.4;1104.5;53;5
1104.5;1105.6;64;4
1104.5;1105.6;68;8
1104.5;1105.6;71;11
1104.5;1105.6;76;4
1104.5;1104.7;40;4
1104.5;1104.7;52;4
1104.7;1104.9;52;4
1104.7;1104.9;56;8
1104.9;1105;59;11
1105;1105.1;52;4
1105;1105.1;56;8
1105.1;1105.3;59;11
1105.3;1105.4;52;4
1105.3;1105.4;56;8
1105.4;1105.6;59;11
1105.6;1105.8;76;4
1105.6;1106.2;53;5
1105.6;1106.2;57;9
1105.6;1106.5;59;11
1105.8;1105.9;65;5
1105.9;1106.2;65;5
1106.2;1106.8;64;4
1106.2;1106.5;52;4
1106.2;1106.5;56;8
1106.5;1107.1;44;8
1106.5;1107.1;56;8
1106.8;1107.1;71;11
1107.1;1107.1;45;9
1107.1;1107.1;57;9
1107.1;1107.1;59;11
1107.1;1107.1;47;11
1107.1;1107.2;60;0
1107.1;1107.2;48;0
1107.2;1107.5;62;2
1107.2;1107.5;50;2
1107.5;1107.8;64;4
1107.5;1107.8;52;4
1107.8;1108.9;41;5
1107.8;1108;45;9
1108;1108.1;47;11
1108.1;1108.3;49;1
1108.3;1108.6;50;2
1108.6;1108.9;62;2
1108.6;1108.9;74;2
1108.9;1109.2;60;0
1108.9;1109.2;72;0
1108.9;1109.4;42;6
1108.9;1108.9;45;9
1108.9;1109;46;10
1109;1109;47;11
1109;1109.2;49;1
1109.4;1110;63;3
1109.4;1110;75;3
1109.4;1110.4;43;7
1109.5;1109.7;47;11
1109.7;1109.8;48;0
1109.8;1110;50;2
1110;1110.3;62;2
1110;1110.3;74;2
1110;1110.3;51;3
1110.3;1110.4;60;0
1110.3;1110.4;72;0
1110.4;1110.5;60;0
1110.4;1110.5;72;0
1110.4;1110.8;45;9
1110.4;1110.5;47;11
1110.5;1110.5;48;0
1110.5;1110.5;50;2
1110.5;1110.6;59;11
1110.5;1110.6;71;11
1110.5;1110.6;51;3
1110.6;1110.8;60;0
1110.6;1110.8;72;0
1110.8;1111.1;62;2
1110.8;1111.1;74;2
1110.8;1110.8;47;11
1110.8;1110.8;53;5
1110.8;1110.9;56;8
1110.9;1111.1;59;11
1111.1;1111.4;62;2
1111.7;1111.8;50;2
1111.8;1112;56;8
1112;1112.1;59;11
1112.1;1112.2;62;2
1112.2;1112.2;65;5
1112.3;1113.9;64;4
1112.3;1113.9;68;8
1112.3;1113.9;71;11
1112.3;1113.9;76;4
1112.3;1113.9;40;4
1112.3;1113.9;52;4
1113.9;1114.1;71;11
1114.1;1114.2;68;8
1114.2;1114.7;64;4
1114.7;1114.7;43;7
1114.7;1114.7;46;10
1114.7;1114.7;49;1
1114.7;1114.7;52;4
1114.7;1114.7;67;7
1114.7;1115.1;70;10
1115.1;1115.4;69;9
1115.4;1115.7;67;7
1115.7;1116;74;2
1116;1116.5;73;1
1116.5;1116.9;52;4
1116.5;1116.9;55;7
1116.5;1116.9;58;10
1116.5;1116.9;61;1
1116.7;1116.9;73;1
1116.9;1117.1;74;2
1117.1;1117.4;76;4
1117.4;1118.2;65;5
1117.4;1118.2;77;5
1117.4;1118.8;50;2
1117.4;1118.8;53;5
1117.4;1118.8;58;10
1117.4;1118.8;62;2
1118.2;1118.8;74;2
1118.8;1119.4;70;10
1119.4;1119.4;65;5
1119.4;1120;64;4
1120;1120.1;40;4
1120;1120.1;52;4
1120;1120.1;53;5
1120;1120.1;41;5
1120;1120.1;55;7
1120;1120.1;43;7
1120.1;1121.3;53;5
1120.1;1121.3;41;5
1121.3;1121.9;52;4
1121.3;1121.9;40;4
1121.9;1122.5;50;2
1121.9;1122.5;38;2
1122.5;1123.1;48;0
1122.5;1123.1;36;0
1123.1;1123.1;52;4
1123.1;1123.1;40;4
1123.1;1123.2;50;2
1123.1;1123.2;38;2
1123.2;1125.2;36;0
1123.2;1125.2;48;0
1123.8;1123.8;51;3
1123.8;1124;54;6
1124;1124.3;57;9
1124.3;1124.6;60;0
1124.6;1124.9;63;3
1124.9;1125.2;65;5
1125.2;1126.8;69;9
1125.2;1126.4;63;3
1125.2;1126.4;66;6
1125.2;1125.5;35;11
1125.5;1125.8;47;11
1125.8;1126.1;54;6
1126.1;1126.4;59;11
1126.4;1126.7;63;3
1126.7;1126.8;59;11
1126.8;1126.9;69;9
1126.8;1126.9;54;6
1126.9;1127;71;11
1126.9;1127;50;2
1127;1128.5;63;3
1127;1128.5;66;6
1127;1128.5;72;0
1127;1128.5;45;9
1127.3;1127.6;51;3
1127.6;1127.9;54;6
1127.9;1128.2;57;9
1128.2;1128.5;60;0
1128.5;1128.5;57;9
1128.5;1128.5;63;3
1128.5;1128.5;66;6
1128.5;1128.5;54;6
1128.5;1128.5;51;3
1128.5;1129.2;64;4
1128.5;1129.2;70;10
1128.5;1129.2;72;0
1128.5;1130.4;43;7
1128.5;1128.6;48;0
1128.6;1128.9;52;4
1128.9;1129.2;55;7
1129.2;1129.8;73;1
1129.2;1130.4;64;4
1129.2;1130.4;70;10
1129.2;1129.5;58;10
1129.5;1129.8;55;7
1129.8;1130.1;74;2
1129.8;1130.1;52;4
1130.1;1130.4;76;4
1130.1;1130.4;48;0
1130.4;1131.4;65;5
1130.4;1131.4;69;9
1130.4;1131.4;77;5
1130.4;1131.9;41;5
1130.7;1131;48;0
1131;1131.3;53;5
1131.3;1131.4;57;9
1131.4;1131.6;69;9
1131.4;1131.4;60;0
1131.4;1131.6;57;9
1131.6;1131.8;71;11
1131.6;1131.8;53;5
1131.8;1131.9;72;0
1131.8;1131.9;48;0
1131.9;1133.1;74;2
1131.9;1133.6;68;8
1131.9;1133.6;71;11
1131.9;1133.6;40;4
1132.2;1132.5;47;11
1132.5;1132.8;52;4
1132.8;1133.1;56;8
1133.1;1133.1;59;11
1133.1;1133.1;56;8
1133.1;1133.6;76;4
1133.1;1133.3;52;4
1133.3;1133.6;47;11
1133.6;1134.1;68;8
1133.6;1134.1;71;11
1133.6;1134.1;77;5
1133.6;1135.3;38;2
1133.6;1133.7;44;8
1133.7;1133.8;47;11
1133.8;1134.1;50;2
1134.1;1134.7;71;11
1134.1;1135.3;68;8
1134.1;1134.4;53;5
1134.4;1134.7;50;2
1134.7;1135;72;0
1134.7;1135;47;11
1135;1135.3;74;2
1135;1135.3;44;8
1135.3;1135.5;76;4
1135.3;1135.8;64;4
1135.3;1135.8;69;9
1135.3;1137;36;0
1135.4;1135.4;40;4
1135.4;1135.5;45;9
1135.5;1135.8;72;0
1135.5;1135.8;48;0
1135.8;1136.1;69;9
1135.8;1136.1;52;4
1136.1;1136.4;72;0
1136.1;1136.4;48;0
1136.4;1136.7;74;2
1136.4;1136.7;45;9
1136.7;1137;76;4
1136.7;1137;40;4
1137;1138.8;69;9
1137;1138.8;78;6
1137;1137.7;76;4
1137;1137.2;35;11
1137.2;1137.5;47;11
1137.5;1137.7;54;6
1137.7;1137.7;59;11
1137.7;1138.8;75;3
1137.7;1137.9;63;3
1137.9;1138.2;59;11
1138.2;1138.5;54;6
1138.5;1138.8;51;3
1138.8;1140.4;72;0
1138.8;1139.7;66;6
1138.8;1139.7;74;2
1138.8;1140.4;45;9
1139.1;1139.4;48;0
1139.4;1139.6;50;2
1139.6;1139.7;54;6
1139.7;1140.1;69;9
1139.7;1140.1;78;6
1139.7;1139.7;60;0
1139.7;1139.9;54;6
1139.9;1140.1;50;2
1140.1;1140.4;81;9
1140.1;1140.4;48;0
1140.4;1141.6;81;9
1140.4;1142.6;69;9
1140.4;1142.6;72;0
1140.4;1142.6;42;6
1140.7;1141;48;0
1141;1141.3;52;4
1141.3;1141.6;57;9
1141.6;1142.3;76;4
1141.6;1141.9;60;0
1141.9;1142.2;57;9
1142.2;1142.3;52;4
1142.3;1142.6;81;9
1142.3;1142.6;48;0
1142.6;1144;69;9
1142.6;1144;81;9
1142.6;1143;76;4
1142.6;1144;41;5
1142.8;1143;48;0
1143;1143;77;5
1143;1143;53;5
1143;1143;57;9
1143;1143.7;71;11
1143;1143.1;60;0
1143.1;1143.4;57;9
1143.4;1143.7;53;5
1143.7;1144;72;0
1143.7;1144;48;0
1144;1145;69;9
1144;1145;81;9
1144;1145.8;74;2
1144;1144.1;40;4
1144.1;1144.4;52;4
1144.4;1144.7;59;11
1144.7;1145;62;2
1145;1145.8;68;8
1145;1145.8;80;8
1145;1145.3;64;4
1145.3;1145.4;62;2
1145.4;1145.5;59;11
1145.5;1145.8;52;4
1145.8;1146.4;79;7
1145.8;1147.8;67;7
1145.8;1147.5;71;11
1145.8;1147.8;50;2
1146.1;1146.4;53;5
1146.4;1147;77;5
1146.4;1146.7;55;7
1146.7;1147;59;11
1147;1147.5;74;2
1147;1147.3;65;5
1147.3;1147.5;59;11
1147.5;1147.8;71;11
1147.5;1147.5;55;7
1147.5;1147.8;53;5
1147.8;1148.4;81;9
1147.8;1148.4;69;9
1147.8;1148.4;72;0
1147.8;1149.1;48;0
1148.1;1148.4;53;5
1148.4;1148.6;77;5
1148.4;1148.6;57;9
1148.6;1148.6;60;0
1148.6;1149.7;81;9
1148.6;1148.8;72;0
1148.6;1148.8;65;5
1148.8;1148.8;60;0
1148.8;1149.1;69;9
1148.8;1149;57;9
1149;1149.1;53;5
1149.1;1149.7;70;10
1149.1;1149.3;72;0
1149.1;1150.9;48;0
1149.2;1149.3;55;7
1149.3;1149.7;73;1
1149.3;1149.4;58;10
1149.4;1149.7;60;0
1149.7;1150.9;70;10
1149.7;1150.9;79;7
1149.7;1150.6;74;2
1149.7;1150;64;4
1150;1150.3;60;0
1150.3;1150.6;58;10
1150.6;1150.9;76;4
1150.6;1150.9;55;7
1150.9;1151.2;68;8
1150.9;1151.2;74;2
1150.9;1151.2;77;5
1150.9;1151.6;35;11
1150.9;1151.6;47;11
1151.2;1151.3;67;7
1151.3;1151.5;65;5
1151.5;1151.6;68;8
1151.6;1151.6;65;5
1151.6;1151.7;71;11
1151.6;1151.9;38;2
1151.6;1151.9;50;2
1151.7;1151.9;68;8
1151.9;1152;74;2
1151.9;1152.3;41;5
1151.9;1152.3;53;5
1152;1152.1;71;11
1152.1;1152.1;77;5
1152.1;1152.3;74;2
1152.3;1152.3;83;11
1152.3;1152.3;44;8
1152.3;1152.3;56;8
1152.3;1152.3;77;5
1152.3;1152.3;86;2
1152.3;1152.3;83;11
1152.3;1152.9;77;5
1152.3;1152.9;80;8
1152.3;1152.9;89;5
1152.3;1152.9;47;11
1152.3;1152.9;59;11
1152.9;1153.5;74;2
1153.5;1153.5;65;5
1153.5;1153.8;65;5
1153.8;1154.1;67;7
1154.1;1154.7;68;8
1154.1;1155;59;11
1154.1;1155.7;43;7
1154.1;1155.7;50;2
1154.1;1155.7;53;5
1154.7;1154.9;65;5
1154.9;1155;62;2
1155;1155.7;55;7
1155;1155.7;59;11
1155.7;1155.9;56;8
1155.7;1155.9;60;0
1155.7;1155.9;42;6
1155.7;1155.9;48;0
1155.7;1155.9;51;3
1155.9;1156.5;56;8
1155.9;1156.5;60;0
1155.9;1158.2;42;6
1155.9;1158.2;44;8
1155.9;1158.2;48;0
1155.9;1158.2;51;3
1156.5;1157.1;63;3
1157.1;1157.6;72;0
1157.6;1157.6;70;10
1157.6;1158.3;68;8
1158.3;1158.3;66;6
1158.3;1158.7;65;5
1158.7;1159;63;3
1159;1159.2;62;2
1159.2;1160.4;71;11
1160.4;1160.7;53;5
1160.4;1160.7;56;8
1160.4;1160.7;59;11
1160.4;1160.7;62;2
1160.8;1161.1;67;7
1161.1;1161.6;67;7
1161.1;1161.7;43;7
1161.1;1161.7;48;0
1161.1;1161.7;51;3
1161.6;1161.7;63;3
1161.7;1162.3;63;3
1162.3;1162.7;68;8
1162.3;1162.7;43;7
1162.3;1162.7;48;0
1162.3;1162.7;53;5
1162.7;1163;65;5
1163;1163.6;71;11
1163;1163.6;43;7
1163;1163.6;50;2
1163;1163.6;53;5
1163.6;1163.8;72;0
1163.8;1164;74;2
1164;1164.6;67;7
1164;1164.3;43;7
1164;1164.3;48;0
1164;1164.3;51;3
1164;1164.3;55;7
1164.9;1165.2;68;8
1164.9;1165.8;60;0
1164.9;1165.8;53;5
1164.9;1165.8;56;8
1165.2;1165.5;70;10
1165.5;1165.8;72;0
1165.8;1166.1;72;0
1165.8;1166.9;60;0
1165.8;1166.9;51;3
1165.8;1166.9;55;7
1166.1;1166.3;67;7
1166.3;1166.9;67;7
1166.9;1167.8;68;8
1166.9;1168.1;60;0
1166.9;1168.1;50;2
1166.9;1168.1;53;5
1166.9;1168.1;56;8
1167.8;1168.1;65;5
1168.1;1168.6;74;2
1168.1;1169;62;2
1168.1;1169;47;11
1168.1;1169;53;5
1168.1;1169;56;8
1168.6;1168.7;68;8
1168.7;1169;68;8
1169;1169.4;75;3
1169;1169.6;63;3
1169;1169.6;48;0
1169;1169.6;51;3
1169;1169.6;56;8
1169.4;1169.6;74;2
1169.6;1170.2;72;0
1170.2;1170.9;70;10
1170.9;1171.2;68;8
1171.2;1172.4;66;6
1171.2;1172.4;61;1
1171.2;1172.4;46;10
1171.2;1172.4;54;6
1172.4;1173.4;65;5
1172.4;1173.7;60;0
1172.4;1173.7;44;8
1172.4;1173.7;56;8
1173.4;1173.7;65;5
1173.7;1174.5;64;4
1173.7;1174.8;58;10
1173.7;1174.8;61;1
1173.7;1174.8;43;7
1174.5;1174.7;67;7
1174.7;1174.8;70;10
1174.8;1175.2;73;1
1175.2;1175.8;72;0
1175.8;1176;70;10
1176;1176.8;76;4
1176.8;1177;60;0
1176.8;1177;48;0
1176.8;1177;61;1
1176.8;1177;49;1
1176.9;1177;63;3
1176.9;1177;51;3
1177;1178.2;61;1
1177;1178.2;49;1
1178.2;1178.6;60;0
1178.2;1178.6;48;0
1178.6;1179.1;58;10
1178.6;1179.1;46;10
1179.1;1179.7;56;8
1179.1;1179.7;44;8
1179.7;1180;60;0
1179.7;1180;48;0
1180;1180.3;58;10
1180;1180.3;46;10
1180.3;1181.5;56;8
1180.3;1181.5;44;8
1181.5;1182.2;55;7
1181.5;1182.2;43;7
1182.2;1182.4;54;6
1182.2;1182.4;42;6
1182.4;1183;62;2
1182.4;1183.7;50;2
1183.4;1183.7;57;9
1183.7;1184.3;62;2
1184.3;1184.9;57;9
1184.9;1185.4;55;7
1185.4;1185.5;54;6
1185.5;1185.8;54;6
1186.1;1186.7;54;6
1186.7;1186.8;55;7
1186.8;1186.9;57;9
1186.9;1187.8;60;0
1187.8;1188;58;10
1188;1188.5;57;9
1188.5;1189.1;55;7
1189.1;1189.7;55;7
1189.1;1191;39;3
1189.1;1191;43;7
1189.7;1190.1;49;1
1190.1;1190.4;49;1
1190.4;1191;57;9
1191;1191.3;55;7
1191.5;1191.6;54;6
1191.6;1192.2;57;9
1192.2;1192.8;38;2
1192.2;1192.8;50;2
1193.5;1193.9;58;10
1193.9;1194.2;57;9
1194.2;1194.5;55;7
1194.5;1195.7;63;3
1195.7;1196.3;49;1
1196.3;1196.6;52;4
1196.6;1196.9;55;7
1196.9;1197.1;58;10
1197.1;1197.5;57;9
1197.5;1197.9;52;4
1197.9;1198.5;55;7
1198.5;1199;54;6
1199;1199.1;62;2
1199;1199.1;50;2
1199;1199.1;63;3
1199;1199.1;51;3
1199.1;1199.1;65;5
1199.1;1199.1;53;5
1199.1;1200.3;63;3
1199.1;1200.3;51;3
1200.3;1200.9;62;2
1200.3;1200.9;50;2
1200.9;1201.3;60;0
1200.9;1201.3;48;0
1201.3;1201.8;58;10
1201.3;1201.8;46;10
1201.8;1202.1;62;2
1201.8;1202.1;50;2
1202.1;1202.4;60;0
1202.1;1202.4;48;0
1202.4;1203.6;58;10
1202.4;1203.6;46;10
1203.6;1204.5;57;9
1203.6;1204.5;45;9
1204.5;1204.8;56;8
1204.5;1204.8;44;8
1204.8;1205.7;64;4
1204.8;1205.7;52;4
1206.6;1207.4;60;0
1207.4;1207.7;59;11
1207.7;1208;57;9
1208;1209.2;65;5
1209.2;1209.7;51;3
1209.7;1210;54;6
1210;1210.3;57;9
1210.3;1210.7;60;0
1210.7;1211.1;59;11
1211.1;1211.5;54;6
1211.5;1212.1;57;9
1212.1;1212.5;56;8
1212.5;1212.6;50;2
1212.5;1212.6;64;4
1212.5;1212.6;65;5
1212.5;1212.6;51;3
1212.6;1212.6;67;7
1212.6;1212.6;53;5
1212.6;1213.8;65;5
1212.6;1213.8;53;5
1213.8;1214.4;64;4
1213.8;1214.4;52;4
1214.4;1215;62;2
1214.4;1215;50;2
1215;1215.2;60;0
1215;1215.2;48;0
1215.2;1215.5;64;4
1215.2;1215.5;52;4
1215.5;1215.8;62;2
1215.5;1215.8;50;2
1215.8;1217;60;0
1215.8;1217;48;0
1217;1218;59;11
1217;1218;47;11
1218;1218.3;58;10
1218;1218.3;46;10
1218.3;1218.9;66;6
1218.3;1219.3;54;6
1219.1;1219.3;73;1
1219.3;1221;73;1
1221;1222.1;64;4
1222.1;1222.4;64;4
1222.4;1222.7;67;7
1222.7;1223.5;71;11
1222.7;1224.4;61;1
1222.7;1224.4;45;9
1222.7;1224.4;52;4
1222.7;1224.4;55;7
1223.5;1223.8;69;9
1223.8;1224.2;67;7
1224.2;1224.6;66;6
1224.6;1225;64;4
1225;1225.9;66;6
1225.9;1226.1;62;2
1225.9;1226.1;50;2
1226;1226.1;63;3
1226;1226.1;51;3
1226;1226.1;65;5
1226;1226.1;53;5
1226.1;1227.3;63;3
1226.1;1227.3;51;3
1227.3;1227.8;62;2
1227.3;1227.8;50;2
1227.8;1228.4;60;0
1227.8;1228.4;48;0
1228.4;1228.9;58;10
1228.4;1228.9;46;10
1228.9;1229.2;57;9
1228.9;1229.2;45;9
1229.2;1229.5;55;7
1229.2;1229.5;43;7
1229.5;1229.8;62;2
1229.5;1229.6;48;0
1229.5;1229.6;50;2
1229.5;1231.6;45;9
1229.6;1229.6;54;6
1229.7;1229.7;48;0
1229.7;1229.7;50;2
1229.7;1229.8;54;6
1229.8;1229.9;69;9
1229.8;1229.9;48;0
1229.8;1229.9;50;2
1229.9;1229.9;54;6
1229.9;1229.9;48;0
1229.9;1229.9;50;2
1229.9;1229.9;54;6
1229.9;1231;74;2
1229.9;1229.9;48;0
1229.9;1229.9;50;2
1229.9;1229.9;54;6
1229.9;1230;48;0
1229.9;1230;50;2
1230;1230.1;54;6
1230.1;1230.1;48;0
1230.1;1230.1;50;2
1230.1;1230.2;54;6
1230.2;1230.3;48;0
1230.2;1230.3;50;2
1230.3;1230.4;54;6
1230.4;1230.4;48;0
1230.4;1230.4;50;2
1230.4;1230.5;54;6
1230.5;1230.6;48;0
1230.5;1230.6;50;2
1230.6;1230.7;54;6
1230.7;1230.7;48;0
1230.7;1230.7;50;2
1230.7;1230.8;54;6
1230.8;1230.9;48;0
1230.8;1230.9;50;2
1230.9;1231;54;6
1231;1231.6;69;9
1231;1231;48;0
1231;1231;50;2
1231;1231.1;54;6
1231.1;1231.2;48;0
1231.1;1231.2;50;2
1231.2;1231.3;54;6
1231.3;1231.3;48;0
1231.3;1231.3;50;2
1231.3;1231.4;54;6
1231.4;1231.5;48;0
1231.4;1231.5;50;2
1231.5;1231.6;54;6
1231.6;1232;66;6
1231.6;1231.6;48;0
1231.6;1231.6;50;2
1231.6;1233.5;45;9
1231.6;1231.7;54;6
1231.7;1231.8;48;0
1231.7;1231.8;50;2
1231.8;1231.9;54;6
1231.9;1231.9;48;0
1231.9;1231.9;50;2
1231.9;1232;54;6
1232;1232.1;67;7
1232;1232.1;48;0
1232;1232.1;50;2
1232.1;1232.1;54;6
1232.1;1232.1;48;0
1232.1;1232.1;50;2
1232.1;1232.1;54;6
1232.1;1232.1;48;0
1232.1;1232.1;50;2
1232.1;1232.3;69;9
1232.1;1232.1;54;6
1232.1;1232.1;48;0
1232.1;1232.1;50;2
1232.1;1232.1;54;6
1232.2;1232.2;48;0
1232.2;1232.2;50;2
1232.2;1232.3;54;6
1232.3;1232.9;72;0
1232.3;1232.4;48;0
1232.3;1232.4;50;2
1232.4;1232.4;54;6
1232.5;1232.5;48;0
1232.5;1232.5;50;2
1232.5;1232.6;54;6
1232.6;1232.7;48;0
1232.6;1232.7;50;2
1232.7;1232.7;54;6
1232.8;1232.8;48;0
1232.8;1232.8;50;2
1232.8;1232.9;54;6
1232.9;1233.2;70;10
1232.9;1233;48;0
1232.9;1233;50;2
1233;1233;54;6
1233.1;1233.1;48;0
1233.1;1233.1;50;2
1233.1;1233.2;54;6
1233.2;1233.5;69;9
1233.2;1233.3;48;0
1233.2;1233.3;50;2
1233.3;1233.3;54;6
1233.4;1233.4;48;0
1233.4;1233.4;50;2
1233.4;1233.5;54;6
1233.5;1234.1;67;7
1233.5;1233.6;46;10
1233.5;1233.6;51;3
1233.6;1233.6;55;7
1233.7;1233.7;46;10
1233.7;1233.7;51;3
1233.7;1233.8;55;7
1233.8;1233.9;46;10
1233.8;1233.9;51;3
1233.9;1233.9;55;7
1234;1234;46;10
1234;1234;51;3
1234;1234.1;55;7
1234.1;1234.2;46;10
1234.1;1234.2;51;3
1234.2;1234.2;55;7
1234.3;1234.3;46;10
1234.3;1234.3;51;3
1234.3;1234.4;55;7
1234.4;1234.7;70;10
1234.4;1234.5;46;10
1234.4;1234.5;51;3
1234.5;1234.5;55;7
1234.6;1234.6;46;10
1234.6;1234.6;51;3
1234.6;1234.7;55;7
1234.7;1235.3;75;3
1234.7;1234.8;46;10
1234.7;1234.8;51;3
1234.8;1234.8;55;7
1234.9;1234.9;46;10
1234.9;1234.9;51;3
1234.9;1235;55;7
1235;1235.1;46;10
1235;1235.1;51;3
1235.1;1235.1;55;7
1235.2;1235.2;46;10
1235.2;1235.2;51;3
1235.2;1235.2;55;7
1235.3;1235.9;70;10
1235.3;1235.3;46;10
1235.3;1235.3;51;3
1235.3;1235.4;55;7
1235.4;1235.5;46;10
1235.4;1235.5;51;3
1235.5;1235.5;55;7
1235.6;1235.6;46;10
1235.6;1235.6;51;3
1235.6;1235.7;55;7
1235.7;1235.8;46;10
1235.7;1235.8;51;3
1235.8;1235.8;55;7
1235.9;1236.1;67;7
1235.9;1235.9;46;10
1235.9;1235.9;51;3
1235.9;1236;55;7
1236;1236.1;46;10
1236;1236.1;51;3
1236.1;1236.1;55;7
1236.1;1236.1;46;10
1236.1;1236.1;51;3
1236.1;1236.1;55;7
1236.1;1236.1;46;10
1236.1;1236.1;51;3
1236.1;1236.1;55;7
1236.1;1236.4;67;7
1236.1;1236.2;46;10
1236.1;1236.2;51;3
1236.2;1236.3;55;7
1236.3;1236.3;46;10
1236.3;1236.3;51;3
1236.4;1236.4;55;7
1236.4;1236.7;69;9
1236.4;1236.5;46;10
1236.4;1236.5;51;3
1236.5;1236.6;55;7
1236.6;1236.6;46;10
1236.6;1236.6;51;3
1236.7;1236.7;55;7
1236.7;1237.1;70;10
1236.7;1237.3;49;1
1236.7;1237.3;52;4
1236.7;1237.3;55;7
1237.1;1237.5;69;9
1237.5;1237.9;64;4
1237.9;1238.3;65;5
1238.3;1238.9;50;2
1238.3;1238.9;53;5
1238.3;1238.9;57;9
1238.6;1238.9;65;5
1238.9;1239.7;70;10
1239.5;1240.1;50;2
1239.5;1240.1;54;6
1239.5;1240.1;58;10
1239.7;1239.9;70;10
1239.9;1240.1;70;10
1240.1;1241.1;63;3
1240.7;1241.1;51;3
1240.7;1241.1;55;7
1241.1;1241.9;72;0
1241.7;1242.3;52;4
1241.7;1242.3;56;8
1241.7;1242.3;60;0
1241.9;1242.1;72;0
1242.1;1242.3;72;0
1242.3;1242.9;65;5
1242.9;1243.5;53;5
1242.9;1243.5;57;9
1243.1;1243.3;65;5
1243.3;1243.5;65;5
1243.5;1244.1;73;1
1244.1;1244.3;53;5
1244.1;1244.3;57;9
1244.1;1244.3;61;1
1244.1;1244.3;69;9
1244.3;1244.9;74;2
1244.9;1245.2;74;2
1244.9;1245.4;54;6
1244.9;1245.4;57;9
1244.9;1245.4;60;0
1244.9;1245.4;62;2
1245.2;1245.4;69;9
1245.4;1246;70;10
1246;1246.6;55;7
1246;1246.6;58;10
1246;1246.6;62;2
1246.2;1246.4;70;10
1246.4;1246.6;70;10
1246.6;1247.5;75;3
1246.6;1248.6;51;3
1246.6;1248.6;55;7
1246.6;1248.6;58;10
1246.6;1248.6;63;3
1247.5;1247.8;70;10
1247.8;1248.4;67;7
1248.4;1248.6;63;3
1248.6;1249.7;70;10
1249.2;1249.7;46;10
1249.2;1249.7;50;2
1249.2;1249.7;53;5
1249.2;1249.7;58;10
1249.7;1249.8;46;10
1249.7;1249.8;58;10
1249.7;1249.8;47;11
1249.7;1249.8;59;11
1249.8;1249.8;49;1
1249.8;1249.8;61;1
1249.8;1251.2;59;11
1249.8;1251.2;47;11
1251.2;1251.8;60;0
1251.2;1251.8;48;0
1251.8;1252.4;62;2
1251.8;1252.4;50;2
1252.4;1253;63;3
1252.4;1253;51;3
1253;1253.2;64;4
1253;1253.2;52;4
1253.2;1253.5;65;5
1253.2;1253.5;53;5
1253.5;1253.8;66;6
1253.5;1253.8;54;6
1253.8;1253.8;69;9
1253.8;1253.8;57;9
1253.8;1254;70;10
1253.8;1254;58;10
1254;1254.3;71;11
1254;1254.3;59;11
1254.3;1254.6;72;0
1254.3;1254.6;60;0
1254.6;1254.9;73;1
1254.6;1254.9;61;1
1254.9;1255.2;75;3
1254.9;1255.2;63;3
1255.2;1256.4;64;4
1255.2;1256.4;76;4
1255.2;1257.7;40;4
1255.2;1257.7;52;4
1256.4;1257.7;64;4
1257.7;1258.9;71;11
1257.7;1260.4;52;4
1257.7;1260.4;55;7
1257.7;1260.1;59;11
1258.9;1259.5;67;7
1259.5;1259.8;64;4
1260.1;1260.4;60;0
1260.1;1262;48;0
1260.8;1261.4;64;4
1261.1;1261.3;51;3
1261.1;1261.3;55;7
1261.3;1261.4;60;0
1261.4;1262;51;3
1261.4;1262;55;7
1262;1262.3;64;4
1262.3;1262.6;64;4
1262.6;1262.9;66;6
1262.9;1263.2;66;6
1263.2;1263.8;54;6
1263.2;1263.8;58;10
1263.2;1263.8;63;3
1263.2;1263.8;35;11
1263.2;1263.8;47;11
1263.8;1264.6;67;7
1264.4;1264.9;55;7
1264.4;1264.9;58;10
1264.4;1264.9;64;4
1264.4;1264.9;40;4
1264.4;1264.9;52;4
1264.6;1264.9;67;7
1264.9;1266;69;9
1265.5;1266;57;9
1265.5;1266;62;2
1265.5;1266;66;6
1265.5;1266;38;2
1265.5;1266;50;2
1266;1266.8;70;10
1266.6;1267.2;58;10
1266.6;1267.2;62;2
1266.6;1267.2;43;7
1266.6;1267.2;55;7
1266.8;1267;69;9
1267;1267.2;67;7
1267.2;1268.5;72;0
1267.8;1268.5;60;0
1267.8;1268.5;65;5
1267.8;1268.5;69;9
1267.8;1268.5;41;5
1267.8;1268.5;53;5
1268.5;1269.3;73;1
1269.1;1269.7;61;1
1269.1;1269.7;67;7
1269.1;1269.7;40;4
1269.1;1269.7;52;4
1269.3;1269.5;69;9
1269.5;1269.7;69;9
1269.7;1271.7;74;2
1270.4;1271.4;62;2
1270.4;1271.4;65;5
1270.4;1271.4;69;9
1270.4;1271.4;38;2
1270.4;1271.4;50;2
1271.7;1272;65;5
1272;1272.3;67;7
1272.3;1272.9;69;9
1272.9;1273.2;61;1
1272.9;1273.2;49;1
1273.2;1273.5;64;4
1273.2;1273.5;52;4
1273.5;1274;69;9
1273.5;1274;57;9
1274.6;1275.8;63;3
1274.6;1277.1;51;3
1275.8;1276.5;63;3
1276.5;1277.1;63;3
1277.1;1278.8;54;6
1277.1;1278.8;42;6
1278.8;1279.2;55;7
1278.8;1279.2;43;7
1279.2;1279.6;57;9
1279.2;1279.6;45;9
1279.6;1280.9;60;0
1279.6;1280.9;48;0
1280.9;1281.8;51;3
1280.9;1281.8;39;3
1281.8;1282.1;50;2
1281.8;1282.1;38;2
1282.1;1283;49;1
1282.1;1282.7;37;1
1283;1283.3;58;10
1283.3;1284.2;57;9
1284.2;1284.5;55;7
1284.5;1285.1;54;6
1285.1;1285.7;57;9
1285.4;1285.5;26;2
1285.5;1285.6;38;2
1285.6;1285.7;26;2
1285.7;1286.5;38;2
1286.5;1287.1;50;2
1287.1;1287.7;51;3
1287.1;1288.3;39;3
1287.1;1288.3;43;7
1287.7;1288;55;7
1288;1288.3;57;9
1288.3;1289.4;58;10
1289.4;1289.9;55;7
1289.9;1291.2;62;2
1290.9;1291;26;2
1291;1291.1;38;2
1291.1;1291.2;26;2
1291.2;1291.9;38;2
1292.5;1294.4;26;2
1292.6;1294.4;38;2
1295;1295.7;54;6
1295;1295.7;57;9
1295;1295.7;62;2
1295;1295.7;50;2
1296.4;1297;55;7
1296.4;1297;58;10
1296.4;1297;63;3
1296.4;1297;43;7
1297.7;1298.4;51;3
1297.7;1298.4;55;7
1297.7;1298.4;60;0
1297.7;1298.4;45;9
1298.9;1299.3;50;2
1299.1;1299.3;51;3
1299.3;1299.3;53;5
1299.3;1303.4;51;3
1303.4;1304.1;54;6
1303.4;1304.1;57;9
1303.4;1304.1;50;2
1304.9;1305.6;50;2
1304.9;1305.6;55;7
1304.9;1305.6;58;10
1304.9;1305.6;43;7
1306.3;1306.9;53;5
1306.3;1306.9;57;9
1306.3;1306.9;60;0
1306.3;1306.9;41;5
1307.5;1307.6;52;4
1307.5;1307.6;53;5
1307.6;1307.6;54;6
1307.6;1312.1;53;5
1312.1;1314.9;60;0
1312.1;1312.7;45;9
1312.1;1312.7;52;4
1313.6;1315.2;56;8
1313.6;1315.2;40;4
1313.6;1315.2;50;2
1314.9;1315.2;59;11
1315.2;1315.9;57;9
1315.2;1315.9;41;5
1315.2;1315.9;48;0
1316.4;1316.5;47;11
1316.4;1316.5;48;0
1316.5;1316.5;49;1
1316.5;1319.5;48;0
1319.5;1325.1;56;8
1319.5;1321;41;5
1319.5;1321;48;0
1322.7;1325.7;46;10
1322.7;1325.7;52;4
1322.7;1325.7;36;0
1325.1;1325.7;55;7
1325.7;1326.4;44;8
1325.7;1326.4;49;1
1325.7;1326.4;53;5
1325.7;1326.1;37;1
1326.1;1326.4;41;5
1326.4;1326.8;44;8
1326.8;1327.1;49;1
1327.1;1327.5;53;5
1327.5;1328.6;56;8
1328.6;1329.1;61;1
1329.1;1329.4;65;5
1329.4;1330.6;68;8
1331.3;1332.7;68;8
1332.7;1333.7;67;7
1333.7;1334.1;65;5
1334.4;1336.2;65;5
1336.2;1337.6;59;11
1337.6;1338.3;48;0
1337.6;1338.3;60;0
1338.6;1338.9;60;0
1338.9;1339.6;61;1
1339.6;1340;60;0
1340;1340.3;60;0
1340.3;1341;67;7
1341;1341.9;65;5
1342.9;1343;64;4
1342.9;1343;52;4
1342.9;1343;65;5
1342.9;1343;53;5
1343;1343;68;8
1343;1343;56;8
1343;1344.5;66;6
1343;1344.5;54;6
1344.5;1345;57;9
1344.5;1345;45;9
1345;1345.4;58;10
1345;1345.4;46;10
1345.4;1345.7;60;0
1345.4;1345.7;48;0
1345.7;1346.7;63;3
1345.7;1346.7;51;3
1346.7;1347.1;61;1
1346.7;1347.1;49;1
1347.1;1348.1;40;4
1347.1;1348.1;52;4
1348.1;1348.4;41;5
1348.1;1348.4;53;5
1348.4;1349.5;67;7
1348.4;1349.1;43;7
1348.4;1349.1;55;7
1349.5;1350.8;72;0
1349.5;1349.8;48;0
1349.5;1349.8;52;4
1349.5;1349.8;58;10
1350.8;1351.1;67;7
1351.1;1351.8;67;7
1351.8;1352.5;69;9
1352.5;1353.1;41;5
1352.5;1353.1;48;0
1352.5;1353.1;51;3
1353.1;1353.7;69;9
1353.7;1353.9;69;9
1353.9;1354.7;72;0
1354.7;1355;63;3
1355;1355.7;66;6
1355.7;1356;65;5
1356;1356.1;63;3
1356.1;1356.6;61;1
1356.1;1356.6;42;6
1356.4;1356.6;54;6
1356.4;1356.6;58;10
1356.6;1356.7;46;10
1356.6;1357;54;6
1356.6;1357;58;10
1356.7;1357.4;49;1
1357;1357.4;66;6
1357;1358;58;10
1357;1358;64;4
1357.4;1357.9;70;10
1357.4;1358;54;6
1357.9;1358;66;6
1358;1359;71;11
1358;1360.3;59;11
1358;1360.3;63;3
1358;1360.3;42;6
1359;1359.4;70;10
1359.4;1359.8;68;8
1359.8;1360;66;6
1360;1360.3;65;5
1360.3;1361.2;63;3
1360.3;1361;43;7
1360.7;1361.1;58;10
1360.7;1361.1;61;1
1361;1361.2;46;10
1361.1;1361.5;58;10
1361.1;1361.5;61;1
1361.2;1361.6;51;3
1361.5;1361.9;58;10
1361.5;1361.9;61;1
1361.6;1361.9;63;3
1361.6;1362.3;55;7
1361.9;1362.3;63;3
1361.9;1362.3;58;10
1361.9;1362.3;61;1
1362.3;1362.9;64;4
1362.3;1363.6;59;11
1362.3;1363.6;56;8
1362.9;1363.6;68;8
1363.6;1363.6;71;11
1363.6;1364.3;62;2
1363.6;1364.3;52;4
1363.6;1364.3;56;8
1363.6;1364;68;8
1364;1364.3;64;4
1364.3;1365.3;72;0
1364.3;1365;45;9
1364.6;1365.3;60;0
1364.6;1365.3;64;4
1365;1365.3;48;0
1365.3;1365.3;60;0
1365.3;1365.3;64;4
1365.3;1365.6;52;4
1365.3;1365.9;60;0
1365.3;1365.9;64;4
1365.3;1365.9;69;9
1365.6;1366.3;57;9
1365.9;1366.3;64;4
1365.9;1366.3;69;9
1365.9;1366.6;72;0
1366.3;1366.6;65;5
1366.3;1366.6;68;8
1366.3;1366.9;60;0
1366.6;1367.3;65;5
1366.6;1367.3;68;8
1366.6;1367.3;72;0
1366.9;1367.6;56;8
1367.3;1367.9;60;0
1367.3;1367.9;65;5
1367.3;1367.9;68;8
1367.6;1368;72;0
1367.6;1368;53;5
1367.9;1368;60;0
1367.9;1368;65;5
1367.9;1368;68;8
1368;1368;72;0
1368;1368.2;48;0
1368;1368.2;72;0
1368;1368.2;60;0
1368;1368.2;65;5
1368;1368.2;68;8
1368.2;1368.9;73;1
1368.2;1370.4;61;1
1368.2;1370.4;65;5
1368.2;1370.4;44;8
1368.2;1370.4;56;8
1368.9;1369.2;73;1
1369.2;1369.5;72;0
1369.5;1370.1;70;10
1370.1;1370.2;68;8
1370.2;1370.4;67;7
1370.4;1370.9;65;5
1370.4;1370.8;45;9
1370.4;1370.8;57;9
1370.5;1370.8;60;0
1370.5;1370.8;63;3
1370.8;1370.9;48;0
1370.8;1371.3;60;0
1370.8;1371.3;63;3
1370.9;1371.6;53;5
1371.3;1371.9;60;0
1371.3;1371.9;63;3
1371.6;1371.9;65;5
1371.6;1372.3;57;9
1371.9;1372.3;65;5
1371.9;1372.3;60;0
1371.9;1372.3;63;3
1372.3;1372.9;66;6
1372.3;1373.1;61;1
1372.3;1373.1;58;10
1372.9;1373.1;70;10
1373.1;1373.6;73;1
1373.1;1374.3;64;4
1373.1;1374.3;54;6
1373.1;1374.3;58;10
1373.6;1373.9;70;10
1373.9;1374.3;66;6
1374.3;1375.7;74;2
1374.3;1374.5;35;11
1374.4;1374.8;62;2
1374.4;1374.8;66;6
1374.5;1375.1;38;2
1374.8;1375.4;62;2
1374.8;1375.4;66;6
1375.1;1375.7;42;6
1375.4;1375.7;62;2
1375.4;1375.7;66;6
1375.7;1376.4;62;2
1375.7;1376.4;47;11
1376;1376.4;59;11
1376;1376.4;66;6
1376.4;1376.7;58;10
1376.4;1376.7;61;1
1376.4;1376.7;67;7
1376.4;1377;50;2
1376.7;1377.2;58;10
1376.7;1377.2;61;1
1376.7;1377.2;67;7
1377;1377.5;46;10
1377.2;1377.5;58;10
1377.2;1377.5;61;1
1377.2;1377.5;67;7
1377.5;1378.3;70;10
1377.5;1378.1;43;7
1377.8;1378.3;58;10
1377.8;1378.3;61;1
1378.1;1378.3;38;2
1378.3;1378.3;58;10
1378.3;1378.3;61;1
1378.3;1378.3;34;10
1378.3;1379.7;70;10
1378.3;1380;31;7
1378.3;1380;43;7
1378.7;1379.3;58;10
1378.7;1379.3;63;3
1379.3;1379.7;58;10
1379.3;1379.7;63;3
1379.7;1380.6;63;3
1380;1380.4;55;7
1380;1380.4;58;10
1380.4;1380.6;55;7
1380.4;1380.6;58;10
1380.6;1381.2;62;2
1380.6;1381.9;41;5
1380.6;1381.9;53;5
1380.7;1381.2;56;8
1380.7;1381.2;58;10
1381.2;1381.5;65;5
1381.2;1381.9;56;8
1381.2;1381.9;58;10
1381.5;1382.9;68;8
1381.9;1382.5;56;8
1381.9;1382.5;58;10
1381.9;1382.5;63;3
1381.9;1382.2;39;3
1381.9;1382.2;51;3
1382.2;1382.5;38;2
1382.2;1382.5;50;2
1382.5;1383.1;56;8
1382.5;1382.9;60;0
1382.5;1383.1;65;5
1382.5;1382.9;36;0
1382.5;1382.9;48;0
1382.9;1383.1;62;2
1382.9;1383.2;35;11
1382.9;1383.2;47;11
1383.1;1383.3;62;2
1383.2;1383.7;53;5
1383.2;1383.7;56;8
1383.3;1383.5;63;3
1383.5;1383.7;65;5
1383.7;1383.7;67;7
1383.7;1383.9;53;5
1383.7;1383.9;56;8
1383.7;1384.2;68;8
1383.9;1384.5;53;5
1383.9;1384.5;56;8
1384.2;1384.5;65;5
1384.5;1384.9;62;2
1384.5;1384.9;53;5
1384.5;1384.9;56;8
1384.9;1386.1;71;11
1385.1;1385.3;43;7
1385.2;1385.9;62;2
1385.2;1385.9;65;5
1385.3;1385.5;47;11
1385.5;1385.9;50;2
1385.9;1386.1;62;2
1385.9;1386.1;65;5
1385.9;1386.1;53;5
1386.1;1386.9;72;0
1386.1;1386.5;52;4
1386.5;1386.8;60;0
1386.5;1386.8;64;4
1386.5;1386.8;67;7
1386.5;1386.8;48;0
1386.8;1386.8;46;10
1386.8;1386.9;60;0
1386.8;1386.9;64;4
1386.8;1386.9;67;7
1386.8;1386.9;43;7
1386.9;1387.8;72;0
1386.9;1388.1;45;9
1386.9;1387.5;60;0
1386.9;1387.5;65;5
1387.5;1387.8;60;0
1387.5;1387.8;65;5
1387.8;1389.1;65;5
1388.1;1388.8;57;9
1388.1;1388.8;60;0
1388.8;1389.1;57;9
1388.8;1389.1;60;0
1389.1;1390;64;4
1389.1;1390.4;43;7
1389.1;1390.4;55;7
1389.4;1390;58;10
1389.4;1390;60;0
1390;1390.1;67;7
1390;1390.1;58;10
1390;1390.1;60;0
1390.1;1391.4;70;10
1390.4;1391;58;10
1390.4;1391;65;5
1390.4;1390.7;41;5
1390.4;1390.7;53;5
1390.7;1391;40;4
1390.7;1391;52;4
1391;1391.6;58;10
1391;1391.4;62;2
1391;1391.6;67;7
1391;1391.4;38;2
1391;1391.4;50;2
1391.4;1391.6;64;4
1391.4;1391.7;37;1
1391.4;1391.7;49;1
1391.6;1391.8;64;4
1391.7;1391.9;55;7
1391.7;1391.9;58;10
1391.8;1391.9;65;5
1391.9;1391.9;67;7
1391.9;1391.9;69;9
1391.9;1392.3;55;7
1391.9;1392.3;58;10
1391.9;1392.6;70;10
1392.3;1392.9;55;7
1392.3;1392.9;58;10
1392.6;1392.9;67;7
1392.9;1393.3;64;4
1392.9;1393.3;55;7
1392.9;1393.3;58;10
1393.3;1394.4;73;1
1393.5;1393.7;45;9
1393.6;1394.3;61;1
1393.6;1394.3;64;4
1393.6;1394.3;67;7
1393.7;1393.9;49;1
1393.9;1394.3;52;4
1394.3;1394.4;61;1
1394.3;1394.4;64;4
1394.3;1394.4;67;7
1394.3;1394.4;58;10
1394.4;1395.4;69;9
1394.4;1394.5;57;9
1394.5;1395.1;61;1
1394.5;1395.1;64;4
1394.5;1395.1;67;7
1394.5;1394.8;55;7
1394.8;1395.1;52;4
1395.1;1395.4;61;1
1395.1;1395.4;64;4
1395.1;1395.4;67;7
1395.1;1395.4;57;9
1395.4;1396.4;74;2
1395.4;1396.8;53;5
1395.7;1396.4;62;2
1395.7;1396.4;69;9
1396.4;1396.7;62;2
1396.4;1396.7;69;9
1396.7;1397.3;62;2
1396.8;1397;53;5
1396.8;1397;57;9
1397;1397.3;53;5
1397;1397.3;57;9
1397.3;1398;60;0
1397.3;1398.4;52;4
1397.6;1398;55;7
1397.6;1398;58;10
1398;1398.2;67;7
1398.2;1399.5;70;10
1398.4;1398.6;50;2
1398.5;1399.2;60;0
1398.5;1399.2;64;4
1398.6;1398.8;48;0
1398.8;1399.1;46;10
1399.1;1399.3;45;9
1399.2;1399.7;60;0
1399.2;1399.5;64;4
1399.2;1399.5;67;7
1399.3;1399.5;43;7
1399.5;1399.7;63;3
1399.5;1399.7;69;9
1399.5;1399.8;42;6
1399.7;1399.9;69;9
1399.8;1400.3;54;6
1399.8;1400.3;60;0
1399.8;1400.3;63;3
1399.9;1400.1;70;10
1400.1;1400.3;72;0
1400.3;1400.4;69;9
1400.3;1400.7;54;6
1400.3;1400.7;60;0
1400.3;1400.7;63;3
1400.4;1400.8;75;3
1400.7;1401;54;6
1400.7;1401;60;0
1400.7;1401;63;3
1400.8;1401;74;2
1401;1401.3;69;9
1401;1401.3;54;6
1401;1401.5;60;0
1401;1401.5;62;2
1401.3;1401.7;72;0
1401.3;1401.5;53;5
1401.5;1401.6;41;5
1401.5;1401.8;62;2
1401.5;1401.8;68;8
1401.6;1401.7;43;7
1401.7;1402.2;71;11
1401.7;1401.7;44;8
1401.7;1402;47;11
1401.8;1402.2;62;2
1401.8;1402.2;68;8
1402;1402.2;48;0
1402.2;1403.5;71;11
1402.2;1402.5;50;2
1402.5;1403.2;62;2
1402.5;1403.2;68;8
1402.5;1402.8;47;11
1402.8;1403.1;53;5
1403.1;1403.3;50;2
1403.2;1403.5;62;2
1403.2;1403.5;68;8
1403.3;1403.5;47;11
1403.5;1404.6;76;4
1403.5;1403.8;40;4
1403.5;1403.8;52;4
1403.8;1404.3;64;4
1403.8;1404.3;68;8
1403.8;1404.3;52;4
1403.8;1404.3;56;8
1403.8;1404.3;59;11
1404.3;1404.9;64;4
1404.3;1404.9;68;8
1404.3;1404.9;52;4
1404.3;1404.9;56;8
1404.3;1404.9;59;11
1404.6;1405.3;71;11
1404.9;1405.3;64;4
1404.9;1405.3;68;8
1404.9;1405.3;52;4
1404.9;1405.3;56;8
1404.9;1405.3;59;11
1405.3;1405.5;72;0
1405.3;1405.5;64;4
1405.3;1405.5;68;8
1405.3;1405.5;52;4
1405.3;1405.5;56;8
1405.5;1405.9;73;1
1405.5;1405.6;47;11
1405.5;1405.6;54;6
1405.5;1405.6;57;9
1405.5;1405.9;63;3
1405.5;1405.9;66;6
1405.6;1406.5;35;11
1405.9;1406.2;66;6
1405.9;1406.2;63;3
1406.2;1407.6;69;9
1406.5;1406.7;36;0
1406.6;1407.2;63;3
1406.6;1407.2;66;6
1406.7;1406.9;37;1
1406.9;1407.1;39;3
1407.1;1407.3;41;5
1407.2;1407.6;63;3
1407.2;1407.6;66;6
1407.3;1407.6;42;6
1407.6;1407.8;63;3
1407.6;1407.8;66;6
1407.6;1407.8;68;8
1407.6;1407.9;44;8
1407.8;1408;68;8
1407.9;1408.6;54;6
1407.9;1408.6;56;8
1407.9;1408.6;60;0
1408;1408.2;70;10
1408.2;1408.7;72;0
1408.6;1408.9;54;6
1408.6;1408.9;56;8
1408.6;1408.9;60;0
1408.7;1408.9;73;1
1408.9;1408.9;75;3
1408.9;1409.3;54;6
1408.9;1409.3;56;8
1408.9;1409.3;60;0
1408.9;1408.9;72;0
1408.9;1409.6;68;8
1409.3;1409.6;54;6
1409.3;1409.6;56;8
1409.3;1409.6;60;0
1409.6;1409.8;76;4
1409.8;1410.1;61;1
1409.8;1410.1;49;1
1410.1;1410.2;64;4
1410.1;1410.2;52;4
1410.2;1410.2;68;8
1410.2;1410.2;56;8
1410.2;1410.3;73;1
1410.2;1410.3;61;1
1410.3;1410.5;75;3
1410.3;1410.5;63;3
1410.5;1411.8;67;7
1410.5;1411.8;73;1
1410.5;1411.8;76;4
1410.5;1411.8;64;4
1411.8;1412.1;67;7
1411.8;1412.1;55;7
1412.1;1412.5;68;8
1412.1;1412.5;56;8
1412.5;1412.7;70;10
1412.5;1412.7;58;10
1412.7;1413.7;73;1
1412.7;1413.7;61;1
1413.7;1414;71;11
1413.7;1414;59;11
1414;1414.7;62;2
1414;1414.7;50;2
1414.7;1414.8;63;3
1414.7;1414.8;51;3
1414.8;1415.1;65;5
1414.8;1415.1;53;5
1415.1;1415.7;68;8
1415.1;1415.7;56;8
1415.7;1416;66;6
1415.7;1416;54;6
1416;1416.7;65;5
1416;1416.7;53;5
1416.7;1417.2;63;3
1416.7;1417.2;51;3
1417.2;1417.5;61;1
1417.2;1417.5;49;1
1417.5;1418.1;59;11
1417.5;1418.1;47;11
1418.1;1420.9;58;10
1418.1;1420.9;46;10
1420.9;1421.4;57;9
1420.9;1421.4;45;9
1421.4;1422.7;65;5
1421.4;1422.7;53;5
1423;1423.7;65;5
1423.7;1424.7;65;5
1424.7;1425;65;5
1425;1426.1;70;10
1426.1;1427.7;66;6
1426.1;1428.6;42;6
1426.1;1428.6;54;6
1427.7;1428;68;8
1428;1428.6;70;10
1428.6;1430;72;0
1428.6;1428.7;36;0
1428.7;1428.8;48;0
1428.8;1428.9;36;0
1428.9;1428.9;48;0
1429;1429;36;0
1429;1429.1;48;0
1429.1;1429.2;36;0
1429.2;1429.3;48;0
1429.3;1429.4;36;0
1429.4;1429.4;48;0
1429.5;1429.5;36;0
1429.5;1429.6;48;0
1429.6;1429.7;36;0
1429.7;1429.8;48;0
1429.8;1429.9;36;0
1429.9;1429.9;48;0
1430;1431.4;60;0
1430;1430;36;0
1430;1430.1;48;0
1430.1;1430.2;36;0
1430.2;1430.3;48;0
1430.3;1430.4;36;0
1430.4;1430.4;48;0
1430.5;1430.5;36;0
1430.5;1430.6;48;0
1430.6;1430.7;36;0
1430.7;1430.8;48;0
1430.8;1430.9;36;0
1430.9;1430.9;48;0
1431;1431.1;36;0
1431.1;1431.2;48;0
1431.2;1431.3;36;0
1431.3;1431.3;48;0
1431.4;1432;36;0
1432;1432.7;67;7
1432.7;1433.7;72;0
1433.7;1434;72;0
1434;1434.8;61;1
1434;1436;49;1
1434;1436;37;1
1435.4;1436;61;1
1436;1436.9;55;7
1436;1436.9;67;7
1436;1436.6;31;7
1436;1436.6;43;7
1436.9;1437.3;55;7
1436.9;1437.3;67;7
1437.3;1438.6;55;7
1437.3;1438.6;67;7
1438.6;1439.8;60;0
1438.6;1438.6;36;0
1438.6;1438.7;48;0
1438.7;1438.8;36;0
1438.8;1438.9;48;0
1438.9;1439;36;0
1439;1439;48;0
1439.1;1439.1;36;0
1439.1;1439.2;48;0
1439.2;1439.3;36;0
1439.3;1439.4;48;0
1439.4;1439.5;36;0
1439.5;1439.5;48;0
1439.6;1439.6;36;0
1439.6;1439.7;48;0
1439.7;1439.8;36;0
1439.8;1439.8;48;0
1439.8;1439.9;36;0
1439.9;1440;48;0
1440;1440.1;36;0
1440.1;1440.2;48;0
1440.2;1440.2;36;0
1440.3;1440.3;48;0
1440.3;1440.4;36;0
1440.4;1440.5;48;0
1440.5;1440.6;60;0
1440.5;1440.6;36;0
1440.6;1440.7;62;2
1440.6;1440.7;48;0
1440.7;1440.7;64;4
1440.7;1440.7;36;0
1440.7;1440.8;65;5
1440.8;1440.8;48;0
1440.8;1440.8;67;7
1440.8;1440.8;36;0
1440.8;1440.8;69;9
1440.8;1440.8;48;0
1440.8;1440.8;71;11
1440.8;1440.9;36;0
1440.8;1440.9;72;0
1440.9;1441;48;0
1440.9;1441;74;2
1441;1442.3;64;4
1441;1442.3;76;4
1441;1441.6;52;4
1442.3;1443.4;60;0
1442.3;1443.4;72;0
1443.4;1444.1;57;9
1443.4;1444.1;69;9
1444.1;1444.6;66;6
1444.6;1444.8;63;3
1444.8;1446.1;59;11
1444.8;1446.1;71;11
1444.8;1444.8;35;11
1444.9;1444.9;47;11
1444.9;1445;35;11
1445;1445.1;47;11
1445.1;1445.2;35;11
1445.2;1445.3;47;11
1445.3;1445.3;35;11
1445.4;1445.4;47;11
1445.4;1445.5;35;11
1445.5;1445.6;47;11
1445.6;1445.7;35;11
1445.7;1445.8;47;11
1445.8;1445.8;35;11
1445.9;1445.9;47;11
1445.9;1446;35;11
1446;1446.1;47;11
1446.1;1446.1;35;11
1446.1;1446.1;47;11
1446.1;1446.1;35;11
1446.1;1446.1;47;11
1446.1;1446.2;35;11
1446.2;1446.2;47;11
1446.2;1446.2;35;11
1446.2;1446.2;47;11
1446.2;1446.3;59;11
1446.2;1446.3;35;11
1446.3;1446.4;61;1
1446.3;1446.4;47;11
1446.4;1446.4;63;3
1446.4;1446.5;35;11
1446.4;1446.5;64;4
1446.5;1446.6;47;11
1446.5;1446.6;66;6
1446.6;1446.6;67;7
1446.6;1446.6;35;11
1446.6;1446.6;69;9
1446.6;1446.6;47;11
1446.6;1446.6;70;10
1446.6;1446.6;35;11
1446.6;1446.6;71;11
1446.6;1446.6;47;11
1446.6;1446.6;73;1
1446.6;1447.8;62;2
1446.6;1447.8;74;2
1446.6;1447.2;50;2
1447.8;1448.8;70;10
1447.8;1448.8;58;10
1448.8;1449.2;70;10
1448.8;1449.2;58;10
1449.2;1449.6;67;7
1449.2;1449.6;55;7
1449.6;1450;65;5
1449.6;1450;53;5
1450;1450;64;4
1450;1450;52;4
1450;1451.6;73;1
1450;1451.6;61;1
1451.6;1452;64;4
1451.6;1452;52;4
1452.3;1452.4;47;11
1452.3;1452.4;50;2
1452.3;1452.4;53;5
1452.4;1452.5;56;8
1452.5;1452.5;47;11
1452.5;1452.5;50;2
1452.5;1452.5;53;5
1452.6;1452.6;56;8
1452.6;1452.7;47;11
1452.6;1452.7;50;2
1452.6;1452.7;53;5
1452.7;1452.8;56;8
1452.8;1452.9;47;11
1452.8;1452.9;50;2
1452.8;1452.9;53;5
1452.9;1453;56;8
1453;1453;47;11
1453;1453;50;2
1453;1453;53;5
1453.1;1453.1;56;8
1453.1;1453.2;47;11
1453.1;1453.2;50;2
1453.1;1453.2;53;5
1453.2;1453.2;56;8
1453.2;1453.2;47;11
1453.2;1453.2;50;2
1453.2;1453.2;53;5
1453.2;1453.2;56;8
1453.2;1453.2;47;11
1453.2;1453.2;50;2
1453.2;1453.2;53;5
1453.2;1453.3;56;8
1453.3;1453.4;47;11
1453.3;1453.4;50;2
1453.3;1453.4;53;5
1453.4;1453.5;56;8
1453.5;1453.5;47;11
1453.5;1453.5;50;2
1453.5;1453.5;53;5
1453.6;1453.6;56;8
1453.6;1453.7;47;11
1453.6;1453.7;50;2
1453.6;1453.7;53;5
1453.7;1453.8;56;8
1453.8;1453.8;47;11
1453.8;1453.8;50;2
1453.8;1453.8;53;5
1453.8;1453.8;56;8
1453.8;1454.2;65;5
1453.8;1453.8;47;11
1453.8;1453.8;50;2
1453.8;1453.8;53;5
1453.8;1453.8;56;8
1453.8;1453.8;47;11
1453.8;1453.8;50;2
1453.8;1453.8;53;5
1453.8;1453.9;56;8
1453.9;1454;47;11
1453.9;1454;50;2
1453.9;1454;53;5
1454;1454;56;8
1454.1;1454.1;47;11
1454.1;1454.1;50;2
1454.1;1454.1;53;5
1454.1;1454.2;56;8
1454.2;1454.5;77;5
1454.2;1454.4;48;0
1454.2;1454.4;53;5
1454.2;1454.4;56;8
1454.5;1454.7;65;5
1454.7;1455.9;68;8
1455.9;1456.5;65;5
1456.5;1458.5;60;0
1456.5;1458.5;72;0
1458.2;1458.5;48;0
1458.2;1458.5;52;4
1458.2;1458.5;58;10
1458.5;1459.2;61;1
1458.5;1459.2;73;1
1459.2;1459.6;60;0
1459.2;1459.6;72;0
1459.6;1460.1;65;5
1460.1;1461.2;77;5
1460.1;1461.2;80;8
1460.1;1461.2;84;0
1460.1;1461.2;89;5
1460.1;1460.5;41;5
1460.5;1460.7;44;8
1460.7;1461;48;0
1461;1461.2;53;5
1461.2;1461.6;56;8
1461.6;1461.7;60;0
1461.7;1462.2;64;4
1461.7;1461.9;53;5
1461.7;1461.9;56;8
1461.9;1462;60;0
1462;1462.1;53;5
1462;1462.1;56;8
1462.1;1462.2;60;0
1462.2;1462.6;65;5
1462.2;1462.4;53;5
1462.2;1462.4;56;8
1462.4;1462.5;60;0
1462.5;1462.6;53;5
1462.5;1462.6;56;8
1462.6;1462.7;67;7
1462.6;1462.7;60;0
1462.7;1462.9;68;8
1462.7;1462.8;53;5
1462.7;1462.8;56;8
1462.8;1462.9;60;0
1462.9;1463.2;71;11
1462.9;1463;53;5
1462.9;1463;56;8
1463;1463.2;60;0
1463.2;1463.3;72;0
1463.2;1463.3;53;5
1463.2;1463.3;56;8
1463.3;1463.4;60;0
1463.3;1463.5;76;4
1463.4;1463.5;53;5
1463.4;1463.5;56;8
1463.5;1463.7;77;5
1463.5;1463.7;60;0
1463.7;1463.9;66;6
1463.7;1463.9;78;6
1463.7;1463.8;53;5
1463.7;1463.8;58;10
1463.8;1463.9;61;1
1463.9;1464.2;65;5
1463.9;1464.2;77;5
1463.9;1464;53;5
1463.9;1464;58;10
1464;1464.2;61;1
1464.2;1464.4;69;9
1464.2;1464.4;81;9
1464.2;1464.3;53;5
1464.2;1464.3;58;10
1464.3;1464.4;61;1
1464.4;1464.7;70;10
1464.4;1464.7;82;10
1464.4;1464.5;53;5
1464.4;1464.5;58;10
1464.5;1464.7;61;1
1464.7;1464.9;72;0
1464.7;1464.9;84;0
1464.7;1464.8;53;5
1464.7;1464.8;55;7
1464.7;1464.8;58;10
1464.8;1464.9;61;1
1464.9;1465.2;73;1
1464.9;1465.2;85;1
1464.9;1465;53;5
1464.9;1465;55;7
1464.9;1465;58;10
1465;1465.2;61;1
1465.2;1465.4;77;5
1465.2;1465.4;89;5
1465.2;1465.3;53;5
1465.2;1465.3;55;7
1465.2;1465.3;58;10
1465.3;1465.4;61;1
1465.4;1465.6;76;4
1465.4;1465.6;88;4
1465.4;1465.5;53;5
1465.4;1465.5;55;7
1465.4;1465.5;58;10
1465.5;1465.6;61;1
1465.6;1466.4;79;7
1465.6;1466.4;91;7
1465.6;1465.8;52;4
1465.6;1465.8;55;7
1465.6;1465.8;58;10
1465.8;1465.9;61;1
1465.9;1466;52;4
1465.9;1466;55;7
1465.9;1466;58;10
1466;1466.1;61;1
1466.1;1466.2;52;4
1466.1;1466.2;55;7
1466.1;1466.2;58;10
1466.2;1466.4;61;1
1466.4;1466.5;70;10
1466.4;1466.5;82;10
1466.4;1466.5;52;4
1466.4;1466.5;55;7
1466.4;1466.5;58;10
1466.5;1466.5;61;1
1466.5;1467.5;73;1
1466.5;1467.5;85;1
1466.5;1466.7;52;4
1466.5;1466.7;55;7
1466.5;1466.7;58;10
1466.7;1466.8;61;1
1466.8;1466.9;52;4
1466.8;1466.9;55;7
1466.8;1466.9;58;10
1466.9;1467;61;1
1467;1467.2;52;4
1467;1467.2;55;7
1467;1467.2;58;10
1467.2;1467.3;61;1
1467.3;1467.4;52;4
1467.3;1467.4;55;7
1467.3;1467.4;58;10
1467.4;1467.5;61;1
1467.5;1467.9;49;1
1467.5;1467.9;53;5
1467.5;1467.9;56;8
1467.5;1467.9;59;11
1467.9;1468.2;68;8
1468.2;1468.9;68;8
1468.9;1469.1;67;7
1469.1;1469.2;65;5
1469.2;1469.7;77;5
1469.7;1470;60;0
1469.7;1469.8;36;0
1469.8;1469.8;48;0
1469.9;1469.9;36;0
1469.9;1470;48;0
1470;1470;36;0
1470;1470.1;48;0
1470.1;1470.2;36;0
1470.2;1470.2;48;0
1470.2;1470.3;36;0
1470.3;1470.3;48;0
1470.4;1470.4;36;0
1470.4;1470.5;48;0
1470.5;1470.5;36;0
1470.5;1470.6;48;0
1470.6;1470.7;36;0
1470.7;1470.7;48;0
1470.7;1471.8;61;1
1470.7;1471.8;73;1
1470.7;1470.8;36;0
1470.8;1470.9;48;0
1470.9;1470.9;36;0
1470.9;1471;48;0
1471;1471.1;36;0
1471.1;1471.1;48;0
1471.1;1471.2;36;0
1471.2;1471.2;48;0
1471.3;1471.3;36;0
1471.3;1471.4;48;0
1471.4;1471.4;36;0
1471.4;1471.5;48;0
1471.5;1471.6;36;0
1471.6;1471.6;48;0
1471.6;1471.7;36;0
1471.7;1471.7;48;0
1471.8;1472.5;60;0
1471.8;1472.5;72;0
1471.8;1471.8;36;0
1471.8;1471.8;48;0
1471.8;1471.9;36;0
1471.9;1471.9;48;0
1472;1472;36;0
1472;1472.1;48;0
1472.1;1472.1;36;0
1472.2;1472.2;48;0
1472.2;1472.3;36;0
1472.3;1472.3;48;0
1472.3;1472.4;36;0
1472.4;1472.4;48;0
1472.5;1472.7;58;10
1472.5;1472.7;70;10
1472.5;1472.5;36;0
1472.5;1472.6;48;0
1472.6;1472.6;36;0
1472.7;1472.7;48;0
1472.7;1473.8;56;8
1472.7;1473.8;68;8
1472.7;1472.8;36;0
1472.8;1472.8;48;0
1472.8;1472.9;36;0
1472.9;1472.9;48;0
1473;1473;36;0
1473;1473.1;48;0
1473.1;1473.1;36;0
1473.2;1473.2;48;0
1473.2;1473.3;36;0
1473.3;1473.3;48;0
1473.3;1473.4;36;0
1473.4;1473.4;48;0
1473.5;1473.5;36;0
1473.5;1473.6;48;0
1473.6;1473.6;36;0
1473.7;1473.7;48;0
1473.8;1475.5;55;7
1473.8;1475.5;67;7
1473.8;1473.8;36;0
1473.8;1473.9;48;0
1473.9;1473.9;36;0
1474;1474;48;0
1474;1474.1;36;0
1474.1;1474.1;48;0
1474.1;1474.2;36;0
1474.2;1474.3;48;0
1474.3;1474.3;36;0
1474.3;1474.4;48;0
1474.4;1474.4;36;0
1474.5;1474.5;48;0
1474.5;1474.6;36;0
1474.6;1474.6;48;0
1474.6;1474.7;36;0
1474.7;1474.8;48;0
1474.8;1474.8;36;0
1474.8;1474.9;48;0
1474.9;1474.9;36;0
1475;1475;48;0
1475;1475.3;36;0
1475.3;1475.4;48;0
1475.4;1475.4;36;0
1475.5;1475.5;48;0
1475.5;1475.8;68;8
1475.5;1475.6;36;0
1475.6;1475.6;48;0
1475.6;1475.7;36;0
1475.7;1475.7;48;0
1475.8;1476.1;70;10
1475.8;1475.8;36;0
1475.8;1475.9;48;0
1475.9;1476;36;0
1476;1476.1;48;0
1476.1;1478.2;68;8
1476.1;1478.2;72;0
1476.1;1478.2;60;0
1476.1;1478.2;65;5
1476.1;1476.2;41;5
1476.2;1476.2;53;5
1476.3;1476.3;41;5
1476.3;1476.4;53;5
1476.4;1476.4;41;5
1476.4;1476.5;53;5
1476.5;1476.6;41;5
1476.6;1476.6;53;5
1476.6;1476.7;41;5
1476.7;1476.7;53;5
1476.8;1476.8;41;5
1476.8;1476.9;53;5
1476.9;1476.9;41;5
1476.9;1477;53;5
1477;1477.1;41;5
1477.1;1477.1;53;5
1477.1;1477.2;41;5
1477.2;1477.3;53;5
1477.3;1477.3;41;5
1477.4;1477.4;53;5
1477.4;1477.5;41;5
1477.5;1477.5;53;5
1477.5;1477.6;41;5
1477.6;1477.7;53;5
1477.7;1477.7;41;5
1477.7;1477.8;53;5
1477.8;1477.9;41;5
1477.9;1477.9;53;5
1478;1478;41;5
1478;1478.1;53;5
1478.1;1478.1;41;5
1478.2;1478.2;53;5
1478.2;1479.7;65;5
1478.2;1478.6;41;5
1478.6;1479.1;53;5
1478.6;1479.1;56;8
1479.1;1480;53;5
1479.1;1480;56;8
1480;1480.5;53;5
1480;1480.5;56;8
1480.2;1480.7;60;0
1480.5;1481;53;5
1480.5;1481;56;8
1480.7;1481.7;60;0
1481;1481.5;53;5
1481;1481.5;56;8
1481.5;1482;53;5
1481.5;1482;56;8
1481.7;1482.5;65;5
1482;1482.5;53;5
1482;1482.5;56;8
1482;1482.5;60;0
1482.5;1482.7;67;7
1482.5;1482.7;53;5
1482.5;1482.7;56;8
1482.5;1482.7;60;0
1482.7;1484.8;68;8
1482.7;1483.7;49;1
1483;1483.5;53;5
1483;1483.5;56;8
1483;1483.5;61;1
1483.5;1484;53;5
1483.5;1484;56;8
1483.5;1484;61;1
1484;1484.5;53;5
1484;1484.5;56;8
1484;1484.5;61;1
1484.5;1484.8;53;5
1484.5;1484.8;56;8
1484.5;1484.8;61;1
1484.8;1485.6;70;10
1484.8;1485.6;46;10
1485;1485.5;61;1
1485;1485.5;65;5
1485;1485.5;53;5
1485.5;1485.8;61;1
1485.5;1485.8;65;5
1485.5;1485.8;53;5
1485.6;1486.3;68;8
1485.8;1486.3;61;1
1485.8;1486.3;65;5
1485.8;1486.3;53;5
1486.3;1486.5;70;10
1486.3;1486.5;61;1
1486.3;1486.5;65;5
1486.3;1486.5;53;5
1486.5;1488.2;72;0
1486.5;1487.5;41;5
1486.8;1487.3;60;0
1486.8;1487.3;65;5
1486.8;1487.3;68;8
1486.8;1487.3;53;5
1487.3;1487.8;60;0
1487.3;1487.8;65;5
1487.3;1487.8;68;8
1487.3;1487.8;53;5
1487.8;1488.5;60;0
1487.8;1488.2;65;5
1487.8;1488.5;68;8
1487.8;1488.5;53;5
1488.2;1488.5;65;5
1488.5;1488.8;56;8
1488.5;1488.8;60;0
1488.5;1488.8;53;5
1488.8;1489.8;65;5
1488.8;1490.8;49;1
1488.8;1490.8;53;5
1488.8;1490.8;46;10
1489.1;1489.6;58;10
1489.1;1489.6;61;1
1489.6;1490.1;58;10
1489.6;1490.1;61;1
1489.8;1490.6;70;10
1490.1;1490.6;61;1
1490.1;1490.6;65;5
1490.6;1490.8;72;0
1490.6;1490.8;61;1
1490.6;1490.8;65;5
1490.8;1491.9;73;1
1490.8;1492.9;49;1
1490.8;1492.9;54;6
1490.8;1492.9;42;6
1491.1;1491.6;61;1
1491.1;1491.6;66;6
1491.1;1491.6;70;10
1491.6;1492.1;61;1
1491.6;1492.1;66;6
1491.6;1492.1;70;10
1491.9;1492.6;72;0
1492.1;1492.6;61;1
1492.1;1492.6;66;6
1492.6;1492.9;70;10
1492.6;1492.9;61;1
1492.6;1492.9;66;6
1492.9;1494;68;8
1492.9;1494;49;1
1492.9;1494;53;5
1493.2;1493.7;61;1
1493.2;1493.7;65;5
1493.7;1494.2;61;1
1493.7;1494.2;65;5
1494;1495;70;10
1494;1495;49;1
1494.2;1494.8;61;1
1494.2;1494.8;65;5
1494.8;1495;61;1
1494.8;1495;65;5
1495;1496;72;0
1495;1495.5;44;8
1495.3;1495.8;63;3
1495.3;1495.8;68;8
1495.5;1496;48;0
1495.8;1496.3;63;3
1495.8;1496.3;68;8
1496;1497.1;75;3
1496;1496.6;51;3
1496.3;1496.8;63;3
1496.3;1496.8;68;8
1496.3;1496.8;72;0
1496.6;1497.1;56;8
1496.8;1497.1;63;3
1496.8;1497.1;68;8
1496.8;1497.1;72;0
1497.1;1498.1;75;3
1497.1;1499.1;63;3
1497.1;1499.1;66;6
1497.1;1499.1;69;9
1497.1;1497.1;38;2
1497.1;1497.2;50;2
1497.2;1497.2;38;2
1497.2;1497.3;50;2
1497.3;1497.4;38;2
1497.4;1497.4;50;2
1497.4;1497.5;38;2
1497.5;1497.5;50;2
1497.6;1497.6;38;2
1497.6;1497.7;50;2
1497.7;1497.7;38;2
1497.7;1497.8;50;2
1497.8;1497.9;38;2
1497.9;1497.9;50;2
1497.9;1498;38;2
1498;1498;50;2
1498.1;1498.9;75;3
1498.1;1498.1;38;2
1498.1;1498.2;50;2
1498.2;1498.2;38;2
1498.2;1498.3;50;2
1498.3;1498.4;38;2
1498.4;1498.4;50;2
1498.4;1498.5;38;2
1498.5;1498.5;50;2
1498.6;1498.6;38;2
1498.6;1498.7;50;2
1498.7;1498.8;38;2
1498.8;1498.8;50;2
1498.9;1499.1;75;3
1498.9;1498.9;38;2
1498.9;1499;50;2
1499;1499;38;2
1499.1;1499.1;50;2
1499.1;1499.9;74;2
1499.1;1500.1;62;2
1499.1;1500.1;66;6
1499.1;1500.1;69;9
1499.1;1499.2;38;2
1499.2;1499.2;50;2
1499.2;1499.3;38;2
1499.3;1499.3;50;2
1499.4;1499.4;38;2
1499.4;1499.5;50;2
1499.5;1499.5;38;2
1499.6;1499.6;50;2
1499.6;1499.7;38;2
1499.7;1499.7;50;2
1499.7;1499.8;38;2
1499.8;1499.8;50;2
1499.9;1500.1;72;0
1499.9;1499.9;38;2
1499.9;1500;50;2
1500;1500;38;2
1500.1;1500.1;50;2
1500.1;1501.1;70;10
1500.1;1501.1;63;3
1500.1;1501.1;67;7
1500.1;1500.2;38;2
1500.2;1500.2;50;2
1500.2;1500.3;38;2
1500.3;1500.3;50;2
1500.4;1500.4;38;2
1500.4;1500.5;50;2
1500.5;1500.5;38;2
1500.6;1500.6;50;2
1500.6;1500.7;38;2
1500.7;1500.7;50;2
1500.7;1500.8;38;2
1500.8;1500.8;50;2
1500.9;1500.9;38;2
1500.9;1501;50;2
1501;1501;38;2
1501.1;1501.1;50;2
1501.1;1502.7;69;9
1501.1;1502.2;63;3
1501.1;1502.2;66;6
1501.1;1501.2;38;2
1501.2;1501.3;50;2
1501.3;1501.3;38;2
1501.4;1501.4;50;2
1501.4;1501.5;38;2
1501.5;1501.5;50;2
1501.5;1501.6;38;2
1501.6;1501.7;50;2
1501.7;1501.7;38;2
1501.7;1501.8;50;2
1501.8;1501.8;38;2
1501.9;1501.9;50;2
1501.9;1502;38;2
1502;1502;50;2
1502;1502.1;38;2
1502.1;1502.2;50;2
1502.2;1502.7;60;0
1502.2;1502.7;63;3
1502.2;1502.2;38;2
1502.2;1502.3;50;2
1502.3;1502.3;38;2
1502.4;1502.4;50;2
1502.4;1502.5;38;2
1502.5;1502.5;50;2
1502.5;1502.6;38;2
1502.6;1502.7;50;2
1502.7;1502.9;67;7
1502.7;1502.9;70;10
1502.7;1503.2;63;3
1502.7;1502.7;38;2
1502.7;1502.8;50;2
1502.8;1502.8;38;2
1502.9;1502.9;50;2
1502.9;1503.2;69;9
1502.9;1503.2;72;0
1502.9;1503;38;2
1503;1503;50;2
1503;1503.1;38;2
1503.1;1503.2;50;2
1503.2;1505.4;62;2
1503.2;1505.4;67;7
1503.2;1505.4;70;10
1503.2;1505.4;74;2
1503.2;1503.3;43;7
1503.3;1503.4;55;7
1503.4;1503.4;43;7
1503.5;1503.5;55;7
1503.5;1503.6;43;7
1503.6;1503.6;55;7
1503.6;1503.7;43;7
1503.7;1503.8;55;7
1503.8;1503.8;43;7
1503.8;1503.9;55;7
1503.9;1503.9;43;7
1504;1504;55;7
1504;1504.1;43;7
1504.1;1504.1;55;7
1504.1;1504.2;43;7
1504.2;1504.3;55;7
1504.3;1504.3;43;7
1504.3;1504.4;55;7
1504.4;1504.4;43;7
1504.5;1504.5;55;7
1504.5;1504.6;43;7
1504.6;1504.6;55;7
1504.6;1504.7;43;7
1504.7;1504.8;55;7
1504.8;1504.8;43;7
1504.8;1504.9;55;7
1504.9;1504.9;43;7
1505;1505;55;7
1505.1;1505.2;43;7
1505.2;1505.2;55;7
1505.2;1505.3;43;7
1505.3;1505.4;55;7
1505.4;1506.4;67;7
1505.4;1505.6;43;7
1505.6;1506.1;55;7
1505.6;1506.1;58;10
1506.1;1506.6;55;7
1506.1;1506.6;58;10
1506.6;1507.3;55;7
1506.6;1507.3;58;10
1506.9;1507.6;62;2
1507.3;1507.7;55;7
1507.3;1507.7;58;10
1507.6;1508.4;62;2
1507.7;1508.2;55;7
1507.7;1508.2;58;10
1508.2;1508.7;55;7
1508.2;1508.7;58;10
1508.4;1509.2;67;7
1508.7;1509.2;62;2
1508.7;1509.2;55;7
1508.7;1509.2;58;10
1509.2;1509.4;69;9
1509.2;1509.4;62;2
1509.2;1509.4;55;7
1509.2;1509.4;58;10
1509.4;1511.1;70;10
1509.4;1510.4;51;3
1509.7;1510.2;63;3
1509.7;1510.2;67;7
1509.7;1510.2;55;7
1509.7;1510.2;58;10
1510.2;1510.7;63;3
1510.2;1510.7;67;7
1510.2;1510.7;55;7
1510.2;1510.7;58;10
1510.7;1511.3;63;3
1510.7;1511.3;67;7
1510.7;1511.3;55;7
1510.7;1511.3;58;10
1511.1;1511.6;69;9
1511.3;1511.6;63;3
1511.3;1511.6;67;7
1511.3;1511.6;55;7
1511.3;1511.6;58;10
1511.6;1512.6;72;0
1511.6;1512.6;48;0
1511.8;1512.3;60;0
1511.8;1512.3;63;3
1511.8;1512.3;68;8
1511.8;1512.3;51;3
1511.8;1512.3;56;8
1512.3;1512.9;60;0
1512.3;1512.9;63;3
1512.3;1512.9;68;8
1512.3;1512.9;51;3
1512.3;1512.9;56;8
1512.6;1513.4;70;10
1512.9;1513.4;60;0
1512.9;1513.4;63;3
1512.9;1513.4;51;3
1512.9;1513.4;56;8
1513.4;1513.7;68;8
1513.4;1513.7;60;0
1513.4;1513.7;63;3
1513.4;1513.7;51;3
1513.4;1513.7;56;8
1513.7;1514.7;67;7
1513.7;1515.8;47;11
1513.9;1514.4;62;2
1513.9;1514.4;65;5
1513.9;1514.4;53;5
1513.9;1514.4;55;7
1514.4;1514.9;62;2
1514.4;1514.9;65;5
1514.4;1514.9;53;5
1514.4;1514.9;55;7
1514.9;1515.5;62;2
1514.9;1515.5;65;5
1514.9;1515.5;53;5
1514.9;1515.5;55;7
1515.3;1515.8;67;7
1515.5;1515.8;62;2
1515.5;1515.8;65;5
1515.5;1515.8;53;5
1515.5;1515.8;55;7
1515.8;1516.5;75;3
1515.8;1516.7;48;0
1516;1516.5;63;3
1516;1516.5;67;7
1516;1516.5;51;3
1516;1516.5;55;7
1516;1516.5;60;0
1516.5;1516.7;74;2
1516.5;1517;63;3
1516.5;1517;67;7
1516.5;1517;51;3
1516.5;1517;55;7
1516.5;1517;60;0
1516.7;1517.7;72;0
1517;1517.5;63;3
1517;1517.5;67;7
1517;1517.5;51;3
1517;1517.5;55;7
1517;1517.5;60;0
1517.5;1517.7;63;3
1517.5;1517.7;67;7
1517.5;1517.7;51;3
1517.5;1517.7;55;7
1517.5;1517.7;60;0
1517.7;1519.2;70;10
1517.7;1518.7;50;2
1518;1518.5;53;5
1518;1518.5;56;8
1518;1518.5;58;10
1518.5;1519;53;5
1518.5;1519;56;8
1518.5;1519;58;10
1519;1519.6;53;5
1519;1519.6;56;8
1519;1519.6;58;10
1519.2;1520;71;11
1519.6;1520;53;5
1519.6;1520;56;8
1520;1521.2;72;0
1520;1521.2;46;10
1520.5;1521;53;5
1520.5;1521;56;8
1520.5;1521;58;10
1521;1521.5;53;5
1521;1521.5;56;8
1521;1521.5;58;10
1521.2;1522.2;74;2
1521.2;1521.7;70;10
1521.5;1522;53;5
1521.5;1522;56;8
1521.5;1522;58;10
1521.7;1522.2;68;8
1522;1522.2;53;5
1522;1522.2;56;8
1522;1522.2;58;10
1522.2;1524.4;75;3
1522.2;1523.2;67;7
1522.2;1523.2;51;3
1522.5;1523;55;7
1522.5;1523;58;10
1523;1523.5;55;7
1523;1523.5;58;10
1523.5;1524;55;7
1523.5;1524;58;10
1523.8;1524.4;67;7
1524;1524.4;55;7
1524;1524.4;58;10
1524.4;1526.3;79;7
1524.4;1525.8;67;7
1524.4;1525.3;50;2
1524.7;1525.2;53;5
1524.7;1525.2;55;7
1524.7;1525.2;59;11
1525.2;1525.6;53;5
1525.2;1525.6;55;7
1525.2;1525.6;59;11
1525.6;1526;53;5
1525.6;1526;55;7
1525.6;1526;59;11
1525.8;1526;69;9
1526;1526.3;71;11
1526;1526.3;53;5
1526;1526.3;55;7
1526;1526.3;59;11
1526.3;1527.3;72;0
1526.3;1527.3;84;0
1526.3;1527.3;48;0
1526.5;1527;51;3
1526.5;1527;55;7
1526.5;1527;60;0
1527;1527.5;51;3
1527;1527.5;55;7
1527;1527.5;60;0
1527.3;1528.2;72;0
1527.5;1527.9;51;3
1527.5;1527.9;55;7
1527.5;1527.9;60;0
1527.9;1528.2;51;3
1527.9;1528.2;55;7
1527.9;1528.2;60;0
1528.2;1529.3;72;0
1528.2;1529.3;84;0
1528.2;1528.5;52;4
1528.5;1529;58;10
1528.5;1529;60;0
1528.5;1529;67;7
1529;1529.5;58;10
1529;1529.5;60;0
1529;1529.5;67;7
1529.3;1530;72;0
1529.3;1530;84;0
1529.5;1530;58;10
1529.5;1530;60;0
1529.5;1530;67;7
1530;1530.3;70;10
1530;1530.3;82;10
1530;1530.3;58;10
1530;1530.3;60;0
1530;1530.3;67;7
1530.3;1531.3;70;10
1530.3;1531.3;82;10
1530.3;1531.3;53;5
1530.5;1531;58;10
1530.5;1531;60;0
1530.5;1531;65;5
1531;1531.5;58;10
1531;1531.5;60;0
1531;1531.5;65;5
1531.3;1532.4;68;8
1531.3;1532.4;80;8
1531.5;1532.1;56;8
1531.5;1532.1;60;0
1531.5;1532.1;65;5
1532.1;1532.4;56;8
1532.1;1532.4;60;0
1532.1;1532.4;65;5
1532.4;1533.9;73;1
1532.4;1533.9;85;1
1532.4;1532.5;53;5
1532.4;1532.5;56;8
1532.4;1532.5;61;1
1532.5;1532.6;65;5
1532.6;1532.7;53;5
1532.6;1532.7;56;8
1532.6;1532.7;61;1
1532.7;1532.9;65;5
1532.9;1533;53;5
1532.9;1533;56;8
1532.9;1533;61;1
1533;1533.1;65;5
1533.1;1533.3;53;5
1533.1;1533.3;56;8
1533.1;1533.3;61;1
1533.3;1533.4;65;5
1533.4;1533.5;53;5
1533.4;1533.5;56;8
1533.4;1533.5;61;1
1533.5;1533.7;65;5
1533.7;1533.8;53;5
1533.7;1533.8;56;8
1533.7;1533.8;61;1
1533.8;1533.9;65;5
1533.9;1534.5;72;0
1533.9;1534.5;84;0
1533.9;1534.1;53;5
1533.9;1534.1;56;8
1533.9;1534.1;61;1
1534.1;1534.2;65;5
1534.2;1534.4;53;5
1534.2;1534.4;56;8
1534.2;1534.4;61;1
1534.4;1534.5;65;5
1534.5;1535.3;70;10
1534.5;1535.3;82;10
1534.5;1535;53;5
1534.5;1535;56;8
1534.5;1535;61;1
1535.3;1535.5;68;8
1535.3;1535.5;80;8
1535.5;1536.5;67;7
1535.5;1536.5;79;7
1536.5;1537;65;5
1536.5;1537;77;5
1537;1538;63;3
1537;1538;75;3
1538;1539;61;1
1538;1539;73;1
1539;1539.4;61;1
1539;1539.4;73;1
1539.4;1540.4;60;0
1539.4;1540.4;72;0
1539.4;1539.4;36;0
1539.4;1539.5;48;0
1539.5;1539.5;36;0
1539.5;1539.6;48;0
1539.6;1539.7;36;0
1539.7;1539.7;48;0
1539.7;1539.8;36;0
1539.8;1539.8;48;0
1539.9;1539.9;36;0
1539.9;1540;48;0
1540;1540;36;0
1540;1540.1;48;0
1540.1;1540.2;36;0
1540.2;1540.2;48;0
1540.2;1540.3;36;0
1540.3;1540.3;48;0
1540.4;1540.5;60;0
1540.4;1540.4;36;0
1540.4;1540.5;48;0
1540.5;1540.6;62;2
1540.5;1540.5;36;0
1540.5;1540.6;48;0
1540.6;1540.7;64;4
1540.6;1540.7;36;0
1540.7;1540.8;65;5
1540.7;1540.7;48;0
1540.7;1540.8;36;0
1540.8;1540.8;67;7
1540.8;1540.8;48;0
1540.8;1540.8;68;8
1540.8;1540.8;36;0
1540.8;1540.8;48;0
1540.8;1540.9;70;10
1540.8;1540.9;36;0
1540.9;1540.9;48;0
1540.9;1541;72;0
1541;1541;36;0
1541;1541.1;73;1
1541;1541.1;48;0
1541.1;1541.1;36;0
1541.1;1541.2;74;2
1541.2;1541.2;48;0
1541.2;1543;63;3
1541.2;1543;75;3
1541.2;1543.8;48;0
1541.2;1543.8;51;3
1541.2;1543.8;56;8
1543;1543.3;62;2
1543;1543.3;74;2
1543.3;1544.2;60;0
1543.3;1544.2;72;0
1544.2;1544.9;70;10
1544.2;1544.9;58;10
1544.9;1545.1;68;8
1544.9;1545.1;56;8
1545.1;1546.4;67;7
1545.1;1546.4;55;7
1546.4;1546.6;65;5
1546.4;1546.6;53;5
1546.6;1547;63;3
1546.6;1547;51;3
1547;1547.1;62;2
1547;1547.1;50;2
1547.1;1547.6;61;1
1547.1;1547.6;49;1
1547.6;1548.1;67;7
1547.6;1548.1;48;0
1547.6;1548.1;60;0
1548.1;1548.3;70;10
1548.1;1548.3;46;10
1548.1;1548.3;58;10
1548.3;1548.8;61;1
1548.3;1548.8;73;1
1548.3;1548.8;44;8
1548.3;1548.8;56;8
1548.8;1551.2;65;5
1548.8;1551.2;77;5
1548.8;1549.1;43;7
1548.8;1549.1;55;7
1549.1;1549.6;41;5
1549.1;1549.6;53;5
1549.6;1550.1;39;3
1549.6;1550.1;51;3
1550.1;1550.5;37;1
1550.1;1550.5;49;1
1550.5;1550.9;36;0
1550.5;1550.9;48;0
1550.9;1551.4;34;10
1550.9;1551.4;46;10
1551.2;1551.4;61;1
1551.2;1551.4;73;1
1551.4;1552.3;58;10
1551.4;1552.3;70;10
1551.4;1551.9;32;8
1551.4;1551.9;44;8
1551.9;1552.3;31;7
1551.9;1552.3;43;7
1552.3;1553.9;60;0
1552.3;1553.9;72;0
1552.3;1552.4;36;0
1552.4;1552.4;48;0
1552.5;1552.5;36;0
1552.5;1552.6;48;0
1552.6;1552.6;36;0
1552.6;1552.7;48;0
1552.7;1552.8;36;0
1552.8;1552.8;48;0
1552.8;1552.9;36;0
1552.9;1552.9;48;0
1553;1553;36;0
1553;1553.1;48;0
1553.1;1553.1;36;0
1553.1;1553.2;48;0
1553.2;1553.2;36;0
1553.2;1553.2;48;0
1553.2;1553.2;36;0
1553.3;1553.3;48;0
1553.3;1553.4;36;0
1553.4;1553.4;48;0
1553.4;1553.5;36;0
1553.5;1553.6;48;0
1553.6;1553.6;36;0
1553.6;1553.7;48;0
1553.7;1553.7;36;0
1553.8;1553.8;48;0
1553.8;1553.8;36;0
1553.8;1553.8;48;0
1553.8;1553.8;36;0
1553.8;1553.8;48;0
1553.8;1553.9;36;0
1553.9;1553.9;48;0
1553.9;1555.4;60;0
1553.9;1555.4;72;0
1553.9;1554.2;36;0
1555.7;1555.9;60;0
1555.7;1555.9;72;0
1555.9;1556.4;65;5
1556.4;1557.2;80;8
1556.4;1557.2;83;11
1556.4;1557.2;86;2
1556.4;1557.2;92;8
1556.4;1556.7;41;5
1556.4;1556.7;53;5
1556.7;1556.9;44;8
1556.9;1557.2;47;11
1557.2;1557.2;50;2
1557.2;1557.5;62;2
1557.2;1557.4;53;5
1557.4;1557.7;56;8
1557.5;1557.7;65;5
1557.7;1557.9;67;7
1557.7;1557.9;53;5
1557.7;1557.9;59;11
1557.7;1557.9;62;2
1557.9;1558.1;68;8
1558.1;1558.3;71;11
1558.3;1558.6;74;2
1558.6;1558.8;77;5
1558.8;1559;80;8
1559;1559.3;83;11
1559.3;1559.5;86;2
1559.5;1559.6;91;7
1559.5;1559.5;41;5
1559.6;1559.8;89;5
1559.8;1559.9;88;4
1559.8;1560.7;53;5
1559.8;1560.7;58;10
1559.8;1560.7;61;1
1559.8;1560.7;64;4
1559.9;1560;85;1
1560;1560.1;82;10
1560.1;1560.3;80;8
1560.3;1560.6;79;7
1560.6;1560.7;77;5
1560.7;1560.8;76;4
1560.8;1560.9;73;1
1560.9;1561;70;10
1561;1561;67;7
1561;1561.4;78;6
1561;1561.3;41;5
1561.4;1561.5;77;5
1561.5;1561.6;75;3
1561.5;1562.5;53;5
1561.5;1562.5;57;9
1561.5;1562.5;60;0
1561.5;1562.5;63;3
1561.6;1561.8;72;0
1561.8;1561.9;70;10
1561.9;1562;69;9
1562;1562.3;66;6
1562.3;1562.5;65;5
1562.5;1562.6;63;3
1562.6;1562.7;61;1
1562.7;1562.8;60;0
1562.8;1563;58;10
1563;1566;54;6
1563;1566;57;9
1563;1565.8;61;1
1563;1563;41;5
1563;1563.1;51;3
1563.1;1563.2;41;5
1563.2;1563.4;51;3
1563.4;1563.5;41;5
1563.5;1563.6;51;3
1563.6;1563.7;41;5
1563.7;1563.9;51;3
1563.9;1564;41;5
1564;1564.1;51;3
1564.1;1564.2;41;5
1564.2;1564.4;51;3
1564.4;1564.5;41;5
1564.5;1564.5;51;3
1564.5;1564.6;41;5
1564.6;1564.8;51;3
1564.8;1564.9;41;5
1564.9;1565;51;3
1565;1565.1;41;5
1565.1;1565.3;51;3
1565.3;1565.4;41;5
1565.4;1565.5;51;3
1565.5;1565.6;41;5
1565.6;1565.8;51;3
1565.8;1566;60;0
1565.8;1565.9;41;5
1565.9;1565.9;51;3
1565.9;1565.9;41;5
1565.9;1566;51;3
1566;1566.2;75;3
1566;1566.2;41;5
1566.2;1566.5;77;5
1566.5;1567.5;78;6
1566.5;1566.6;57;9
1566.5;1566.6;60;0
1566.6;1566.7;63;3
1566.7;1566.9;57;9
1566.7;1566.9;60;0
1566.9;1567;63;3
1567;1567.1;57;9
1567;1567.1;60;0
1567.1;1567.2;63;3
1567.2;1567.4;57;9
1567.2;1567.4;60;0
1567.4;1567.5;63;3
1567.5;1568;66;6
1567.5;1567.6;57;9
1567.5;1567.6;60;0
1567.6;1567.7;63;3
1567.7;1567.8;57;9
1567.7;1567.8;60;0
1567.8;1568;63;3
1568;1568.1;57;9
1568;1568.1;60;0
1568.1;1568.2;63;3
1568.2;1568.4;66;6
1568.2;1568.3;57;9
1568.2;1568.3;60;0
1568.3;1568.4;63;3
1568.4;1569.7;66;6
1568.4;1568.5;57;9
1568.4;1568.5;60;0
1568.5;1568.6;63;3
1568.6;1568.8;57;9
1568.6;1568.8;60;0
1568.8;1568.9;63;3
1568.9;1569;57;9
1568.9;1569;60;0
1569;1569.1;63;3
1569.1;1569.3;57;9
1569.1;1569.3;60;0
1569.3;1569.4;63;3
1569.4;1569.4;57;9
1569.4;1569.4;60;0
1569.4;1569.6;63;3
1569.6;1569.6;57;9
1569.6;1569.6;60;0
1569.6;1569.7;63;3
1569.7;1570;65;5
1569.7;1569.7;57;9
1569.7;1569.7;60;0
1569.7;1569.8;63;3
1569.8;1569.9;57;9
1569.8;1569.9;60;0
1569.9;1570;63;3
1570;1571;72;0
1570;1570.1;57;9
1570;1570.1;60;0
1570.1;1570.3;63;3
1570.3;1570.4;57;9
1570.3;1570.4;60;0
1570.4;1570.5;63;3
1570.5;1570.6;57;9
1570.5;1570.6;60;0
1570.6;1570.8;63;3
1570.8;1570.9;57;9
1570.8;1570.9;60;0
1570.9;1571;63;3
1571;1571.7;72;0
1571;1571.1;57;9
1571;1571.1;60;0
1571.1;1571.2;63;3
1571.2;1571.3;57;9
1571.2;1571.3;60;0
1571.3;1571.5;63;3
1571.5;1571.6;57;9
1571.5;1571.6;60;0
1571.6;1571.7;63;3
1571.7;1572;74;2
1571.7;1571.8;57;9
1571.7;1571.8;60;0
1571.8;1572;63;3
1572;1573.2;63;3
1572;1573.2;69;9
1572;1573.2;72;0
1572;1573.2;75;3
1572;1572;48;0
1572;1573.7;42;6
1572;1572.1;51;3
1572.1;1572.2;48;0
1572.2;1572.3;51;3
1572.3;1572.4;48;0
1572.4;1572.5;51;3
1572.5;1572.7;48;0
1572.7;1572.8;51;3
1572.8;1572.9;48;0
1572.9;1573;51;3
1573;1573.1;48;0
1573.1;1573.2;51;3
1573.2;1573.3;48;0
1573.3;1573.4;51;3
1573.4;1573.5;48;0
1573.5;1573.7;51;3
1573.7;1574.6;63;3
1573.7;1573.8;60;0
1573.7;1575.5;43;7
1573.7;1575.5;51;3
1573.8;1573.9;57;9
1573.9;1574;60;0
1574;1574.2;57;9
1574.2;1574.3;60;0
1574.3;1574.4;57;9
1574.4;1574.5;60;0
1574.5;1574.6;57;9
1574.6;1575.3;63;3
1574.6;1574.7;58;10
1574.7;1574.8;55;7
1574.8;1574.9;58;10
1574.9;1575;55;7
1575;1575.2;58;10
1575.2;1575.3;55;7
1575.3;1575.5;62;2
1575.3;1575.4;58;10
1575.4;1575.5;55;7
1575.5;1576;57;9
1575.5;1576;62;2
1575.5;1576;69;9
1575.5;1575.6;42;6
1575.5;1575.6;45;9
1575.6;1575.7;50;2
1575.7;1575.9;42;6
1575.7;1575.9;45;9
1575.9;1576;50;2
1576;1576.1;42;6
1576;1576.1;45;9
1576.1;1576.2;50;2
1576.2;1576.4;42;6
1576.2;1576.4;45;9
1576.4;1576.5;58;10
1576.4;1576.5;50;2
1576.5;1576.9;57;9
1576.5;1576.6;42;6
1576.5;1576.6;45;9
1576.6;1576.6;50;2
1576.6;1576.6;42;6
1576.6;1576.6;45;9
1576.6;1576.7;50;2
1576.7;1576.8;42;6
1576.7;1576.8;45;9
1576.8;1576.9;50;2
1576.9;1576.9;42;6
1576.9;1576.9;45;9
1576.9;1577.1;58;10
1576.9;1577.1;70;10
1576.9;1577.1;50;2
1577.1;1577.8;57;9
1577.1;1577.8;69;9
1577.1;1577.2;42;6
1577.1;1577.2;45;9
1577.2;1577.3;50;2
1577.3;1577.4;42;6
1577.3;1577.4;45;9
1577.4;1577.6;50;2
1577.6;1577.7;42;6
1577.6;1577.7;45;9
1577.7;1577.8;50;2
1577.8;1577.8;42;6
1577.8;1577.8;45;9
1577.8;1577.8;70;10
1577.8;1577.8;82;10
1577.8;1577.8;50;2
1577.8;1578.3;69;9
1577.8;1578.3;81;9
1577.8;1577.9;42;6
1577.8;1577.9;45;9
1577.9;1578.1;50;2
1578.1;1578.2;42;6
1578.1;1578.2;45;9
1578.2;1578.3;50;2
1578.3;1578.8;62;2
1578.3;1578.4;42;6
1578.3;1578.4;45;9
1578.4;1578.6;50;2
1578.6;1578.7;42;6
1578.6;1578.7;45;9
1578.7;1578.8;50;2
1578.8;1580.2;57;9
1578.8;1580.2;69;9
1578.8;1578.9;42;6
1578.8;1578.9;45;9
1578.9;1579.1;50;2
1579.1;1579.2;42;6
1579.1;1579.2;45;9
1579.2;1579.3;50;2
1579.3;1579.4;42;6
1579.3;1579.4;45;9
1579.4;1579.6;50;2
1579.6;1579.7;42;6
1579.6;1579.7;45;9
1579.7;1579.8;50;2
1579.8;1579.9;42;6
1579.8;1579.9;45;9
1579.9;1580.1;50;2
1580.1;1580.2;42;6
1580.1;1580.2;45;9
1580.2;1580.2;50;2
1580.2;1580.2;62;2
1580.2;1580.2;42;6
1580.2;1580.2;45;9
1580.2;1580.2;50;2
1580.2;1580.3;62;2
1580.2;1580.2;42;6
1580.2;1580.2;45;9
1580.2;1580.3;50;2
1580.3;1581.7;57;9
1580.3;1581.7;69;9
1580.3;1580.4;42;6
1580.3;1580.4;45;9
1580.4;1580.5;50;2
1580.5;1580.6;42;6
1580.5;1580.6;45;9
1580.6;1580.8;50;2
1580.8;1580.9;42;6
1580.8;1580.9;45;9
1580.9;1581;50;2
1581;1581.1;42;6
1581;1581.1;45;9
1581.1;1581.3;50;2
1581.3;1581.4;42;6
1581.3;1581.4;45;9
1581.4;1581.5;50;2
1581.5;1581.6;42;6
1581.5;1581.6;45;9
1581.6;1581.7;50;2
1581.7;1581.8;42;6
1581.7;1581.8;45;9
1581.8;1581.9;50;2
1581.9;1581.9;42;6
1581.9;1581.9;45;9
1581.9;1582;50;2
1582;1582.5;62;2
1582;1582.5;74;2
1582;1582.1;42;6
1582;1582.1;45;9
1582.1;1582.2;50;2
1582.2;1582.3;42;6
1582.2;1582.3;45;9
1582.3;1582.5;50;2
1582.5;1582.5;42;6
1582.5;1582.5;45;9
1582.5;1582.5;50;2
1582.5;1582.8;62;2
1582.5;1582.6;42;6
1582.5;1582.6;45;9
1582.6;1582.8;50;2
1582.8;1583.7;62;2
1582.8;1582.8;42;6
1582.8;1582.8;45;9
1582.8;1582.9;50;2
1582.9;1583.1;42;6
1582.9;1583.1;45;9
1583.1;1583.2;50;2
1583.2;1583.3;42;6
1583.2;1583.3;45;9
1583.3;1583.4;50;2
1583.4;1583.5;42;6
1583.4;1583.5;45;9
1583.5;1583.7;50;2
1583.7;1584.6;57;9
1583.7;1584.6;69;9
1583.7;1583.7;42;6
1583.7;1583.7;45;9
1583.7;1583.9;50;2
1583.9;1584;42;6
1583.9;1584;45;9
1584;1584.1;50;2
1584.1;1584.2;42;6
1584.1;1584.2;45;9
1584.2;1584.4;50;2
1584.4;1584.5;42;6
1584.4;1584.5;45;9
1584.5;1584.6;50;2
1584.6;1584.7;42;6
1584.6;1584.7;45;9
1584.7;1584.9;50;2
1584.9;1585;42;6
1584.9;1585;45;9
1585;1585.1;50;2
1585.1;1585.4;57;9
1585.1;1585.4;69;9
1585.1;1585.2;42;6
1585.1;1585.2;45;9
1585.2;1585.3;50;2
1585.3;1585.3;42;6
1585.3;1585.3;45;9
1585.3;1585.4;50;2
1585.4;1586.2;58;10
1585.4;1586.2;70;10
1585.4;1585.5;50;2
1585.4;1586.4;41;5
1585.5;1585.7;53;5
1585.7;1585.8;50;2
1585.8;1585.9;53;5
1585.9;1586;50;2
1586;1586.1;53;5
1586.1;1586.1;50;2
1586.1;1586.2;53;5
1586.2;1586.6;65;5
1586.2;1586.2;50;2
1586.2;1586.2;53;5
1586.2;1586.2;50;2
1586.2;1586.4;53;5
1586.4;1586.5;50;2
1586.4;1586.9;43;7
1586.5;1586.6;53;5
1586.6;1586.9;62;2
1586.6;1586.7;50;2
1586.7;1586.9;53;5
1586.9;1588.6;57;9
1586.9;1588.6;69;9
1586.9;1587;49;1
1586.9;1588.6;45;9
1587;1587.1;52;4
1587.1;1587.2;49;1
1587.2;1587.4;52;4
1587.4;1587.5;49;1
1587.5;1587.6;52;4
1587.6;1587.7;49;1
1587.7;1587.9;52;4
1587.9;1588;49;1
1588;1588.1;52;4
1588.1;1588.2;49;1
1588.2;1588.4;52;4
1588.4;1588.5;49;1
1588.5;1588.5;52;4
1588.5;1588.5;49;1
1588.5;1588.6;52;4
1588.6;1589.5;62;2
1588.6;1589.5;70;10
1588.6;1589.5;58;10
1588.6;1590;41;5
1588.6;1590;53;5
1589.5;1590.1;62;2
1589.5;1590.1;65;5
1589.5;1590.2;58;10
1590;1590.2;43;7
1590;1590.2;50;2
1590;1590.2;53;5
1590.1;1590.2;62;2
1590.2;1591.7;57;9
1590.2;1591.7;69;9
1590.2;1591;45;9
1590.2;1591;49;1
1590.2;1591;52;4
1591;1591.2;43;7
1591;1591.2;55;7
1591.2;1591.7;41;5
1591.2;1591.7;53;5
1591.7;1591.7;40;4
1591.7;1591.7;52;4
1591.7;1592;38;2
1591.7;1592;50;2
1592;1592.5;69;9
1592;1592.5;36;0
1592;1592.5;48;0
1592.5;1593.4;72;0
1592.5;1593;63;3
1592.5;1593;66;6
1592.5;1593;35;11
1592.5;1593;47;11
1593.4;1593.9;69;9
1593.9;1594.3;72;0
1593.9;1594.1;64;4
1593.9;1594.1;67;7
1593.9;1594.1;35;11
1593.9;1594.1;47;11
1594.3;1594.3;67;7
1594.3;1594.6;69;9
1594.6;1595.7;71;11
1594.6;1595;63;3
1594.6;1595;66;6
1594.6;1595.1;47;11
1594.6;1595.1;59;11
1595.1;1595.4;45;9
1595.1;1595.4;57;9
1595.4;1595.7;43;7
1595.4;1595.7;55;7
1595.7;1595.9;59;11
1595.7;1595.9;62;2
1595.7;1595.9;42;6
1595.7;1595.9;54;6
1595.9;1596.4;71;11
1595.9;1596.4;40;4
1595.9;1596.4;52;4
1596.4;1596.9;71;11
1596.4;1596.9;38;2
1596.4;1596.9;50;2
1596.9;1597.6;76;4
1596.9;1597.4;64;4
1596.9;1597.4;67;7
1596.9;1597.4;36;0
1596.9;1597.4;48;0
1597.6;1597.8;74;2
1597.8;1598.2;72;0
1598.2;1598.3;74;2
1598.3;1598.8;72;0
1598.3;1598.8;64;4
1598.3;1598.8;68;8
1598.3;1598.8;40;4
1598.3;1598.8;52;4
1598.8;1599.3;71;11
1599.3;1599.4;68;8
1599.4;1599.7;69;9
1599.4;1601;57;9
1599.7;1599.9;61;1
1599.8;1599.9;64;4
1599.9;1600.2;62;2
1600;1600.2;65;5
1600.2;1600.4;64;4
1600.3;1600.4;67;7
1600.4;1600.5;62;2
1600.5;1600.5;67;7
1600.5;1600.5;70;10
1600.5;1600.6;61;1
1600.6;1600.6;69;9
1600.6;1600.8;64;4
1600.6;1600.8;70;10
1600.8;1601;67;7
1600.9;1601;73;1
1601;1601.1;63;3
1601;1601.7;57;9
1601.1;1601.1;66;6
1601.1;1601.1;72;0
1601.1;1601.3;66;6
1601.1;1601.3;69;9
1601.3;1601.5;63;3
1601.4;1601.5;71;11
1601.5;1601.7;66;6
1601.6;1601.7;72;0
1601.7;1601.9;69;9
1601.8;1601.9;76;4
1601.9;1602.2;66;6
1602;1602.2;72;0
1602.2;1602.4;69;9
1602.3;1602.4;75;3
1602.4;1602.7;72;0
1602.5;1602.7;78;6
1602.7;1602.9;73;1
1602.7;1602.9;79;7
1602.7;1602.9;57;9
1602.7;1602.9;64;4
1602.7;1602.9;67;7
1602.9;1603.2;70;10
1603;1603.2;76;4
1603.2;1603.4;67;7
1603.3;1603.4;82;10
1603.4;1603.6;64;4
1603.5;1603.6;79;7
1603.6;1603.8;61;1
1603.6;1603.8;76;4
1603.8;1604;64;4
1603.9;1604;73;1
1604;1604.2;57;9
1604.1;1604.2;67;7
1604.2;1604.5;61;1
1604.3;1604.5;64;4
1604.5;1605.1;58;10
1604.7;1605;62;2
1605;1605.1;65;5
1605.1;1605.4;62;2
1605.4;1605.7;65;5
1605.6;1605.7;62;2
1605.7;1605.8;70;10
1605.7;1605.8;64;4
1605.8;1605.9;65;5
1605.9;1606.4;67;7
1606.1;1606.4;70;10
1606.4;1606.6;74;2
1606.4;1606.6;65;5
1606.6;1606.7;67;7
1606.7;1607.1;69;9
1606.8;1607.1;73;1
1607.1;1607.2;67;7
1607.1;1607.2;76;4
1607.1;1607.4;57;9
1607.2;1607.4;64;4
1607.4;1608.2;62;2
1607.7;1607.9;69;9
1607.7;1607.9;72;0
1607.9;1608.2;66;6
1607.9;1608.2;74;2
1608.2;1608.4;66;6
1608.4;1608.9;69;9
1608.7;1608.9;66;6
1608.9;1609;72;0
1608.9;1609;67;7
1609;1609.1;69;9
1609.1;1609.6;70;10
1609.3;1609.6;62;2
1609.6;1609.8;67;7
1609.6;1609.8;69;9
1609.8;1610.1;70;10
1610.1;1610.5;72;0
1610.3;1610.5;65;5
1610.5;1610.6;62;2
1610.5;1610.6;68;8
1610.5;1610.8;58;10
1610.6;1610.8;65;5
1610.8;1611.5;63;3
1611;1611.2;70;10
1611.2;1611.5;67;7
1611.5;1611.7;63;3
1611.5;1611.7;67;7
1611.7;1612.2;70;10
1612;1612.2;67;7
1612.2;1612.3;75;3
1612.2;1612.3;69;9
1612.3;1612.6;67;7
1612.3;1612.6;70;10
1612.6;1613;72;0
1612.6;1613.5;63;3
1612.7;1613;75;3
1613;1613.2;79;7
1613;1613.2;70;10
1613.2;1613.5;67;7
1613.2;1613.5;72;0
1613.5;1614;74;2
1613.5;1614.2;62;2
1613.7;1614;70;10
1614;1614.1;73;1
1614;1614.2;67;7
1614.1;1614.2;74;2
1614.2;1614.9;79;7
1614.2;1614.4;77;5
1614.2;1614.3;61;1
1614.3;1614.4;70;10
1614.4;1614.6;76;4
1614.4;1614.5;61;1
1614.5;1614.6;70;10
1614.6;1614.8;74;2
1614.6;1614.8;61;1
1614.8;1614.8;70;10
1614.8;1614.9;73;1
1614.8;1614.8;64;4
1614.8;1614.9;70;10
1614.9;1615.1;79;7
1614.9;1614.9;74;2
1614.9;1615.3;62;2
1614.9;1615.1;70;10
1615.1;1615.3;77;5
1615.2;1615.3;69;9
1615.3;1615.6;76;4
1615.3;1615.6;67;7
1615.4;1615.6;69;9
1615.6;1615.8;74;2
1615.6;1615.8;65;5
1615.7;1615.8;69;9
1615.8;1616.8;79;7
1615.8;1616.1;77;5
1615.8;1615.9;61;1
1615.9;1616.1;70;10
1616.1;1616.3;76;4
1616.1;1616.2;61;1
1616.2;1616.3;70;10
1616.3;1616.6;74;2
1616.3;1616.4;61;1
1616.4;1616.6;70;10
1616.6;1616.8;73;1
1616.6;1616.7;64;4
1616.7;1616.8;70;10
1616.8;1617.1;79;7
1616.8;1616.9;74;2
1616.8;1617.3;62;2
1616.9;1617.1;70;10
1617.1;1617.3;77;5
1617.2;1617.3;69;9
1617.3;1617.4;76;4
1617.3;1617.4;67;7
1617.3;1617.4;69;9
1617.4;1617.4;74;2
1617.4;1617.4;65;5
1617.4;1617.4;69;9
1617.4;1617.9;79;7
1617.4;1617.4;77;5
1617.4;1617.4;61;1
1617.4;1617.4;70;10
1617.4;1617.6;76;4
1617.4;1617.5;61;1
1617.5;1617.6;70;10
1617.6;1617.9;74;2
1617.6;1617.8;62;2
1617.8;1617.9;70;10
1617.9;1617.9;73;1
1617.9;1617.9;64;4
1617.9;1617.9;70;10
1617.9;1618.2;66;6
1617.9;1618.2;72;0
1618;1618.2;74;2
1618;1618.2;81;9
1618.2;1618.4;67;7
1618.2;1618.4;70;10
1618.3;1618.4;75;3
1618.3;1618.4;79;7
1618.4;1618.7;69;9
1618.4;1618.7;72;0
1618.5;1618.7;74;2
1618.5;1618.7;78;6
1618.7;1618.9;67;7
1618.7;1618.9;70;10
1618.8;1618.9;75;3
1618.8;1618.9;79;7
1618.9;1619.2;66;6
1618.9;1619.2;72;0
1619;1619.2;74;2
1619;1619.2;81;9
1619.2;1619.4;67;7
1619.2;1619.4;70;10
1619.3;1619.4;75;3
1619.3;1619.4;79;7
1619.4;1619.7;69;9
1619.4;1619.7;72;0
1619.5;1619.7;74;2
1619.5;1619.7;78;6
1619.7;1619.9;67;7
1619.7;1619.9;70;10
1619.8;1619.9;75;3
1619.8;1619.9;79;7
1619.9;1620;66;6
1619.9;1620;72;0
1619.9;1620;74;2
1619.9;1620;81;9
1620;1620.2;67;7
1620;1620.2;70;10
1620.1;1620.2;75;3
1620.1;1620.2;79;7
1620.2;1620.5;69;9
1620.2;1620.5;72;0
1620.4;1620.5;74;2
1620.4;1620.5;78;6
1620.5;1620.7;67;7
1620.5;1620.7;70;10
1620.6;1620.7;75;3
1620.6;1620.7;79;7
1620.7;1621;66;6
1620.7;1621;72;0
1620.9;1621;74;2
1620.9;1621;81;9
1621;1621.2;67;7
1621;1621.2;70;10
1621.1;1621.2;75;3
1621.1;1621.2;79;7
1621.2;1621.4;69;9
1621.2;1621.4;72;0
1621.4;1621.4;74;2
1621.4;1621.4;78;6
1621.4;1621.7;67;7
1621.4;1621.7;70;10
1621.6;1621.7;75;3
1621.6;1621.7;79;7
1621.7;1621.9;66;6
1621.7;1621.9;72;0
1621.8;1621.9;74;2
1621.8;1621.9;81;9
1621.9;1622.1;67;7
1621.9;1622.1;70;10
1622.1;1622.1;75;3
1622.1;1622.1;79;7
1622.1;1622.1;69;9
1622.1;1622.1;72;0
1622.1;1622.1;74;2
1622.1;1622.1;78;6
1622.1;1622.2;67;7
1622.1;1622.2;70;10
1622.1;1622.2;75;3
1622.1;1622.2;79;7
1622.2;1622.3;66;6
1622.2;1622.3;72;0
1622.3;1622.3;74;2
1622.3;1622.3;81;9
1622.3;1622.5;67;7
1622.3;1622.5;70;10
1622.4;1622.5;75;3
1622.4;1622.5;79;7
1622.5;1622.8;69;9
1622.5;1622.8;72;0
1622.7;1622.8;74;2
1622.7;1622.8;78;6
1622.8;1623;67;7
1622.8;1623;70;10
1622.9;1623;75;3
1622.9;1623;79;7
1623;1623.3;66;6
1623;1623.3;72;0
1623.2;1623.3;74;2
1623.2;1623.3;81;9
1623.3;1623.5;67;7
1623.3;1623.5;70;10
1623.4;1623.5;75;3
1623.4;1623.5;79;7
1623.5;1623.7;69;9
1623.5;1623.7;72;0
1623.6;1623.7;74;2
1623.6;1623.7;78;6
1623.7;1624;67;7
1623.7;1624;70;10
1623.9;1624;75;3
1623.9;1624;79;7
1624;1624.1;74;2
1624;1624.2;66;6
1624;1624.2;69;9
1624.1;1624.2;81;9
1624.2;1624.4;75;3
1624.2;1624.5;67;7
1624.2;1624.5;72;0
1624.4;1624.5;81;9
1624.5;1624.6;74;2
1624.5;1624.7;66;6
1624.5;1624.7;69;9
1624.6;1624.7;81;9
1624.7;1624.8;75;3
1624.7;1624.8;67;7
1624.7;1624.8;72;0
1624.8;1624.8;81;9
1624.8;1624.9;74;2
1624.8;1625;66;6
1624.8;1625;69;9
1624.9;1625;81;9
1625;1625.1;75;3
1625;1625.2;67;7
1625;1625.2;72;0
1625.1;1625.2;81;9
1625.2;1625.4;74;2
1625.2;1625.5;66;6
1625.2;1625.5;69;9
1625.4;1625.5;81;9
1625.5;1625.5;75;3
1625.5;1625.6;65;5
1625.5;1625.6;72;0
1625.5;1625.6;80;8
1625.6;1625.8;77;5
1625.6;1625.9;62;2
1625.6;1625.9;71;11
1625.8;1625.9;79;7
1625.9;1626;75;3
1625.9;1626.1;65;5
1625.9;1626.1;72;0
1626;1626.1;80;8
1626.1;1626.3;77;5
1626.1;1626.4;62;2
1626.1;1626.4;71;11
1626.3;1626.4;79;7
1626.4;1626.5;75;3
1626.4;1626.6;65;5
1626.4;1626.6;72;0
1626.5;1626.6;80;8
1626.6;1626.7;77;5
1626.6;1626.8;62;2
1626.6;1626.8;71;11
1626.7;1626.8;79;7
1626.8;1626.9;75;3
1626.8;1627;65;5
1626.8;1627;72;0
1626.9;1627;80;8
1627;1627.1;77;5
1627;1627.2;62;2
1627;1627.2;71;11
1627.1;1627.2;79;7
1627.2;1627.3;75;3
1627.2;1627.5;65;5
1627.2;1627.5;72;0
1627.3;1627.5;80;8
1627.5;1627.6;77;5
1627.5;1627.7;62;2
1627.5;1627.7;71;11
1627.6;1627.7;79;7
1627.7;1627.8;75;3
1627.7;1628;65;5
1627.7;1628;72;0
1627.8;1628;80;8
1628;1628.1;74;2
1628;1628.2;67;7
1628;1628.2;71;11
1628.1;1628.2;79;7
1628.2;1628.3;71;11
1628.2;1628.4;55;7
1628.2;1628.4;67;7
1628.3;1628.4;77;5
1628.4;1628.4;76;4
1628.4;1629;60;0
1628.4;1628.5;72;0
1628.5;1628.6;67;7
1628.6;1628.7;72;0
1628.7;1628.8;76;4
1628.8;1629;79;7
1629;1629.1;84;0
1629;1629.2;64;4
1629.1;1629.2;88;4
1629.2;1629.3;84;0
1629.2;1629.3;88;4
1629.2;1629.3;91;7
1629.2;1629.7;67;7
1629.3;1629.4;79;7
1629.4;1629.5;84;0
1629.4;1629.5;88;4
1629.4;1629.5;91;7
1629.5;1629.7;79;7
1629.7;1629.7;84;0
1629.7;1629.7;88;4
1629.7;1629.7;91;7
1629.7;1629.7;65;5
1629.7;1629.7;79;7
1629.7;1629.7;84;0
1629.7;1629.7;88;4
1629.7;1629.7;91;7
1629.7;1629.8;67;7
1629.7;1629.8;79;7
1629.8;1629.9;84;0
1629.8;1629.9;87;3
1629.8;1629.9;90;6
1629.8;1630.3;69;9
1629.9;1630.1;78;6
1630.1;1630.2;84;0
1630.1;1630.2;87;3
1630.1;1630.2;90;6
1630.2;1630.3;78;6
1630.3;1630.4;84;0
1630.3;1630.4;87;3
1630.3;1630.4;90;6
1630.3;1630.6;67;7
1630.4;1630.6;78;6
1630.6;1630.7;84;0
1630.6;1630.7;87;3
1630.6;1630.7;90;6
1630.6;1630.8;69;9
1630.7;1630.8;78;6
1630.8;1630.9;82;10
1630.8;1630.9;87;3
1630.8;1630.9;91;7
1630.8;1631.3;70;10
1630.9;1631.1;79;7
1631.1;1631.2;82;10
1631.1;1631.2;87;3
1631.1;1631.2;91;7
1631.2;1631.3;79;7
1631.3;1631.4;82;10
1631.3;1631.4;87;3
1631.3;1631.4;91;7
1631.3;1631.6;69;9
1631.4;1631.6;79;7
1631.6;1631.7;82;10
1631.6;1631.7;87;3
1631.6;1631.7;91;7
1631.6;1631.7;70;10
1631.7;1631.7;79;7
1631.7;1631.7;84;0
1631.7;1631.7;91;7
1631.7;1631.8;72;0
1631.7;1632.3;63;3
1631.7;1631.7;81;9
1631.7;1631.7;84;0
1631.7;1631.7;91;7
1631.7;1631.8;81;9
1631.8;1631.9;84;0
1631.8;1631.9;91;7
1631.8;1632.1;70;10
1631.9;1632.1;81;9
1632.1;1632.2;84;0
1632.1;1632.2;91;7
1632.1;1632.3;72;0
1632.2;1632.3;81;9
1632.3;1632.4;82;10
1632.3;1632.4;91;7
1632.3;1632.8;74;2
1632.3;1633.3;62;2
1632.4;1632.5;79;7
1632.5;1632.7;82;10
1632.5;1632.7;91;7
1632.7;1632.8;79;7
1632.8;1632.9;82;10
1632.8;1632.9;91;7
1632.8;1633;72;0
1632.9;1633;79;7
1633;1633.2;82;10
1633;1633.2;91;7
1633;1633.2;74;2
1633.2;1633.3;79;7
1633.2;1633.3;60;0
1633.3;1633.4;84;0
1633.3;1633.4;91;7
1633.3;1633.5;77;5
1633.4;1633.5;81;9
1633.5;1633.7;84;0
1633.5;1633.7;91;7
1633.5;1633.8;75;3
1633.7;1633.8;81;9
1633.8;1633.8;86;2
1633.8;1633.8;91;7
1633.8;1633.9;74;2
1633.8;1633.9;81;9
1633.9;1634;87;3
1633.9;1634;91;7
1633.9;1634;72;0
1634;1634;81;9
1634;1634;91;7
1634;1634.2;70;10
1634;1634.7;62;2
1634;1634;86;2
1634;1634.1;82;10
1634.1;1634.2;67;7
1634.2;1634.4;79;7
1634.2;1634.5;69;9
1634.4;1634.5;74;2
1634.5;1634.6;70;10
1634.5;1634.7;67;7
1634.6;1634.7;74;2
1634.7;1634.9;79;7
1634.7;1635.7;62;2
1634.9;1635;72;0
1635;1635.1;69;9
1635.1;1635.2;72;0
1635.2;1635.4;78;6
1635.4;1635.5;74;2
1635.5;1635.6;72;0
1635.6;1635.7;69;9
1635.7;1636.2;71;11
1635.7;1636.2;79;7
1635.7;1636.2;55;7
1635.7;1636.2;67;7
1636.2;1636.5;72;0
1636.2;1636.5;75;3
1636.2;1636.5;80;8
1636.2;1636.5;60;0
1636.2;1636.5;67;7
1636.5;1636.5;72;0
1636.5;1636.5;75;3
1636.5;1636.5;80;8
1636.5;1636.5;60;0
1636.5;1636.5;62;2
1636.5;1636.5;63;3
1636.5;1636.5;65;5
1636.5;1636.9;71;11
1636.5;1636.9;74;2
1636.5;1636.9;79;7
1636.5;1636.9;67;7
1636.9;1637.4;72;0
1636.9;1637.4;75;3
1636.9;1637.4;80;8
1636.9;1637.2;67;7
1637.2;1637.4;60;0
1637.2;1637.4;62;2
1637.3;1637.4;64;4
1637.3;1637.4;65;5
1637.4;1637.9;71;11
1637.4;1637.9;74;2
1637.4;1637.9;79;7
1637.4;1637.9;67;7
1637.9;1638.2;72;0
1637.9;1638.2;75;3
1637.9;1638.2;80;8
1637.9;1638.1;67;7
1638.1;1638.2;60;0
1638.1;1638.2;62;2
1638.1;1638.2;63;3
1638.2;1638.2;65;5
1638.2;1638.6;71;11
1638.2;1638.6;74;2
1638.2;1638.6;79;7
1638.2;1638.6;67;7
1638.6;1640.4;68;8
1638.6;1640.4;72;0
1638.6;1640.4;75;3
1638.6;1640.4;80;8
1638.6;1638.8;65;5
1638.9;1639;58;10
1639;1639;56;8
1639;1639;55;7
1639;1639.1;53;5
1639.1;1640.4;65;5
1640.4;1640.9;68;8
1640.4;1640.9;72;0
1640.4;1640.9;75;3
1640.4;1640.9;80;8
1640.4;1640.9;65;5
1640.9;1641.4;67;7
1640.9;1641.4;71;11
1640.9;1641.4;74;2
1640.9;1641.4;79;7
1640.9;1641.2;43;7
1641.2;1641.4;45;9
1641.4;1642.1;59;11
1641.4;1642.1;62;2
1641.4;1642.1;67;7
1641.4;1641.7;47;11
1641.7;1641.7;48;0
1641.7;1641.9;50;2
1641.9;1642.1;51;3
1642.1;1642.6;59;11
1642.1;1642.6;62;2
1642.1;1642.6;67;7
1642.1;1642.4;53;5
1642.4;1642.6;55;7
1642.6;1642.7;56;8
1642.6;1642.7;59;11
1642.6;1642.7;62;2
1642.7;1642.8;65;5
1642.8;1642.9;56;8
1642.8;1642.9;59;11
1642.8;1642.9;62;2
1642.9;1643.1;65;5
1643.1;1644;74;2
1643.1;1643.2;56;8
1643.1;1643.2;59;11
1643.1;1643.2;62;2
1643.2;1643.3;65;5
1643.3;1643.4;56;8
1643.3;1643.4;59;11
1643.3;1643.4;62;2
1643.4;1643.6;65;5
1643.6;1643.7;56;8
1643.6;1643.7;59;11
1643.6;1643.7;62;2
1643.7;1643.8;65;5
1643.8;1643.9;56;8
1643.8;1643.9;59;11
1643.8;1643.9;62;2
1643.9;1644;65;5
1644;1644;65;5
1644;1644;56;8
1644;1644;59;11
1644;1644;62;2
1644;1644.2;67;7
1644;1644.1;56;8
1644;1644.1;59;11
1644.1;1644.2;62;2
1644.2;1645;68;8
1644.2;1644.3;56;8
1644.2;1644.3;59;11
1644.3;1644.5;65;5
1644.5;1644.6;56;8
1644.5;1644.6;59;11
1644.5;1644.6;62;2
1644.6;1644.7;65;5
1644.7;1644.8;56;8
1644.7;1644.8;59;11
1644.7;1644.8;62;2
1644.8;1644.9;65;5
1644.9;1644.9;56;8
1644.9;1644.9;59;11
1644.9;1644.9;62;2
1644.9;1645;65;5
1645;1645.5;68;8
1645;1645.2;56;8
1645;1645.2;59;11
1645;1645.2;62;2
1645.5;1645.7;67;7
1645.7;1646;65;5
1646;1646.8;72;0
1646;1646.8;36;0
1646;1646.8;48;0
1646.8;1647.6;48;0
1646.8;1647.6;60;0
1647.6;1648.1;46;10
1647.6;1648.1;58;10
1648.1;1648.4;60;0
1648.1;1648.4;72;0
1648.1;1648.4;44;8
1648.1;1648.4;56;8
1648.4;1649.2;60;0
1648.4;1649.2;72;0
1648.4;1648.9;43;7
1648.4;1648.9;55;7
1648.9;1649.4;42;6
1648.9;1649.4;54;6
1649.2;1649.4;60;0
1649.2;1649.4;72;0
1649.4;1650.9;63;3
1649.4;1650.9;66;6
1649.4;1650.9;72;0
1649.4;1649.7;41;5
1649.7;1649.8;51;3
1649.7;1649.8;54;6
1649.7;1649.8;57;9
1649.8;1649.9;60;0
1649.9;1650;51;3
1649.9;1650;54;6
1649.9;1650;57;9
1650;1650.2;60;0
1650.2;1650.3;51;3
1650.2;1650.3;54;6
1650.2;1650.3;57;9
1650.3;1650.4;60;0
1650.4;1650.5;51;3
1650.4;1650.5;54;6
1650.4;1650.5;57;9
1650.5;1650.7;60;0
1650.7;1650.8;51;3
1650.7;1650.8;54;6
1650.7;1650.8;57;9
1650.8;1650.9;60;0
1650.9;1651.2;63;3
1650.9;1651;51;3
1650.9;1651;54;6
1650.9;1651;57;9
1651;1651.2;60;0
1651.2;1651.4;63;3
1651.2;1651.3;51;3
1651.2;1651.3;54;6
1651.2;1651.3;57;9
1651.3;1651.4;60;0
1651.4;1651.9;66;6
1651.4;1651.6;51;3
1651.4;1651.6;54;6
1651.4;1651.6;57;9
1651.6;1651.7;60;0
1651.7;1651.8;51;3
1651.7;1651.8;54;6
1651.7;1651.8;57;9
1651.8;1651.9;60;0
1651.9;1652.2;65;5
1651.9;1652.1;51;3
1651.9;1652.1;54;6
1651.9;1652.1;57;9
1652.1;1652.2;60;0
1652.2;1652.4;66;6
1652.2;1652.3;51;3
1652.2;1652.3;54;6
1652.2;1652.3;57;9
1652.3;1652.4;60;0
1652.4;1652.8;70;10
1652.4;1652.6;51;3
1652.4;1652.6;54;6
1652.4;1652.6;58;10
1652.6;1652.7;60;0
1652.7;1652.8;51;3
1652.7;1652.8;54;6
1652.7;1652.8;58;10
1652.8;1652.8;60;0
1652.8;1652.8;69;9
1652.8;1652.8;51;3
1652.8;1652.8;54;6
1652.8;1652.8;58;10
1652.8;1652.8;60;0
1652.8;1652.9;70;10
1652.8;1652.8;51;3
1652.8;1652.8;54;6
1652.8;1652.8;58;10
1652.8;1652.9;60;0
1652.9;1653.4;73;1
1652.9;1653;51;3
1652.9;1653;54;6
1652.9;1653;57;9
1653;1653.2;60;0
1653.2;1653.3;51;3
1653.2;1653.3;54;6
1653.2;1653.3;57;9
1653.3;1653.4;60;0
1653.4;1653.9;72;0
1653.4;1653.5;51;3
1653.4;1653.5;54;6
1653.4;1653.5;57;9
1653.5;1653.7;60;0
1653.7;1653.8;51;3
1653.7;1653.8;54;6
1653.7;1653.8;57;9
1653.8;1653.9;60;0
1653.9;1653.9;54;6
1653.9;1653.9;57;9
1653.9;1653.9;61;1
1653.9;1654.7;37;1
1653.9;1654.7;49;1
1653.9;1654;51;3
1654;1654.1;54;6
1654;1654.1;57;9
1654;1654.1;61;1
1654.1;1654.2;51;3
1654.2;1654.3;54;6
1654.2;1654.3;57;9
1654.2;1654.3;61;1
1654.3;1654.5;51;3
1654.5;1654.6;54;6
1654.5;1654.6;57;9
1654.5;1654.6;61;1
1654.6;1654.7;51;3
1654.7;1654.8;54;6
1654.7;1654.8;57;9
1654.7;1654.8;60;0
1654.7;1655.2;36;0
1654.7;1655.2;48;0
1654.8;1654.9;51;3
1654.9;1655;54;6
1654.9;1655;57;9
1654.9;1655;60;0
1655;1655.2;51;3
1655.2;1655.6;60;0
1655.2;1655.2;54;6
1655.2;1655.2;58;10
1655.2;1655.6;34;10
1655.2;1655.6;46;10
1655.2;1655.3;51;3
1655.3;1655.4;54;6
1655.3;1655.4;58;10
1655.4;1655.6;51;3
1655.6;1656.3;60;0
1655.6;1655.7;56;8
1655.6;1656.1;32;8
1655.6;1656.1;44;8
1655.7;1655.8;51;3
1655.8;1655.9;56;8
1655.9;1656.1;51;3
1656.1;1656.2;56;8
1656.1;1656.4;30;6
1656.1;1656.4;42;6
1656.2;1656.3;51;3
1656.3;1656.4;60;0
1656.3;1656.4;56;8
1656.4;1656.4;51;3
1656.4;1657.2;63;3
1656.4;1656.5;57;9
1656.4;1656.5;60;0
1656.4;1657.2;29;5
1656.4;1657.2;41;5
1656.5;1656.6;54;6
1656.6;1656.7;57;9
1656.6;1656.7;60;0
1656.7;1656.8;54;6
1656.8;1656.9;57;9
1656.8;1656.9;60;0
1656.9;1657;54;6
1657;1657.2;57;9
1657;1657.2;60;0
1657.2;1657.2;54;6
1657.2;1657.4;54;6
1657.2;1657.4;57;9
1657.2;1657.4;60;0
1657.4;1657.5;63;3
1657.5;1657.6;54;6
1657.5;1657.6;57;9
1657.5;1657.6;60;0
1657.6;1657.7;63;3
1657.7;1658;66;6
1657.7;1657.9;54;6
1657.7;1657.9;57;9
1657.7;1657.9;58;10
1657.9;1658;63;3
1658;1658.2;66;6
1658;1658.1;54;6
1658;1658.1;57;9
1658;1658.1;60;0
1658.1;1658.2;63;3
1658.2;1658.7;70;10
1658.2;1658.4;54;6
1658.2;1658.4;58;10
1658.2;1658.4;60;0
1658.4;1658.5;63;3
1658.5;1658.6;54;6
1658.5;1658.6;58;10
1658.5;1658.6;60;0
1658.6;1658.7;63;3
1658.7;1658.9;69;9
1658.7;1658.8;54;6
1658.7;1658.8;58;10
1658.7;1658.8;60;0
1658.8;1658.9;63;3
1658.9;1659;70;10
1658.9;1659;54;6
1658.9;1659;58;10
1658.9;1659;60;0
1659;1659;63;3
1659;1659.4;73;1
1659;1659;54;6
1659;1659;57;9
1659;1659;61;1
1659;1659.2;63;3
1659.2;1659.3;54;6
1659.2;1659.3;57;9
1659.2;1659.3;61;1
1659.3;1659.4;63;3
1659.4;1659.6;72;0
1659.4;1659.5;54;6
1659.4;1659.5;57;9
1659.4;1659.5;61;1
1659.5;1659.6;63;3
1659.6;1659.9;73;1
1659.6;1659.7;54;6
1659.6;1659.7;57;9
1659.6;1659.7;61;1
1659.7;1659.9;63;3
1659.9;1660.1;77;5
1659.9;1659.9;54;6
1659.9;1659.9;57;9
1659.9;1659.9;60;0
1659.9;1660;63;3
1660;1660;54;6
1660;1660;57;9
1660;1660;60;0
1660;1660.1;63;3
1660.1;1660.5;75;3
1660.1;1660.2;54;6
1660.1;1660.2;57;9
1660.1;1660.2;60;0
1660.2;1660.3;63;3
1660.3;1660.4;54;6
1660.3;1660.4;57;9
1660.3;1660.4;60;0
1660.4;1660.5;63;3
1660.5;1660.7;57;9
1660.5;1660.7;60;0
1660.5;1660.7;63;3
1660.5;1661.5;39;3
1660.5;1661.5;51;3
1660.7;1660.8;54;6
1660.8;1660.9;57;9
1660.8;1660.9;60;0
1660.8;1660.9;63;3
1660.9;1661;54;6
1661;1661.2;57;9
1661;1661.2;60;0
1661;1661.2;63;3
1661.2;1661.3;54;6
1661.3;1661.4;57;9
1661.3;1661.4;60;0
1661.3;1661.4;63;3
1661.4;1661.5;54;6
1661.5;1661.7;56;8
1661.5;1661.7;59;11
1661.5;1662;38;2
1661.5;1662;50;2
1661.7;1661.8;53;5
1661.8;1661.9;56;8
1661.8;1661.9;59;11
1661.9;1662;53;5
1662;1662.1;56;8
1662;1662.1;59;11
1662;1662.4;35;11
1662;1662.4;47;11
1662.1;1662.2;53;5
1662.2;1662.3;56;8
1662.2;1662.3;59;11
1662.3;1662.4;53;5
1662.4;1664.6;59;11
1662.4;1662.5;56;8
1662.4;1662.9;32;8
1662.4;1662.9;44;8
1662.5;1662.6;53;5
1662.6;1662.7;56;8
1662.7;1662.9;53;5
1662.9;1663;56;8
1662.9;1663.4;30;6
1662.9;1663.4;42;6
1663;1663.1;51;3
1663.1;1663.2;56;8
1663.2;1663.4;51;3
1663.4;1663.8;50;2
1663.4;1663.8;56;8
1663.4;1663.4;29;5
1663.5;1663.6;41;5
1663.6;1663.7;29;5
1663.7;1663.8;41;5
1663.8;1663.9;29;5
1664;1664.1;41;5
1664.1;1664.2;29;5
1664.2;1664.3;41;5
1664.3;1664.4;29;5
1664.5;1664.6;41;5
1664.6;1664.7;58;10
1664.6;1664.6;29;5
1664.6;1664.6;41;5
1664.7;1665.1;56;8
1664.7;1664.7;29;5
1664.7;1664.8;41;5
1664.8;1664.9;29;5
1664.9;1665;41;5
1665.1;1665.9;54;6
1665.1;1665.1;29;5
1665.2;1665.3;41;5
1665.3;1665.4;29;5
1665.4;1665.5;41;5
1665.5;1665.6;29;5
1665.7;1665.8;41;5
1665.8;1665.9;29;5
1665.9;1665.9;41;5
1665.9;1666.4;53;5
1665.9;1666;29;5
1666;1666.1;41;5
1666.1;1666.2;29;5
1666.3;1666.4;41;5
1666.4;1666.4;29;5
1666.4;1666.5;41;5
1666.5;1666.7;51;3
1666.5;1666.5;29;5
1666.6;1666.6;41;5
1666.7;1668.3;61;1
1666.7;1668.8;51;3
1666.7;1668.8;54;6
1666.7;1666.8;29;5
1666.8;1666.9;41;5
1667;1667.1;29;5
1667.2;1667.3;41;5
1667.3;1667.4;29;5
1667.4;1667.5;41;5
1667.5;1667.6;29;5
1667.7;1667.8;41;5
1667.8;1667.9;29;5
1667.9;1668;41;5
1668;1668.1;29;5
1668.2;1668.3;41;5
1668.3;1668.8;59;11
1668.3;1668.4;29;5
1668.4;1668.5;41;5
1668.5;1668.6;29;5
1668.7;1668.8;41;5
1668.8;1670.5;50;2
1668.8;1670.5;56;8
1668.8;1670.5;58;10
1668.8;1668.9;29;5
1668.9;1669;41;5
1669;1669.1;29;5
1669.2;1669.3;41;5
1669.3;1669.4;29;5
1669.4;1669.5;41;5
1669.5;1669.6;29;5
1669.7;1669.8;41;5
1669.8;1669.9;29;5
1669.9;1670;41;5
1670;1670.1;29;5
1670.2;1670.4;41;5
1670.5;1670.6;29;5
1670.6;1670.7;41;5
1670.7;1671;56;8
1670.7;1670.8;29;5
1670.8;1670.9;41;5
1671;1672.1;59;11
1671;1671.1;29;5
1671.1;1671.2;41;5
1671.2;1671.3;29;5
1671.3;1671.4;41;5
1671.4;1671.5;29;5
1671.5;1671.6;41;5
1671.7;1671.8;29;5
1671.8;1671.9;41;5
1671.9;1672;29;5
1672;1672.1;41;5
1672.1;1672.3;58;10
1672.1;1672.2;29;5
1672.2;1672.3;41;5
1672.3;1672.7;56;8
1672.3;1672.4;29;5
1672.4;1672.5;41;5
1672.5;1672.5;29;5
1672.6;1672.7;41;5
1672.7;1673.6;54;6
1672.7;1672.8;29;5
1672.8;1672.9;41;5
1672.9;1673;29;5
1673;1673.1;41;5
1673.1;1673.2;29;5
1673.3;1673.4;41;5
1673.4;1673.5;29;5
1673.5;1673.6;41;5
1673.6;1674.1;53;5
1673.6;1673.7;29;5
1673.8;1673.9;41;5
1673.9;1673.9;29;5
1673.9;1673.9;41;5
1673.9;1674;29;5
1674;1674.1;41;5
1674.1;1674.4;51;3
1674.1;1674.2;29;5
1674.2;1674.3;41;5
1674.4;1675.9;61;1
1674.4;1676;51;3
1674.4;1676;57;9
1674.4;1674.5;29;5
1674.5;1674.6;41;5
1674.6;1674.7;29;5
1674.7;1674.8;41;5
1674.9;1675;29;5
1675;1675.1;41;5
1675.1;1675.2;29;5
1675.2;1675.3;41;5
1675.4;1675.5;29;5
1675.5;1675.6;41;5
1675.6;1675.7;29;5
1675.7;1675.8;41;5
1675.9;1675.9;60;0
1675.9;1675.9;29;5
1675.9;1675.9;41;5
1675.9;1676;60;0
1675.9;1676;29;5
1676;1676;41;5
1676;1677;56;8
1676;1678;50;2
1676;1678;59;11
1676;1676.1;29;5
1676.2;1676.3;41;5
1676.3;1676.4;29;5
1676.4;1676.5;41;5
1676.5;1676.6;29;5
1676.7;1676.8;41;5
1676.8;1676.9;29;5
1676.9;1677;41;5
1677;1678;55;7
1677;1677.1;29;5
1677.2;1677.3;41;5
1677.3;1677.4;29;5
1677.4;1677.5;41;5
1677.5;1677.6;29;5
1677.7;1677.8;41;5
1677.8;1677.9;29;5
1677.9;1678;41;5
1678;1680;51;3
1678;1679.2;54;6
1678;1678.2;30;6
1678.2;1678.2;42;6
1678.2;1678.5;59;11
1678.2;1678.3;30;6
1678.3;1678.5;42;6
1678.5;1679.2;59;11
1678.5;1678.6;30;6
1678.6;1678.7;42;6
1678.7;1678.8;30;6
1678.8;1679;42;6
1679;1679.1;30;6
1679.1;1679.2;42;6
1679.2;1679.5;54;6
1679.2;1679.3;30;6
1679.3;1679.5;42;6
1679.5;1680;56;8
1679.5;1679.6;32;8
1679.6;1679.7;44;8
1679.7;1679.8;32;8
1679.8;1680;44;8
1680;1680.9;58;10
1680;1681.8;50;2
1680;1680.9;53;5
1680;1680.1;34;10
1680.1;1680.2;46;10
1680.2;1680.3;34;10
1680.3;1680.5;46;10
1680.5;1680.6;34;10
1680.6;1680.7;46;10
1680.7;1680.7;34;10
1680.7;1680.9;46;10
1680.9;1681.3;53;5
1680.9;1680.9;34;10
1680.9;1681;46;10
1681;1681.1;34;10
1681.1;1681.3;46;10
1681.3;1681.4;34;10
1681.4;1681.5;46;10
1681.5;1681.6;34;10
1681.6;1681.8;46;10
1681.8;1683.6;59;11
1681.8;1683.6;63;3
1681.8;1683.2;30;6
1681.8;1683.2;42;6
1682;1682.3;71;11
1682.3;1682.9;71;11
1682.9;1683.2;66;6
1683.2;1683.6;68;8
1683.2;1683.6;32;8
1683.2;1683.6;44;8
1683.6;1685.5;70;10
1683.6;1684.9;62;2
1683.6;1684.9;65;5
1683.6;1684.4;34;10
1683.6;1684.4;46;10
1684.4;1684.6;44;8
1684.4;1684.6;56;8
1684.6;1684.9;42;6
1684.6;1684.9;54;6
1684.9;1685.7;61;1
1684.9;1685.2;41;5
1684.9;1685.2;53;5
1685.2;1685.5;39;3
1685.2;1685.5;51;3
1685.5;1685.7;70;10
1685.5;1685.7;37;1
1685.5;1685.7;49;1
1685.7;1686.3;73;1
1685.7;1686;64;4
1685.7;1686;67;7
1685.7;1686;36;0
1685.7;1686;48;0
1686.3;1686.6;70;10
1686.6;1687.3;73;1
1686.6;1687;65;5
1686.6;1687;68;8
1686.6;1687;36;0
1686.6;1687;48;0
1687.3;1687.5;68;8
1687.5;1688;70;10
1688;1689;72;0
1688;1688.5;64;4
1688;1688.5;67;7
1688;1688.7;48;0
1688;1688.7;60;0
1688.7;1689;46;10
1688.7;1689;58;10
1689;1689.5;44;8
1689;1689.5;56;8
1689.5;1689.8;67;7
1689.5;1689.8;72;0
1689.5;1689.8;75;3
1689.5;1689.8;43;7
1689.5;1689.8;55;7
1689.8;1689.8;72;0
1689.8;1689.8;41;5
1689.8;1689.8;53;5
1689.8;1690;72;0
1689.8;1690;39;3
1689.8;1690;51;3
1690;1690.7;77;5
1690;1690.5;65;5
1690;1690.5;68;8
1690;1690.5;37;1
1690;1690.5;49;1
1690.7;1691;75;3
1691;1691.4;73;1
1691.4;1691.6;75;3
1691.6;1692.7;73;1
1691.6;1692.2;63;3
1691.6;1692.2;69;9
1691.6;1692.2;41;5
1691.6;1692.2;53;5
1692.7;1693.5;72;0
1693.5;1694;70;10
1694;1695;82;10
1694;1695;85;1
1694;1695;89;5
1694;1695;94;10
1694;1694.3;46;10
1694.3;1694.5;49;1
1694.5;1694.8;53;5
1694.8;1695;58;10
1695;1695.3;61;1
1695.3;1695.4;65;5
1695.4;1695.9;69;9
1695.4;1695.5;58;10
1695.4;1695.5;61;1
1695.5;1695.7;65;5
1695.7;1695.8;58;10
1695.7;1695.8;61;1
1695.8;1695.9;65;5
1695.9;1696.3;70;10
1695.9;1696;58;10
1695.9;1696;61;1
1696;1696.2;65;5
1696.2;1696.3;58;10
1696.2;1696.3;61;1
1696.3;1696.4;72;0
1696.3;1696.4;65;5
1696.4;1696.6;73;1
1696.4;1696.5;58;10
1696.4;1696.5;61;1
1696.5;1696.6;65;5
1696.6;1696.9;76;4
1696.6;1696.7;58;10
1696.6;1696.7;61;1
1696.7;1696.9;63;3
1696.9;1697;77;5
1696.9;1697.1;58;10
1696.9;1697.1;61;1
1697;1697.2;69;9
1697;1697.2;81;9
1697.2;1697.4;70;10
1697.2;1697.4;82;10
1697.4;1697.6;71;11
1697.4;1697.6;83;11
1697.4;1697.9;46;10
1697.4;1697.9;51;3
1697.4;1697.9;54;6
1697.6;1697.7;71;11
1697.6;1697.7;83;11
1697.7;1697.8;78;6
1697.8;1697.9;75;3
1697.9;1698.2;87;3
1697.9;1698.4;46;10
1697.9;1698.4;51;3
1697.9;1698.4;54;6
1698.2;1698.3;83;11
1698.3;1698.4;78;6
1698.4;1698.7;78;6
1698.4;1698.8;58;10
1698.4;1698.8;63;3
1698.4;1698.8;66;6
1698.7;1698.7;75;3
1698.7;1698.8;71;11
1698.8;1698.9;83;11
1698.8;1699;58;10
1698.8;1699;63;3
1698.8;1699;66;6
1698.9;1698.9;78;6
1698.9;1699;75;3
1699;1699.3;72;0
1699;1699.3;75;3
1699;1699.3;78;6
1699;1699.3;84;0
1699;1699.3;57;9
1699;1699.3;63;3
1699;1699.3;66;6
1699.7;1700;57;9
1699.8;1700;58;10
1699.8;1700;60;0
1699.9;1700;61;1
1699.9;1700;63;3
1699.9;1700;65;5
1700;1700.9;66;6
1700;1700.9;42;6
1700;1700.9;54;6
1700.9;1701.4;65;5
1700.9;1701.4;41;5
1700.9;1701.4;53;5
1701.4;1701.9;63;3
1701.4;1701.9;39;3
1701.4;1701.9;51;3
1701.9;1702.1;61;1
1701.9;1702.1;37;1
1701.9;1702.1;49;1
1702.1;1702.4;65;5
1702.1;1702.4;41;5
1702.1;1702.4;53;5
1702.4;1702.6;63;3
1702.4;1702.6;39;3
1702.4;1702.6;51;3
1702.6;1703.6;61;1
1702.6;1703.6;37;1
1702.6;1703.6;49;1
1703.6;1704.3;60;0
1703.6;1704.3;36;0
1703.6;1704.3;48;0
1704.3;1704.6;59;11
1704.3;1704.6;35;11
1704.3;1704.6;47;11
1704.6;1705.6;55;7
1704.6;1705.6;67;7
1704.6;1705.6;43;7
1705.6;1706.1;71;11
1706.1;1706.4;68;8
1706.4;1706.7;67;7
1706.7;1707.8;74;2
1707.8;1708.3;62;2
1707.8;1708.3;65;5
1707.8;1708.3;68;8
1707.8;1708.3;74;2
1707.8;1708.3;47;11
1707.8;1708.3;53;5
1707.8;1708.3;56;8
1708.6;1708.8;74;2
1708.8;1709.3;74;2
1709.3;1709.6;67;7
1709.6;1709.8;68;8
1709.8;1711.2;72;0
1711.2;1711.8;62;2
1711.8;1712.3;62;2
1711.8;1712.3;65;5
1711.8;1712.3;72;0
1711.8;1712.3;44;8
1711.8;1712.3;56;8
1712.8;1713.3;72;0
1713.3;1713.6;68;8
1713.6;1713.8;65;5
1713.8;1714.3;73;1
1714.3;1714.9;61;1
1714.3;1714.9;64;4
1714.3;1714.9;70;10
1714.3;1714.9;43;7
1714.3;1714.9;55;7
1714.6;1714.9;73;1
1714.9;1715.4;73;1
1715.4;1715.7;70;10
1715.7;1715.9;67;7
1715.9;1716.4;64;4
1716.4;1717.2;64;4
1716.4;1717.2;67;7
1716.4;1717.2;70;10
1716.4;1717.2;48;0
1716.4;1717.2;60;0
1717.2;1717.7;63;3
1717.2;1717.7;65;5
1717.2;1717.7;69;9
1717.2;1717.7;72;0
1717.2;1717.7;41;5
1717.2;1717.7;53;5
1717.7;1718;72;0
1718;1718.2;70;10
1718.2;1718.8;70;10
1718.8;1719.1;69;9
1719.4;1720;66;6
1720;1720.2;65;5
1720.2;1720.6;63;3
1720.6;1720.8;63;3
1720.8;1721.1;61;1
1721.1;1721.7;61;1
1721.1;1721.7;66;6
1721.1;1721.7;70;10
1721.1;1721.7;73;1
1721.1;1721.7;46;10
1721.1;1721.7;58;10
1721.7;1722.2;73;1
1722.2;1722.4;73;1
1722.4;1722.7;72;0
1722.7;1723.6;70;10
1723.6;1723.8;70;10
1723.8;1724;68;8
1724;1724.7;66;6
1724.7;1725;65;5
1725;1725.3;65;5
1725.3;1726;64;4
1726;1726.5;64;4
1726;1726.5;67;7
1726;1726.5;73;1
1726;1726.5;46;10
1726;1726.5;58;10
1726.3;1726.5;76;4
1726.5;1727;76;4
1727;1727.3;67;7
1727.8;1728.3;73;1
1728.3;1728.6;72;0
1728.6;1728.8;70;10
1728.8;1729.9;68;8
1729.9;1730.7;65;5
1729.9;1730.7;68;8
1729.9;1730.7;74;2
1729.9;1730.7;77;5
1729.9;1730.7;47;11
1729.9;1730.7;59;11
1730.7;1731.2;74;2
1731.2;1731.8;65;5
1731.8;1732.2;65;5
1732.2;1732.4;67;7
1732.4;1733.3;68;8
1733.3;1733.6;65;5
1733.6;1734.1;72;0
1734.3;1734.9;64;4
1734.5;1734.9;65;5
1734.7;1734.9;67;7
1734.7;1734.9;68;8
1734.8;1734.9;70;10
1734.8;1734.9;72;0
1734.9;1735.9;73;1
1734.9;1735.9;49;1
1734.9;1735.9;61;1
1735.9;1736.5;72;0
1735.9;1736.5;48;0
1735.9;1736.5;60;0
1736.5;1737;70;10
1736.5;1737;46;10
1736.5;1737;58;10
1737;1737.5;68;8
1737;1737.5;44;8
1737;1737.5;56;8
1737.5;1737.8;72;0
1737.5;1737.8;48;0
1737.5;1737.8;60;0
1737.8;1738.1;70;10
1737.8;1738.1;46;10
1737.8;1738.1;58;10
1738.1;1739.1;68;8
1738.1;1739.1;44;8
1738.1;1739.1;56;8
1739.1;1740.1;67;7
1739.1;1740.1;43;7
1739.1;1740.1;55;7
1740.1;1740.4;66;6
1740.1;1740.4;42;6
1740.1;1740.4;54;6
1740.4;1741.9;62;2
1740.4;1741.9;74;2
1740.4;1741.4;50;2
1741.9;1742.1;69;9
1742.1;1743;67;7
1743;1743.3;66;6
1743.3;1743.6;54;6
1743.3;1743.6;42;6
1743.4;1743.6;55;7
1743.4;1743.6;43;7
1743.4;1743.6;57;9
1743.4;1743.6;45;9
1743.5;1743.6;59;11
1743.5;1743.6;47;11
1743.6;1744.1;60;0
1743.6;1744.1;48;0
1744.1;1744.6;72;0
1744.6;1744.8;72;0
1744.8;1745.1;72;0
1745.1;1746.1;72;0
1746.1;1746.8;63;3
1746.8;1747.3;60;0
1746.8;1747.3;66;6
1746.8;1747.3;69;9
1746.8;1747.3;51;3
1746.8;1747.3;54;6
1746.8;1747.3;57;9
1747.3;1748;75;3
1748;1748.3;66;6
1748.3;1749.1;72;0
1749.1;1749.3;71;11
1749.3;1749.6;69;9
1749.6;1750.3;69;9
1750.3;1750.9;67;7
1750.9;1751.4;52;4
1750.9;1751.4;55;7
1750.9;1751.4;60;0
1751.4;1751.6;72;0
1751.6;1752.2;72;0
1752.2;1753.9;71;11
1752.2;1753.1;53;5
1752.2;1753.1;56;8
1752.2;1753.1;59;11
1752.2;1753.1;62;2
1753.9;1754.5;74;2
1754.5;1756.1;73;1
1756.1;1757;71;11
1757;1757.2;66;6
1757;1757.1;54;6
1757;1757.1;42;6
1757.1;1757.2;56;8
1757.1;1757.2;44;8
1757.2;1757.4;58;10
1757.2;1757.4;46;10
1757.4;1757.5;59;11
1757.4;1757.5;47;11
1757.5;1757.6;61;1
1757.5;1757.6;49;1
1757.6;1757.7;62;2
1757.6;1757.7;50;2
1757.7;1757.9;64;4
1757.7;1757.9;52;4
1757.9;1758;66;6
1757.9;1758;54;6
1758;1758.2;68;8
1758;1758.2;56;8
1758.2;1758.3;70;10
1758.2;1758.3;58;10
1758.3;1758.4;71;11
1758.3;1758.4;59;11
1758.4;1758.5;73;1
1758.4;1758.5;61;1
1758.5;1758.7;74;2
1758.5;1758.7;62;2
1758.7;1758.8;76;4
1758.7;1758.8;64;4
1758.8;1758.9;77;5
1758.8;1758.9;65;5
1758.9;1759;78;6
1758.9;1759;66;6
1759;1759.2;80;8
1759;1759.2;68;8
1759.2;1759.3;81;9
1759.2;1759.3;69;9
1759.3;1759.4;74;2
1759.3;1759.4;82;10
1759.3;1761.3;62;2
1759.3;1761.3;66;6
1759.3;1761.3;70;10
1759.4;1759.5;78;6
1759.4;1759.5;81;9
1759.5;1759.7;74;2
1759.5;1759.7;82;10
1759.7;1759.8;78;6
1759.7;1759.8;81;9
1759.8;1759.9;74;2
1759.8;1759.9;82;10
1759.9;1759.9;78;6
1759.9;1759.9;81;9
1759.9;1760;74;2
1759.9;1760;82;10
1760;1760.1;78;6
1760;1760.1;81;9
1760.1;1760.2;74;2
1760.1;1760.2;82;10
1760.2;1760.3;78;6
1760.2;1760.3;81;9
1760.3;1760.5;74;2
1760.3;1760.5;82;10
1760.5;1760.6;78;6
1760.5;1760.6;81;9
1760.6;1760.7;74;2
1760.6;1760.7;82;10
1760.7;1760.8;78;6
1760.7;1760.8;81;9
1760.8;1761;74;2
1760.8;1761;82;10
1761;1761.1;78;6
1761;1761.1;81;9
1761.1;1761.2;74;2
1761.1;1761.2;82;10
1761.2;1761.3;78;6
1761.2;1761.3;81;9
1761.3;1761.6;77;5
1761.3;1761.6;82;10
1761.3;1761.6;62;2
1761.3;1763.2;50;2
1761.6;1761.8;76;4
1761.6;1761.8;81;9
1761.6;1761.8;61;1
1761.8;1761.8;75;3
1761.8;1761.8;80;8
1761.8;1761.8;60;0
1761.8;1761.9;74;2
1761.8;1761.9;79;7
1761.8;1761.9;59;11
1761.9;1762.2;73;1
1761.9;1762.2;78;6
1761.9;1762.2;58;10
1762.2;1762.4;72;0
1762.2;1762.4;77;5
1762.2;1762.4;57;9
1762.4;1762.7;71;11
1762.4;1762.7;75;3
1762.4;1762.7;56;8
1762.7;1762.9;70;10
1762.7;1762.9;75;3
1762.7;1762.9;55;7
1762.9;1763.2;69;9
1762.9;1763.2;74;2
1762.9;1763.2;54;6
1763.2;1763.2;78;6
1763.2;1763.2;86;2
1763.2;1765;66;6
1763.2;1765;70;10
1763.2;1765;74;2
1763.2;1763.2;82;10
1763.2;1763.2;85;1
1763.2;1763.3;78;6
1763.2;1763.3;86;2
1763.3;1763.3;82;10
1763.3;1763.3;85;1
1763.3;1763.3;78;6
1763.3;1763.3;86;2
1763.3;1763.5;82;10
1763.3;1763.5;85;1
1763.5;1763.6;78;6
1763.5;1763.6;86;2
1763.6;1763.7;82;10
1763.6;1763.7;85;1
1763.7;1763.8;78;6
1763.7;1763.8;86;2
1763.8;1764;82;10
1763.8;1764;85;1
1764;1764.1;78;6
1764;1764.1;86;2
1764.1;1764.2;82;10
1764.1;1764.2;85;1
1764.2;1764.3;78;6
1764.2;1764.3;86;2
1764.3;1764.5;82;10
1764.3;1764.5;85;1
1764.5;1764.6;78;6
1764.5;1764.6;86;2
1764.6;1764.7;82;10
1764.6;1764.7;85;1
1764.7;1764.8;78;6
1764.7;1764.8;86;2
1764.8;1765;82;10
1764.8;1765;85;1
1765;1765.2;81;9
1765;1765.2;86;2
1765;1765.2;66;6
1765;1766.8;54;6
1765.2;1765.5;80;8
1765.2;1765.5;85;1
1765.2;1765.5;65;5
1765.5;1765.7;79;7
1765.5;1765.7;84;0
1765.5;1765.7;64;4
1765.7;1766;78;6
1765.7;1766;83;11
1765.7;1766;63;3
1766;1766.2;77;5
1766;1766.2;82;10
1766;1766.2;62;2
1766.2;1766.5;76;4
1766.2;1766.5;81;9
1766.2;1766.5;61;1
1766.5;1766.7;75;3
1766.5;1766.7;80;8
1766.5;1766.7;60;0
1766.7;1766.7;74;2
1766.7;1766.7;79;7
1766.7;1766.7;59;11
1766.7;1766.8;73;1
1766.7;1766.8;78;6
1766.7;1766.8;58;10
1766.8;1766.8;84;0
1766.8;1766.8;89;5
1766.8;1766.8;69;9
1766.8;1768.6;57;9
1766.8;1766.9;83;11
1766.8;1766.9;88;4
1766.8;1766.9;68;8
1766.9;1767.1;82;10
1766.9;1767.1;87;3
1766.9;1767.1;67;7
1767.1;1767.4;81;9
1767.1;1767.4;86;2
1767.1;1767.4;66;6
1767.4;1767.6;80;8
1767.4;1767.6;85;1
1767.4;1767.6;65;5
1767.6;1767.9;79;7
1767.6;1767.9;84;0
1767.6;1767.9;64;4
1767.9;1768.1;78;6
1767.9;1768.1;83;11
1767.9;1768.1;63;3
1768.1;1768.4;77;5
1768.1;1768.4;82;10
1768.1;1768.4;62;2
1768.4;1768.6;76;4
1768.4;1768.6;81;9
1768.4;1768.6;61;1
1768.6;1768.7;87;3
1768.6;1768.7;92;8
1768.6;1768.7;72;0
1768.6;1770.4;60;0
1768.7;1768.7;86;2
1768.7;1768.7;91;7
1768.7;1768.7;71;11
1768.7;1768.9;85;1
1768.7;1768.9;90;6
1768.7;1768.9;70;10
1768.9;1769.2;84;0
1768.9;1769.2;89;5
1768.9;1769.2;69;9
1769.2;1769.4;83;11
1769.2;1769.4;88;4
1769.2;1769.4;68;8
1769.4;1769.7;82;10
1769.4;1769.7;87;3
1769.4;1769.7;67;7
1769.7;1769.9;81;9
1769.7;1769.9;86;2
1769.7;1769.9;66;6
1769.9;1770.2;80;8
1769.9;1770.2;85;1
1769.9;1770.2;65;5
1770.2;1770.4;79;7
1770.2;1770.4;84;0
1770.2;1770.4;64;4
1770.4;1770.6;89;5
1770.4;1770.6;97;1
1770.4;1770.4;35;11
1770.4;1770.6;47;11
1770.6;1770.8;88;4
1770.6;1770.8;96;0
1770.6;1770.7;35;11
1770.7;1770.8;47;11
1770.8;1770.8;87;3
1770.8;1770.8;95;11
1770.8;1770.8;35;11
1770.8;1770.8;47;11
1770.8;1771.1;86;2
1770.8;1771.1;94;10
1770.8;1770.9;35;11
1770.9;1771.1;47;11
1771.1;1771.3;85;1
1771.1;1771.3;93;9
1771.1;1771.2;35;11
1771.2;1771.3;47;11
1771.3;1771.6;84;0
1771.3;1771.6;92;8
1771.3;1771.4;35;11
1771.4;1771.6;47;11
1771.6;1771.8;83;11
1771.6;1771.8;91;7
1771.6;1771.7;35;11
1771.7;1771.8;47;11
1771.8;1772.1;82;10
1771.8;1772.1;90;6
1771.8;1771.9;35;11
1771.9;1772.1;47;11
1772.1;1772.3;81;9
1772.1;1772.3;89;5
1772.1;1772.2;35;11
1772.2;1772.3;47;11
1772.3;1772.6;80;8
1772.3;1772.6;88;4
1772.3;1772.4;35;11
1772.4;1772.6;47;11
1772.6;1772.8;79;7
1772.6;1772.8;87;3
1772.6;1772.7;35;11
1772.7;1772.8;47;11
1772.8;1773.1;78;6
1772.8;1773.1;86;2
1772.8;1772.9;35;11
1772.9;1773.1;47;11
1773.1;1773.3;77;5
1773.1;1773.3;85;1
1773.1;1773.2;35;11
1773.2;1773.3;47;11
1773.3;1773.6;76;4
1773.3;1773.6;84;0
1773.3;1773.4;35;11
1773.4;1773.6;47;11
1773.6;1773.6;75;3
1773.6;1773.6;83;11
1773.6;1773.6;35;11
1773.6;1773.6;47;11
1773.6;1773.6;74;2
1773.6;1773.6;82;10
1773.6;1773.6;35;11
1773.6;1773.6;47;11
1773.6;1773.8;73;1
1773.6;1773.8;81;9
1773.6;1773.7;35;11
1773.7;1773.8;47;11
1773.8;1774.1;72;0
1773.8;1774.1;80;8
1773.8;1774;35;11
1774;1774.1;47;11
1774.1;1774.2;71;11
1774.1;1774.2;79;7
1774.1;1776;47;11
1774.1;1776;50;2
1774.2;1774.3;67;7
1774.3;1774.4;62;2
1774.4;1774.5;59;11
1774.5;1774.7;55;7
1774.7;1774.8;71;11
1774.8;1774.9;67;7
1774.9;1775;71;11
1775;1775.2;67;7
1775.2;1775.3;62;2
1775.3;1775.4;59;11
1775.4;1775.5;74;2
1775.5;1775.7;71;11
1775.7;1775.8;74;2
1775.8;1775.9;71;11
1775.9;1775.9;67;7
1775.9;1776;62;2
1776;1776.1;79;7
1776;1776.3;47;11
1776.1;1776.2;74;2
1776.2;1776.3;79;7
1776.3;1776.5;74;2
1776.3;1776.5;50;2
1776.5;1776.6;71;11
1776.5;1776.6;55;7
1776.6;1776.6;67;7
1776.6;1776.6;83;11
1776.6;1776.6;50;2
1776.6;1776.6;79;7
1776.6;1776.6;83;11
1776.6;1776.7;79;7
1776.6;1776.7;55;7
1776.7;1776.8;74;2
1776.7;1777;59;11
1776.8;1777;71;11
1777;1777.1;86;2
1777;1777.3;55;7
1777.1;1777.2;83;11
1777.2;1777.3;86;2
1777.3;1777.5;83;11
1777.3;1777.5;59;11
1777.5;1777.6;79;7
1777.5;1777.7;62;2
1777.6;1777.7;74;2
1777.7;1777.7;70;10
1777.7;1777.7;79;7
1777.7;1779.6;54;6
1777.7;1779.6;58;10
1777.7;1779.6;61;1
1777.7;1779.6;64;4
1777.7;1777.9;73;1
1777.7;1777.9;78;6
1777.9;1778;70;10
1777.9;1778;79;7
1778;1778.1;73;1
1778;1778.1;78;6
1778.1;1778.2;70;10
1778.1;1778.2;79;7
1778.2;1778.4;73;1
1778.2;1778.4;78;6
1778.4;1778.5;70;10
1778.4;1778.5;79;7
1778.5;1778.6;73;1
1778.5;1778.6;78;6
1778.6;1778.7;70;10
1778.6;1778.7;79;7
1778.7;1778.9;73;1
1778.7;1778.9;78;6
1778.9;1779;70;10
1778.9;1779;79;7
1779;1779.1;73;1
1779;1779.1;78;6
1779.1;1779.2;70;10
1779.1;1779.2;79;7
1779.2;1779.4;73;1
1779.2;1779.4;78;6
1779.4;1779.5;70;10
1779.4;1779.5;79;7
1779.5;1779.6;73;1
1779.5;1779.6;78;6
1779.6;1779.7;70;10
1779.6;1779.7;79;7
1779.6;1779.7;54;6
1779.6;1779.7;58;10
1779.6;1779.7;61;1
1779.6;1779.7;64;4
1779.7;1779.8;73;1
1779.7;1779.8;78;6
1779.7;1779.8;54;6
1779.7;1779.8;58;10
1779.7;1779.8;61;1
1779.7;1779.8;64;4
1779.8;1779.9;82;10
1779.8;1779.9;91;7
1779.8;1780.6;54;6
1779.8;1780.6;58;10
1779.8;1780.6;61;1
1779.8;1780.6;64;4
1779.9;1780.1;85;1
1779.9;1780.1;90;6
1780.1;1780.2;82;10
1780.1;1780.2;91;7
1780.2;1780.3;85;1
1780.2;1780.3;90;6
1780.3;1780.4;82;10
1780.3;1780.4;91;7
1780.4;1780.6;85;1
1780.4;1780.6;90;6
1780.6;1780.7;82;10
1780.6;1780.7;91;7
1780.6;1781.2;42;6
1780.6;1781.2;54;6
1780.7;1780.8;85;1
1780.7;1780.8;90;6
1780.8;1780.9;82;10
1780.8;1780.9;91;7
1780.9;1781.1;85;1
1780.9;1781.1;90;6
1781.1;1781.2;82;10
1781.1;1781.2;91;7
1781.2;1781.2;85;1
1781.2;1781.2;90;6
1781.2;1781.2;82;10
1781.2;1781.2;91;7
1781.2;1781.6;30;6
1781.2;1781.6;42;6
1781.2;1781.2;85;1
1781.2;1781.2;90;6
1781.2;1781.4;82;10
1781.2;1781.4;91;7
1781.4;1781.4;85;1
1781.4;1781.4;90;6
1781.4;1781.5;82;10
1781.4;1781.5;91;7
1781.5;1781.6;85;1
1781.5;1781.6;90;6
1781.6;1782.2;83;11
1781.6;1782.2;86;2
1781.6;1782.2;90;6
1781.6;1782.2;95;11
1781.6;1781.9;59;11
1781.9;1781.9;54;6
1781.9;1782;59;11
1782;1782.5;62;2
1782.2;1782.5;85;1
1782.2;1782.5;93;9
1782.5;1782.7;71;11
1782.5;1782.7;79;7
1782.5;1782.7;59;11
1782.7;1783;81;9
1782.7;1783;90;6
1782.7;1783.1;62;2
1783;1783.2;79;7
1783;1783.2;88;4
1783.1;1783.2;59;11
1783.2;1783.5;78;6
1783.2;1783.5;86;2
1783.2;1783.5;62;2
1783.5;1783.7;76;4
1783.5;1783.7;85;1
1783.5;1784.7;66;6
1783.7;1784;74;2
1783.7;1784;83;11
1784;1784.2;73;1
1784;1784.2;81;9
1784.2;1784.4;71;11
1784.2;1784.4;79;7
1784.4;1784.4;69;9
1784.4;1784.4;78;6
1784.4;1784.7;67;7
1784.4;1784.7;76;4
1784.7;1784.9;66;6
1784.7;1784.9;74;2
1784.9;1785.2;64;4
1784.9;1785.2;73;1
1785.2;1785.4;62;2
1785.2;1785.4;71;11
1785.2;1785.4;42;6
1785.4;1786.4;71;11
1785.4;1786.4;74;2
1785.4;1786.4;78;6
1785.4;1786.4;83;11
1785.4;1785.8;47;11
1785.8;1785.9;42;6
1785.9;1786.2;47;11
1786.2;1786.6;50;2
1786.4;1786.6;73;1
1786.4;1786.6;81;9
1786.6;1786.7;71;11
1786.6;1786.7;79;7
1786.6;1786.7;47;11
1786.7;1786.9;69;9
1786.7;1786.9;78;6
1786.7;1787;50;2
1786.9;1787.2;67;7
1786.9;1787.2;76;4
1787;1787.2;47;11
1787.2;1787.4;66;6
1787.2;1787.4;74;2
1787.2;1787.4;50;2
1787.4;1787.7;64;4
1787.4;1787.7;73;1
1787.4;1788.6;54;6
1787.7;1787.9;71;11
1787.7;1787.9;62;2
1787.9;1788.2;69;9
1787.9;1788.2;61;1
1788.2;1788.4;67;7
1788.2;1788.4;59;11
1788.4;1788.6;66;6
1788.4;1788.6;57;9
1788.6;1788.6;64;4
1788.6;1788.6;55;7
1788.6;1788.8;62;2
1788.6;1788.8;54;6
1788.8;1789.1;61;1
1788.8;1789.1;52;4
1789.1;1789.3;59;11
1789.1;1789.3;50;2
1789.3;1789.7;59;11
1789.4;1789.6;62;2
1789.6;1789.7;74;2
1789.7;1789.7;71;11
1789.7;1789.7;54;6
1789.7;1789.7;66;6
1789.7;1789.7;59;11
1789.7;1789.7;62;2
1789.7;1790.5;62;2
1789.9;1790;66;6
1790;1790.1;78;6
1790.1;1790.2;74;2
1790.2;1790.4;71;11
1790.4;1790.5;66;6
1790.5;1791.2;59;11
1790.6;1790.7;62;2
1790.7;1790.9;74;2
1790.9;1791;71;11
1791;1791.1;66;6
1791.1;1791.2;62;2
1791.2;1791.6;62;2
1791.4;1791.5;66;6
1791.5;1791.6;78;6
1791.6;1791.6;74;2
1791.6;1791.6;59;11
1791.6;1791.6;71;11
1791.6;1791.6;62;2
1791.6;1791.6;66;6
1791.6;1792.4;66;6
1791.7;1791.9;74;2
1791.9;1792;86;2
1792;1792.1;83;11
1792.1;1792.2;78;6
1792.2;1792.4;74;2
1792.4;1792.7;54;6
1792.5;1792.6;71;11
1792.6;1792.7;83;11
1792.7;1792.9;78;6
1792.7;1792.9;66;6
1792.9;1793;74;2
1792.9;1793.1;59;11
1793;1793.1;71;11
1793.1;1793.8;66;6
1793.2;1793.4;78;6
1793.4;1793.4;90;6
1793.4;1793.6;86;2
1793.6;1793.7;83;11
1793.7;1793.8;78;6
1793.8;1794.2;47;11
1793.9;1794.1;74;2
1794.1;1794.2;86;2
1794.2;1794.3;83;11
1794.2;1794.3;59;11
1794.3;1794.4;78;6
1794.3;1794.6;54;6
1794.4;1794.6;74;2
1794.6;1794.7;54;6
1794.6;1794.6;71;11
1794.6;1794.7;83;11
1794.7;1794.8;78;6
1794.7;1794.8;66;6
1794.8;1794.9;74;2
1794.8;1795.1;59;11
1794.9;1795.1;71;11
1795.1;1795.4;66;6
1795.1;1795.1;78;6
1795.1;1795.1;90;6
1795.1;1795.2;86;2
1795.2;1795.3;83;11
1795.3;1795.4;78;6
1795.4;1795.8;47;11
1795.5;1795.7;74;2
1795.7;1795.8;86;2
1795.8;1795.9;83;11
1795.8;1795.9;59;11
1795.9;1796;78;6
1795.9;1796.2;54;6
1796;1796.2;74;2
1796.2;1796.5;54;6
1796.3;1796.4;71;11
1796.4;1796.5;83;11
1796.5;1796.7;78;6
1796.5;1796.7;66;6
1796.7;1796.8;74;2
1796.7;1796.9;54;6
1796.8;1796.9;71;11
1796.9;1797.3;59;11
1797;1797.2;78;6
1797.2;1797.3;90;6
1797.3;1797.4;86;2
1797.3;1797.4;54;6
1797.4;1797.4;83;11
1797.4;1797.5;59;11
1797.4;1797.5;78;6
1797.5;1798.2;62;2
1797.6;1797.7;74;2
1797.7;1797.9;86;2
1797.9;1798;83;11
1798;1798.1;78;6
1798.1;1798.2;74;2
1798.2;1798.6;54;6
1798.4;1798.5;71;11
1798.5;1798.6;83;11
1798.6;1798.7;78;6
1798.6;1798.7;66;6
1798.7;1798.9;74;2
1798.7;1799;59;11
1798.9;1799;71;11
1799;1799.7;66;6
1799.1;1799.2;78;6
1799.2;1799.4;90;6
1799.4;1799.5;86;2
1799.5;1799.6;83;11
1799.6;1799.7;78;6
1799.7;1800;47;11
1799.8;1799.9;74;2
1799.9;1800;86;2
1800;1800;83;11
1800;1800;59;11
1800;1800;78;6
1800;1800.1;54;6
1800;1800.1;74;2
1800.1;1800.6;66;6
1800.2;1800.4;71;11
1800.4;1800.5;83;11
1800.5;1800.6;78;6
1800.6;1800.7;74;2
1800.6;1800.9;50;2
1800.7;1800.9;71;11
1800.9;1801.2;54;6
1800.9;1801;74;2
1801;1801.2;86;2
1801.2;1801.3;83;11
1801.2;1801.3;50;2
1801.3;1801.4;78;6
1801.3;1801.5;54;6
1801.4;1801.5;74;2
1801.5;1802.1;59;11
1801.5;1801.6;71;11
1801.6;1801.7;83;11
1801.7;1801.8;78;6
1801.8;1801.9;74;2
1801.9;1802.1;71;11
1802.1;1802.4;47;11
1802.2;1802.3;66;6
1802.3;1802.4;78;6
1802.4;1802.5;74;2
1802.4;1802.5;59;11
1802.5;1802.6;71;11
1802.5;1802.8;54;6
1802.6;1802.8;66;6
1802.8;1803.5;66;6
1802.9;1803;71;11
1803;1803.1;83;11
1803.1;1803.3;78;6
1803.3;1803.4;74;2
1803.4;1803.5;71;11
1803.5;1803.7;47;11
1803.6;1803.7;66;6
1803.7;1803.7;78;6
1803.7;1803.8;74;2
1803.7;1803.8;59;11
1803.8;1803.9;71;11
1803.8;1804;54;6
1803.9;1804;66;6
1804;1804.4;54;6
1804.2;1804.3;62;2
1804.3;1804.4;74;2
1804.4;1804.5;71;11
1804.4;1804.5;66;6
1804.5;1804.7;62;2
1804.5;1804.8;59;11
1804.8;1804.9;62;2
1804.9;1804.9;59;11
1804.9;1805.1;62;2
1805.1;1805.2;59;11
1805.2;1805.3;64;4
1805.3;1805.4;59;11
1805.4;1805.6;62;2
1805.4;1805.8;50;2
1805.6;1805.7;59;11
1805.7;1805.8;62;2
1805.8;1805.8;59;11
1805.8;1805.8;59;11
1805.8;1805.8;62;2
1805.8;1805.9;54;6
1805.8;1805.9;59;11
1805.9;1806;62;2
1805.9;1806.3;54;6
1806;1806.2;59;11
1806.2;1806.3;62;2
1806.3;1806.4;59;11
1806.3;1806.4;66;6
1806.4;1806.5;62;2
1806.4;1806.7;59;11
1806.7;1806.8;62;2
1806.8;1806.9;59;11
1806.9;1807;62;2
1807;1807.2;59;11
1807.2;1807.3;64;4
1807.3;1807.4;59;11
1807.4;1807.5;62;2
1807.5;1807.7;59;11
1807.7;1807.8;62;2
1807.8;1807.9;59;11
1807.9;1808.1;62;2
1808.1;1808.2;59;11
1808.2;1808.3;62;2
1808.3;1808.4;59;11
1808.4;1808.6;62;2
1808.6;1808.7;59;11
1808.7;1808.8;62;2
1808.8;1809;59;11
1809;1809.1;62;2
1809.1;1809.2;59;11
1809.2;1809.3;62;2
1809.3;1809.5;59;11
1809.5;1809.6;62;2
1809.6;1809.7;59;11
1809.7;1809.8;62;2
1809.7;1810.1;50;2
1809.8;1810;59;11
1810;1810.1;62;2
1810.1;1810.2;59;11
1810.1;1810.2;59;11
1810.2;1810.3;62;2
1810.2;1810.5;54;6
1810.3;1810.5;59;11
1810.5;1810.6;62;2
1810.5;1810.7;54;6
1810.6;1810.7;59;11
1810.7;1810.7;62;2
1810.7;1810.8;59;11
1810.7;1810.8;66;6
1810.8;1810.9;62;2
1810.8;1811;59;11
1810.9;1811;59;11
1811;1811.1;62;2
1811.1;1811.3;59;11
1811.3;1811.4;62;2
1811.4;1811.5;59;11
1811.5;1811.7;62;2
1811.7;1811.8;59;11
1811.8;1811.9;62;2
1811.9;1812;59;11
1812;1812.2;62;2
1812.2;1812.3;59;11
1812.3;1812.4;62;2
1812.4;1812.5;59;11
1812.5;1812.7;62;2
1812.7;1812.8;59;11
1812.8;1812.9;62;2
1812.9;1813;59;11
1813;1813.2;62;2
1813;1813.3;42;6
1813.2;1813.3;59;11
1813.3;1813.3;62;2
1813.3;1814.6;43;7
1813.3;1813.5;59;11
1813.5;1813.6;62;2
1813.6;1813.8;59;11
1813.8;1813.8;62;2
1813.8;1813.8;59;11
1813.8;1814;62;2
1814;1814.1;59;11
1814.1;1814.2;62;2
1814.2;1814.3;59;11
1814.3;1814.5;62;2
1814.5;1814.6;59;11
1814.6;1814.7;62;2
1814.6;1815.4;47;11
1814.7;1814.9;59;11
1814.9;1815;62;2
1815;1815.2;59;11
1815.2;1815.3;62;2
1815.3;1815.4;59;11
1815.4;1815.6;62;2
1815.4;1817;50;2
1815.6;1815.7;59;11
1815.7;1815.9;62;2
1815.9;1816;59;11
1816;1816.1;62;2
1816.1;1816.3;59;11
1816.3;1816.4;62;2
1816.4;1816.6;59;11
1816.6;1816.7;62;2
1816.7;1816.8;59;11
1816.8;1816.9;62;2
1816.9;1817;59;11
1817;1817.2;62;2
1817;1817.6;49;1
1817.2;1817.3;59;11
1817.3;1817.4;62;2
1817.4;1817.6;59;11
1817.6;1817.7;62;2
1817.6;1817.9;50;2
1817.7;1817.9;59;11
1817.9;1818;61;1
1817.9;1819.5;52;4
1818;1818.1;59;11
1818.1;1818.3;61;1
1818.3;1818.4;59;11
1818.4;1818.6;61;1
1818.6;1818.7;59;11
1818.7;1818.8;61;1
1818.8;1819;59;11
1819;1819.1;61;1
1819.1;1819.3;59;11
1819.3;1819.4;61;1
1819.4;1819.5;59;11
1819.5;1819.7;61;1
1819.5;1819.9;50;2
1819.7;1819.8;59;11
1819.8;1819.9;61;1
1819.9;1819.9;59;11
1819.9;1820;61;1
1819.9;1820.1;52;4
1820;1820.1;59;11
1820.1;1820.3;61;1
1820.1;1821.8;54;6
1820.3;1820.4;58;10
1820.4;1820.5;61;1
1820.5;1820.7;58;10
1820.7;1820.8;61;1
1820.8;1821;58;10
1821;1821.1;61;1
1821.1;1821.2;58;10
1821.2;1821.4;61;1
1821.4;1821.5;58;10
1821.5;1821.7;61;1
1821.7;1821.8;58;10
1821.8;1821.9;63;3
1821.8;1822.4;57;9
1821.8;1822.1;52;4
1821.9;1821.9;60;0
1821.9;1822;63;3
1822;1822.1;60;0
1822.1;1822.2;63;3
1822.1;1822.4;54;6
1822.2;1822.4;60;0
1822.4;1822.5;63;3
1822.4;1823.5;57;9
1822.5;1822.7;60;0
1822.7;1822.8;63;3
1822.8;1822.9;60;0
1822.9;1823.1;63;3
1823.1;1823.2;60;0
1823.2;1823.4;64;4
1823.4;1823.5;59;11
1823.5;1823.6;64;4
1823.5;1824;55;7
1823.6;1823.8;59;11
1823.8;1823.9;64;4
1823.9;1824;59;11
1824;1824.2;61;1
1824;1824.2;64;4
1824;1824.8;54;6
1824.2;1824.3;59;11
1824.3;1824.5;61;1
1824.3;1824.5;64;4
1824.5;1824.8;59;11
1824.8;1824.9;61;1
1824.8;1824.9;64;4
1824.8;1825.1;52;4
1824.9;1825.1;59;11
1825.1;1825.2;62;2
1825.1;1825.2;66;6
1825.1;1826.2;50;2
1825.2;1825.5;59;11
1825.5;1825.7;62;2
1825.5;1825.7;66;6
1825.7;1825.9;59;11
1825.9;1826.1;62;2
1825.9;1826.1;66;6
1826.1;1826.2;59;11
1826.2;1826.4;62;2
1826.2;1826.4;66;6
1826.2;1827.6;49;1
1826.4;1826.5;59;11
1826.5;1826.7;62;2
1826.5;1826.7;66;6
1826.7;1826.8;59;11
1826.8;1826.9;62;2
1826.8;1826.9;66;6
1826.9;1827.1;59;11
1827.1;1827.2;62;2
1827.2;1827.3;59;11
1827.3;1827.5;62;2
1827.5;1827.6;59;11
1827.6;1827.8;62;2
1827.6;1827.9;47;11
1827.8;1827.9;59;11
1827.9;1828.1;61;1
1827.9;1830.7;54;6
1828.1;1828.5;59;11
1828.5;1828.6;61;1
1828.6;1828.8;59;11
1828.8;1828.9;61;1
1828.9;1829.1;59;11
1829.1;1829.2;61;1
1829.2;1829.3;58;10
1829.3;1829.5;61;1
1829.5;1829.6;58;10
1829.6;1829.8;61;1
1829.8;1829.9;59;11
1829.9;1830;61;1
1830;1830.2;64;4
1830.2;1830.3;61;1
1830.3;1830.4;64;4
1830.4;1830.6;61;1
1830.4;1830.7;58;10
1830.6;1830.7;64;4
1830.7;1832.5;59;11
1830.7;1830.9;63;3
1830.7;1832.5;47;11
1830.9;1831;54;6
1831;1831.1;63;3
1831.1;1831.3;54;6
1831.3;1831.5;63;3
1831.5;1831.6;54;6
1831.6;1831.8;63;3
1831.8;1831.9;54;6
1831.9;1832.1;63;3
1832.1;1832.2;54;6
1832.2;1832.3;63;3
1832.3;1832.5;54;6
1832.5;1833.3;63;3
1832.5;1832.6;59;11
1832.5;1833.3;51;3
1832.6;1832.7;54;6
1832.7;1832.9;59;11
1832.9;1833;54;6
1833;1833.2;59;11
1833.2;1833.3;54;6
1833.3;1835;54;6
1833.3;1835;66;6
1833.3;1833.4;47;11
1833.4;1833.6;51;3
1833.6;1833.7;47;11
1833.7;1833.9;51;3
1833.9;1834;47;11
1834;1834.1;51;3
1834.1;1834.3;47;11
1834.3;1834.4;51;3
1834.4;1834.6;47;11
1834.6;1834.8;51;3
1834.8;1834.9;47;11
1834.9;1835;51;3
1835;1835.6;53;5
1835;1835.6;65;5
1835;1835.2;47;11
1835.2;1835.3;51;3
1835.3;1835.4;47;11
1835.4;1835.6;51;3
1835.6;1835.9;54;6
1835.6;1835.9;66;6
1835.6;1835.7;47;11
1835.7;1835.9;51;3
1835.9;1837.5;56;8
1835.9;1837.5;68;8
1835.9;1836;47;11
1835.9;1836;51;3
1836;1836.1;53;5
1836.1;1836.3;47;11
1836.1;1836.3;51;3
1836.3;1836.4;53;5
1836.4;1836.6;47;11
1836.4;1836.6;51;3
1836.6;1836.7;53;5
1836.7;1836.8;47;11
1836.7;1836.8;51;3
1836.8;1837;53;5
1837;1837.1;47;11
1837;1837.1;51;3
1837.1;1837.3;53;5
1837.3;1837.4;47;11
1837.3;1837.4;51;3
1837.4;1837.5;53;5
1837.5;1838.1;54;6
1837.5;1838.1;66;6
1837.5;1837.7;47;11
1837.5;1837.7;51;3
1837.7;1837.8;53;5
1837.8;1838;47;11
1837.8;1838;51;3
1838;1838.1;53;5
1838.1;1838.4;56;8
1838.1;1838.4;68;8
1838.1;1838.2;47;11
1838.1;1838.2;51;3
1838.2;1838.4;53;5
1838.4;1840;58;10
1838.4;1840;70;10
1838.4;1838.5;46;10
1838.4;1838.5;50;2
1838.5;1838.6;53;5
1838.6;1838.8;46;10
1838.6;1838.8;50;2
1838.8;1838.9;53;5
1838.9;1839;46;10
1838.9;1839;50;2
1839;1839.2;53;5
1839.2;1839.3;46;10
1839.2;1839.3;50;2
1839.3;1839.5;53;5
1839.5;1839.6;46;10
1839.5;1839.6;50;2
1839.6;1839.7;53;5
1839.7;1839.9;46;10
1839.7;1839.9;50;2
1839.9;1840;53;5
1840;1840.6;56;8
1840;1840.6;68;8
1840;1840.1;46;10
1840;1840.1;49;1
1840;1840.1;52;4
1840.1;1840.3;55;7
1840.3;1840.4;46;10
1840.3;1840.4;49;1
1840.3;1840.4;52;4
1840.4;1840.6;55;7
1840.6;1840.8;58;10
1840.6;1840.8;70;10
1840.6;1840.7;46;10
1840.6;1840.7;49;1
1840.6;1840.7;52;4
1840.7;1840.8;55;7
1840.8;1842.2;61;1
1840.8;1842.2;73;1
1840.8;1841;44;8
1840.8;1841;49;1
1840.8;1841;52;4
1841;1841.1;55;7
1841.1;1841.3;44;8
1841.1;1841.3;49;1
1841.1;1841.3;52;4
1841.3;1841.4;55;7
1841.4;1841.6;44;8
1841.4;1841.6;49;1
1841.4;1841.6;52;4
1841.6;1841.7;55;7
1841.7;1841.9;44;8
1841.7;1841.9;51;3
1841.9;1842.2;56;8
1842.2;1843;59;11
1842.2;1843;71;11
1842.2;1842.4;44;8
1842.2;1842.4;51;3
1842.4;1842.7;56;8
1842.7;1842.9;44;8
1842.7;1842.9;51;3
1842.9;1843;56;8
1843;1843.5;58;10
1843;1843.5;70;10
1843;1843.1;44;8
1843;1843.1;47;11
1843.1;1843.3;51;3
1843.3;1843.4;44;8
1843.3;1843.4;47;11
1843.4;1843.5;51;3
1843.5;1844;56;8
1843.5;1844;68;8
1843.5;1843.7;44;8
1843.5;1843.7;47;11
1843.7;1844;51;3
1844;1845.1;54;6
1844;1845.1;66;6
1844;1844.4;46;10
1844.4;1844.5;51;3
1844.5;1844.7;46;10
1844.7;1844.8;51;3
1844.8;1844.9;46;10
1844.9;1845.1;51;3
1845.1;1846.5;53;5
1845.1;1846.5;65;5
1845.1;1845.2;46;10
1845.2;1845.4;54;6
1845.4;1845.5;46;10
1845.5;1845.6;54;6
1845.6;1845.8;46;10
1845.8;1845.9;54;6
1845.9;1846;46;10
1846;1846.2;54;6
1846.2;1846.3;46;10
1846.3;1846.5;54;6
1846.5;1846.8;51;3
1846.5;1846.8;63;3
1846.5;1846.6;46;10
1846.6;1846.8;54;6
1846.8;1850.3;58;10
1846.8;1848.5;63;3
1846.8;1850.3;70;10
1846.8;1847;46;10
1847;1847.2;53;5
1847.2;1847.3;46;10
1847.3;1847.4;53;5
1847.4;1847.6;46;10
1847.6;1847.7;53;5
1847.7;1847.9;46;10
1847.9;1848;53;5
1848;1848.1;46;10
1848.1;1848.3;53;5
1848.3;1848.4;46;10
1848.4;1848.5;53;5
1848.5;1850.3;62;2
1848.5;1848.7;46;10
1848.7;1848.8;53;5
1848.8;1849.6;46;10
1849.6;1849.7;53;5
1849.7;1849.9;46;10
1849.9;1850.3;53;5
1850.3;1850.4;59;11
1850.3;1850.4;63;3
1850.3;1852;35;11
1850.3;1852;47;11
1850.4;1850.5;51;3
1850.6;1850.7;59;11
1850.6;1850.7;63;3
1850.7;1850.8;51;3
1850.8;1851.1;59;11
1850.8;1851.1;63;3
1851.2;1851.3;51;3
1851.3;1851.4;59;11
1851.3;1851.4;63;3
1851.4;1851.5;51;3
1851.5;1851.6;59;11
1851.5;1851.6;63;3
1851.7;1851.8;51;3
1851.8;1851.9;59;11
1851.8;1851.9;63;3
1851.9;1852;51;3
1852;1852.1;59;11
1852;1852.1;63;3
1852;1852.5;45;9
1852.2;1852.3;51;3
1852.3;1852.4;59;11
1852.3;1852.4;63;3
1852.4;1852.5;51;3
1852.5;1852.6;59;11
1852.5;1852.6;63;3
1852.5;1853;43;7
1852.7;1852.8;51;3
1852.8;1852.9;59;11
1852.8;1852.9;63;3
1852.9;1853;51;3
1853;1853.1;59;11
1853;1853.1;63;3
1853;1853.3;47;11
1853.2;1853.3;51;3
1853.3;1853.4;59;11
1853.3;1853.4;63;3
1853.3;1853.6;45;9
1853.4;1853.5;51;3
1853.6;1853.7;58;10
1853.6;1853.7;64;4
1853.6;1856.3;43;7
1853.7;1853.8;52;4
1853.9;1854;58;10
1853.9;1854;64;4
1854;1854.1;52;4
1854.1;1854.2;58;10
1854.1;1854.2;64;4
1854.2;1854.3;52;4
1854.4;1854.5;58;10
1854.4;1854.5;64;4
1854.5;1854.6;52;4
1854.6;1854.7;58;10
1854.6;1854.7;64;4
1854.7;1854.8;52;4
1854.9;1855;58;10
1854.9;1855;64;4
1855;1855.1;52;4
1855.1;1855.2;58;10
1855.1;1855.2;64;4
1855.2;1855.3;52;4
1855.4;1855.6;58;10
1855.4;1855.6;64;4
1855.6;1856.1;52;4
1856.3;1856.4;58;10
1856.3;1856.4;64;4
1856.3;1857.1;42;6
1856.4;1856.5;52;4
1856.6;1856.7;58;10
1856.6;1856.7;64;4
1856.7;1856.8;52;4
1856.8;1856.9;58;10
1856.8;1856.9;64;4
1856.9;1857;52;4
1857.1;1857.2;58;10
1857.1;1857.2;64;4
1857.1;1857.5;40;4
1857.2;1857.3;52;4
1857.5;1858;58;10
1857.5;1858;64;4
1857.5;1863.4;48;0
1860.9;1862.9;52;4
1862.9;1863.6;54;6
1863.6;1865.1;57;9
1865.1;1865.6;55;7
1865.6;1866.7;54;6
1866.7;1867.4;52;4
1867.4;1869.8;62;2
1869.8;1870.8;60;0
1870.8;1873.2;59;11
1870.8;1873.2;47;11
1873.2;1873.7;57;9
1873.2;1873.7;45;9
1873.7;1874.2;55;7
1873.7;1874.2;43;7
1874.2;1874.4;59;11
1874.2;1874.4;47;11
1874.4;1874.7;57;9
1874.4;1874.7;45;9
1874.7;1876.7;55;7
1874.7;1876.7;43;7
1876.7;1878;54;6
1876.7;1878;42;6
1878;1878.3;52;4
1878;1878.3;40;4
1878.3;1881.5;60;0
1878.3;1892.4;48;0
1881.5;1884.3;64;4
1881.5;1892.4;52;4
1884.3;1885.3;66;6
1885.3;1886.8;69;9
1886.8;1887.3;67;7
1887.3;1888.5;66;6
1888.5;1888.8;64;4
1888.8;1890.8;74;2
1890.8;1892.4;72;0
1892.4;1893.9;71;11
1892.4;1895.2;66;6
1892.4;1893.9;59;11
1892.4;1896.1;51;3
1893.9;1894.4;69;9
1893.9;1894.4;57;9
1894.4;1895.2;67;7
1894.4;1895.2;55;7
1895.2;1896.1;66;6
1895.2;1896.1;54;6
1896.1;1898.6;66;6
1896.1;1898.6;78;6
1896.1;1899.7;58;10
1896.1;1899.7;52;4
1896.1;1899.7;48;0
1898.6;1899.7;64;4
1898.6;1899.7;76;4
1899.7;1902;63;3
1899.7;1902;75;3
1899.7;1902;59;11
1899.7;1902;54;6
1899.7;1902;47;11
1902.5;1904;64;4
1902.5;1904;71;11
1902.5;1904;76;4
1902.5;1904;52;4
1902.5;1904;55;7
1904.5;1906.4;74;2
1904.5;1906.9;64;4
1904.5;1906.9;69;9
1904.5;1906.9;45;9
1904.5;1906.9;57;9
1906.4;1906.9;72;0
1906.9;1909.8;71;11
1906.9;1910.8;63;3
1906.9;1910.1;54;6
1906.9;1910.8;47;11
1909.8;1910.1;69;9
1910.1;1910.4;67;7
1910.1;1910.8;55;7
1910.4;1910.6;71;11
1910.6;1910.8;69;9
1910.8;1912.9;67;7
1910.8;1914.3;63;3
1910.8;1914.3;57;9
1910.8;1914.3;48;0
1912.9;1914.3;66;6
1914.3;1916.5;59;11
1914.3;1916.8;63;3
1914.3;1916.8;69;9
1914.3;1916.8;54;6
1914.3;1916.8;47;11
1916.5;1916.8;57;9
1916.8;1917.3;55;7
1917.3;1917.5;59;11
1917.5;1917.6;57;9
1917.6;1919.1;55;7
1917.6;1924.5;51;3
1917.6;1923.3;48;0
1919.1;1923.3;54;6
1923.3;1924.5;54;6
1923.3;1924.5;57;9
1923.3;1924.2;47;11
1924.2;1924.5;45;9
1924.5;1924.8;43;7
1924.8;1924.9;47;11
1924.9;1925.1;45;9
1925.1;1926.3;43;7
1926.3;1928.6;42;6
1928.6;1930.6;48;0
1930.6;1931.3;47;11
1931.3;1933.1;45;9
1933.1;1934.3;55;7
1934.3;1938.9;54;6
1938.9;1941.1;60;0
1941.1;1942.3;59;11
1942.3;1942.8;57;9
1942.8;1944.9;67;7
1944.9;1945.7;66;6
1945.7;1947;64;4
1947;1948.9;62;2
1948.9;1949;60;0
1949;1951.9;69;9
1951.9;1952.3;67;7
1952.3;1953;66;6
1953;1954.3;64;4
1954.3;1956.3;74;2
1956.3;1957.6;72;0
1957.6;1957.8;72;0
1957.8;1958.9;71;11
1958.9;1959.3;69;9
1959.3;1960.5;67;7
1960.5;1962.2;66;6
1962.2;1964.6;78;6
1962.2;1967;70;10
1962.2;1967;60;0
1962.2;1967;64;4
1964.6;1967;76;4
1967;1970.6;75;3
1967;1970.6;71;11
1967;1970.6;59;11
1967;1970.6;66;6
1973.5;1975.7;76;4
1975.7;1976.2;72;0
1976.2;1977.1;69;9
1977.1;1979.3;67;7
1979.3;1981.7;66;6
1981.7;1983.5;72;0
1983.5;1984.3;69;9
1984.3;1985;65;5
1985;1987.9;64;4
1987.9;1988.2;63;3
1988.2;1988.6;64;4
1988.6;1989.1;66;6
1989.1;1992;67;7
1992;1992.9;66;6
1992.9;1993;64;4
1993;1995.4;62;2
1995.4;1995.7;60;0
1995.7;1996.8;59;11
1996.8;2001;66;6
1996.8;2001.6;58;10
1996.8;2001.6;48;0
1996.8;2001.6;52;4
2001;2001.6;64;4
2001.6;2005.3;54;6
2001.6;2005.3;59;11
2001.6;2005.3;63;3
2001.6;2001.9;47;11
2002;2002.1;48;0
2002.1;2002.2;47;11
2002.2;2002.3;46;10
2002.3;2002.4;47;11
2002.4;2002.8;50;2
2002.8;2003.2;48;0
2003.2;2003.4;47;11
2003.4;2004.2;47;11
2005.3;2007;55;7
2005.3;2007;60;0
2005.3;2007;64;4
2006;2006.1;48;0
2006.1;2006.2;47;11
2006.2;2006.3;46;10
2006.3;2006.4;47;11
2006.4;2006.6;50;2
2006.6;2006.8;48;0
2006.8;2007;47;11
2007;2007.6;62;2
2007;2007.4;47;11
2007.6;2007.8;60;0
2007.8;2010.4;71;11
2007.8;2011.4;60;0
2007.8;2011.4;64;4
2007.8;2011.4;66;6
2009.3;2009.3;48;0
2009.3;2009.4;47;11
2009.4;2009.6;46;10
2009.6;2009.8;47;11
2009.8;2010.1;50;2
2010.1;2010.2;48;0
2010.2;2010.4;47;11
2010.4;2011.4;69;9
2010.4;2010.7;47;11
2011.4;2013;60;0
2011.4;2013;64;4
2011.4;2013;67;7
2012;2012;48;0
2012;2012.1;47;11
2012.1;2012.2;46;10
2012.2;2012.4;47;11
2012.4;2012.5;50;2
2012.5;2012.6;48;0
2012.6;2013;47;11
2013;2013.8;66;6
2013;2013.3;47;11
2013.8;2014;64;4
2014;2014.9;74;2
2014;2017.4;64;4
2014;2015.2;66;6
2014.5;2014.5;48;0
2014.5;2014.6;47;11
2014.6;2014.7;46;10
2014.7;2014.9;47;11
2014.9;2015;50;2
2014.9;2015.2;72;0
2015;2015.1;48;0
2015.1;2015.2;47;11
2015.2;2016.8;71;11
2015.2;2017.4;67;7
2015.2;2016.6;47;11
2016.8;2017.4;70;10
2017.4;2019.3;64;4
2017.4;2019.3;70;10
2017.4;2019.3;76;4
2018.2;2018.2;48;0
2018.2;2018.3;47;11
2018.3;2018.5;46;10
2018.5;2018.8;47;11
2018.8;2019;50;2
2019;2019.1;48;0
2019.1;2019.3;47;11
2019.3;2020.5;76;4
2019.3;2020;47;11
2020.5;2020.8;78;6
2020.8;2022.5;70;10
2020.8;2022.5;76;4
2020.8;2022.5;79;7
2021.3;2021.4;48;0
2021.4;2021.5;47;11
2021.5;2021.6;46;10
2021.6;2021.7;47;11
2021.7;2021.9;50;2
2021.9;2022.2;48;0
2022.2;2022.5;47;11
2022.5;2023.6;67;7
2022.5;2023.5;47;11
2023.6;2024.4;64;4
2024.4;2025.9;66;6
2024.4;2025.9;71;11
2024.4;2025.9;75;3
2024.4;2025.9;59;11
2025.9;2029.2;67;7
2025.9;2029.2;76;4
2025.9;2029.2;52;4
2025.9;2029.2;59;11
2025.9;2029.2;64;4
2029.2;2031.7;74;2
2029.2;2032;64;4
2029.2;2032;69;9
2029.2;2032;57;9
2029.2;2032;60;0
2031.7;2032;72;0
2032;2032.9;71;11
2032;2035.7;66;6
2032;2035.7;59;11
2032;2035.7;63;3
2032.9;2033.2;69;9
2033.2;2035.2;67;7
2035.2;2035.4;71;11
2035.4;2035.7;69;9
2035.7;2038.7;67;7
2035.7;2039.3;60;0
2035.7;2039.3;63;3
2038.7;2039.3;66;6
2039.3;2042;63;3
2039.3;2042;66;6
2039.3;2042;69;9
2039.3;2039.6;59;11
2039.6;2040.2;59;11
2040.2;2042.3;59;11
2042;2043.2;71;11
2042.3;2043.2;59;11
2043.2;2045.5;76;4
2043.2;2046.4;43;7
2043.2;2046.4;52;4
2044.2;2044.9;59;11
2044.9;2045.2;57;9
2045.2;2045.5;55;7
2045.5;2046.3;59;11
2046.3;2046.4;57;9
2046.4;2047.7;76;4
2046.4;2047.1;55;7
2046.4;2049.8;45;9
2046.4;2049.8;52;4
2046.7;2047.4;72;0
2047.1;2049.8;54;6
2047.4;2047.7;71;11
2047.7;2048;66;6
2047.7;2048;69;9
2048;2048.8;72;0
2048.8;2049.8;71;11
2049.8;2052.1;76;4
2049.8;2051.1;69;9
2049.8;2053.2;47;11
2049.8;2053.2;52;4
2050.6;2051.8;62;2
2051.1;2053.2;68;8
2051.8;2052.1;60;0
2052.1;2052.7;74;2
2052.1;2052.5;59;11
2052.5;2052.7;62;2
2052.7;2053.2;72;0
2052.7;2053.2;60;0
2053.2;2054.1;71;11
2053.2;2054.1;59;11
2053.2;2056.6;48;0
2053.2;2056.6;52;4
2053.6;2054.5;76;4
2054.1;2054.5;69;9
2054.1;2056.6;57;9
2054.5;2054.8;74;2
2054.8;2055.6;72;0
2055.6;2055.7;71;11
2055.7;2055.7;72;0
2055.7;2055.9;74;2
2055.9;2056.6;72;0
2056.6;2057.3;69;9
2056.6;2057.3;72;0
2056.6;2059.6;54;6
2056.6;2059.6;51;3
2057.3;2058;72;0
2057.6;2058.7;57;9
2058;2058.7;69;9
2058.7;2059.3;66;6
2058.7;2059.6;60;0
2059.3;2059.6;64;4
2059.6;2063.6;54;6
2059.6;2063.6;57;9
2059.6;2063.6;60;0
2059.6;2063.6;63;3
2059.9;2061;72;0
2059.9;2061;76;4
2061;2063;71;11
2061;2063;74;2
2063;2063.1;69;9
2063;2063.1;72;0
2063.1;2063.3;74;2
2063.1;2063.2;72;0
2063.2;2063.3;71;11
2063.2;2063.3;72;0
2063.3;2063.4;72;0
2063.3;2063.4;76;4
2063.4;2063.5;71;11
2063.4;2063.5;74;2
2063.5;2063.6;69;9
2063.5;2063.6;72;0
2063.6;2065.4;72;0
2063.6;2065;67;7
2063.6;2067.5;57;9
2063.6;2067.5;60;0
2063.6;2067.5;64;4
2064.7;2065.4;76;4
2065;2067.5;66;6
2065.4;2065.8;72;0
2065.8;2066.1;69;9
2066.1;2067.5;67;7
2067.2;2067.5;76;4
2067.5;2069.6;76;4
2067.5;2068.5;66;6
2067.5;2068.5;69;9
2067.5;2071;60;0
2068.2;2068.9;81;9
2068.5;2069.6;67;7
2068.5;2069.6;71;11
2068.9;2069.6;79;7
2069.6;2070.4;77;5
2069.6;2071;69;9
2069.6;2071;72;0
2070.4;2070.6;81;9
2070.6;2071;79;7
2071;2071.7;77;5
2071;2074.6;61;1
2071;2074.6;67;7
2071;2074.6;70;10
2071.7;2073.7;76;4
2073.7;2073.8;77;5
2073.8;2073.8;76;4
2073.8;2074;74;2
2074;2074.6;76;4
2074.6;2074.9;79;7
2074.6;2078;62;2
2074.6;2078;65;5
2074.6;2078;69;9
2074.9;2075.6;77;5
2075.6;2076;76;4
2076;2076.5;74;2
2076.5;2076.8;72;0
2076.8;2078;70;10
2078;2080.2;69;9
2078;2078;47;11
2078;2078;51;3
2078.1;2078.1;54;6
2078.1;2078.2;47;11
2078.1;2078.2;51;3
2078.2;2078.3;54;6
2078.3;2078.3;47;11
2078.3;2078.3;51;3
2078.4;2078.4;54;6
2078.4;2078.5;47;11
2078.4;2078.5;51;3
2078.5;2078.6;54;6
2078.6;2078.6;47;11
2078.6;2078.6;51;3
2078.7;2078.7;54;6
2078.7;2078.8;47;11
2078.7;2078.8;51;3
2078.8;2078.9;54;6
2078.9;2078.9;47;11
2078.9;2078.9;51;3
2079;2079;54;6
2079.1;2080.1;47;11
2079.1;2080.1;51;3
2080.1;2080.2;54;6
2080.2;2080.5;69;9
2080.2;2080.2;47;11
2080.2;2080.2;51;3
2080.3;2080.3;54;6
2080.3;2080.4;47;11
2080.3;2080.4;51;3
2080.4;2080.5;54;6
2080.5;2081.1;71;11
2080.5;2080.6;47;11
2080.5;2080.6;51;3
2080.6;2080.7;54;6
2080.7;2080.7;47;11
2080.7;2080.7;51;3
2080.7;2081;54;6
2081.1;2082.9;72;0
2081.1;2082.2;69;9
2081.1;2081.6;47;11
2081.1;2081.6;52;4
2081.6;2081.7;57;9
2081.7;2081.8;47;11
2081.7;2081.8;52;4
2081.8;2081.8;57;9
2081.9;2082;47;11
2081.9;2082;52;4
2082;2082.1;57;9
2082.1;2082.1;47;11
2082.1;2082.1;52;4
2082.1;2082.2;57;9
2082.2;2082.9;64;4
2082.2;2082.3;47;11
2082.2;2082.3;52;4
2082.3;2082.4;57;9
2082.4;2082.4;47;11
2082.4;2082.4;52;4
2082.4;2082.5;57;9
2082.6;2082.6;47;11
2082.6;2082.6;52;4
2082.7;2082.7;57;9
2082.8;2082.8;47;11
2082.8;2082.8;52;4
2082.8;2082.9;57;9
2082.9;2083.9;69;9
2082.9;2083.9;60;0
2082.9;2083;47;11
2082.9;2083;52;4
2083;2083.1;57;9
2083.1;2083.2;47;11
2083.1;2083.2;52;4
2083.2;2083.2;57;9
2083.2;2083.3;47;11
2083.2;2083.3;52;4
2083.3;2083.4;57;9
2083.5;2083.5;47;11
2083.5;2083.5;52;4
2083.6;2083.8;57;9
2083.9;2084.6;69;9
2083.9;2086.6;66;6
2083.9;2086.6;75;3
2083.9;2083.9;47;11
2084;2084.1;60;0
2084.1;2084.2;47;11
2084.2;2084.2;60;0
2084.3;2084.3;47;11
2084.3;2084.4;60;0
2084.4;2084.5;47;11
2084.5;2084.5;60;0
2084.6;2085.8;71;11
2084.6;2084.6;47;11
2084.7;2084.7;59;11
2084.8;2084.8;47;11
2084.8;2084.9;59;11
2084.9;2085;47;11
2085;2085.1;59;11
2085.1;2085.2;47;11
2085.6;2085.8;59;11
2085.8;2086.6;72;0
2085.8;2085.9;47;11
2085.9;2086;57;9
2086;2086.1;47;11
2086.1;2086.1;57;9
2086.1;2086.2;47;11
2086.2;2086.3;57;9
2086.3;2086.4;47;11
2086.5;2086.6;57;9
2086.6;2087.9;67;7
2086.6;2087.9;72;0
2086.6;2087.9;76;4
2086.6;2086.7;47;11
2086.8;2086.9;55;7
2086.9;2087;47;11
2087;2087;55;7
2087;2087.1;47;11
2087.1;2087.2;55;7
2087.2;2087.3;47;11
2087.3;2087.3;55;7
2087.3;2087.4;47;11
2087.4;2087.5;54;6
2087.5;2087.6;47;11
2087.6;2087.6;54;6
2087.6;2087.7;47;11
2087.7;2087.8;54;6
2087.8;2087.9;47;11
2087.9;2087.9;54;6
2087.9;2088.8;72;0
2087.9;2090.2;67;7
2087.9;2090.2;76;4
2087.9;2088.1;47;11
2088.1;2088.3;52;4
2088.3;2088.5;47;11
2088.5;2088.8;52;4
2088.8;2090.2;71;11
2088.8;2089.7;47;11
2089.7;2089.9;50;2
2089.9;2090.2;47;11
2090.2;2090.2;50;2
2090.2;2091.8;67;7
2090.2;2091.8;70;10
2090.2;2091.8;79;7
2090.2;2092.1;48;0
2090.2;2092.1;52;4
2090.2;2092.1;58;10
2091.8;2092.1;64;4
2092.1;2093.9;64;4
2093.9;2095.8;67;7
2093.9;2098.7;58;10
2093.9;2098.7;64;4
2093.9;2098.7;42;6
2093.9;2098.7;49;1
2093.9;2098.7;54;6
2095.8;2098.5;66;6
2098.5;2098.7;66;6
2098.7;2099.6;59;11
2098.7;2099.6;63;3
2098.7;2099.6;71;11
2098.7;2099.9;47;11
2099.6;2099.7;59;11
2099.6;2099.7;63;3
2099.7;2099.7;54;6
2099.8;2099.8;59;11
2099.8;2099.8;63;3
2099.8;2099.9;54;6
2099.9;2100;59;11
2099.9;2100;63;3
2099.9;2100.3;45;9
2100;2100;54;6
2100.1;2100.1;59;11
2100.1;2100.1;63;3
2100.1;2100.2;54;6
2100.3;2100.5;59;11
2100.3;2100.5;63;3
2100.3;2101.1;43;7
2100.5;2101;55;7
2101;2101.1;59;11
2101;2101.1;63;3
2101.1;2101.1;55;7
2101.1;2101.4;59;11
2101.1;2101.4;63;3
2101.1;2101.5;47;11
2101.4;2101.5;55;7
2101.5;2102;59;11
2101.5;2102;63;3
2101.5;2102.1;45;9
2102;2102.1;55;7
2102.1;2102.2;58;10
2102.1;2102.2;64;4
2102.1;2105;43;7
2102.2;2102.3;52;4
2102.3;2102.3;58;10
2102.3;2102.3;64;4
2102.3;2102.4;52;4
2102.4;2102.5;58;10
2102.4;2102.5;64;4
2102.5;2102.6;52;4
2102.6;2103;58;10
2102.6;2103;64;4
2103;2103.1;52;4
2103.1;2103.2;58;10
2103.1;2103.2;64;4
2103.3;2103.4;52;4
2103.4;2103.8;58;10
2103.4;2103.8;64;4
2103.8;2103.9;52;4
2103.9;2104.1;58;10
2103.9;2104.1;64;4
2104.2;2104.2;52;4
2104.2;2104.4;58;10
2104.2;2104.4;64;4
2104.9;2105;52;4
2105;2105;58;10
2105;2105;64;4
2105;2106.2;42;6
2105.1;2105.9;52;4
2105.9;2106;58;10
2105.9;2106;64;4
2106;2106;52;4
2106;2106.1;58;10
2106;2106.1;64;4
2106.1;2106.2;52;4
2106.2;2106.3;58;10
2106.2;2106.3;64;4
2106.2;2106.3;40;4
2106.3;2106.3;52;4
2106.3;2107.9;58;10
2106.3;2107.9;64;4
2106.3;2109.9;48;0
2108.3;2108.9;64;4
2108.9;2109.5;62;2
2109.5;2109.9;60;0
2109.9;2111.4;57;9
2109.9;2111.4;60;0
2109.9;2111.4;64;4
2109.9;2111.4;69;9
2110.7;2111;42;6
2110.7;2111;48;0
2110.7;2111;52;4
2111.8;2113.3;57;9
2113.3;2114.1;60;0
2114.1;2114.5;60;0
2114.5;2115.8;59;11
2115.8;2116.5;60;0
2115.8;2116.3;47;11
2115.8;2116.3;51;3
2115.8;2116.3;54;6
2115.8;2116.3;57;9
2116.5;2116.6;59;11
2116.6;2116.9;64;4
2116.9;2117.2;59;11
2117.2;2117.6;64;4
2117.6;2117.8;55;7
2117.6;2117.8;59;11
2117.8;2118;59;11
2117.8;2118;64;4
2118;2118.6;64;4
2118;2118.6;67;7
2118;2118.7;52;4
2118;2118.7;55;7
2118;2118.7;59;11
2118.6;2118.8;66;6
2118.8;2119.5;64;4
2119.5;2121.1;69;9
2119.8;2120.1;57;9
2119.8;2120.1;62;2
2119.8;2120.1;54;6
2120.1;2120.4;62;2
2120.1;2120.4;66;6
2120.1;2120.4;57;9
2120.4;2120.5;57;9
2120.4;2120.5;62;2
2120.4;2120.5;54;6
2120.5;2121.1;62;2
2120.5;2121.1;66;6
2120.5;2121.1;57;9
2121.1;2121.4;62;2
2121.1;2121.4;66;6
2121.1;2121.4;69;9
2121.1;2121.5;50;2
2121.1;2121.5;54;6
2121.1;2121.5;60;0
2121.4;2121.6;66;6
2121.6;2122.3;62;2
2122.3;2122.6;71;11
2122.6;2123.3;62;2
2123.3;2123.8;59;11
2123.3;2123.8;67;7
2123.8;2123.9;59;11
2123.8;2123.9;62;2
2123.9;2124.1;59;11
2123.9;2124.1;62;2
2123.9;2124.1;67;7
2124.1;2124.7;63;3
2124.1;2124.7;67;7
2124.1;2124.7;71;11
2124.1;2124.7;35;11
2124.1;2124.7;47;11
2124.7;2125.3;64;4
2124.7;2125.3;67;7
2124.7;2127.2;36;0
2124.7;2127.2;48;0
2125.3;2126;60;0
2125.3;2126;64;4
2126;2127.2;55;7
2126;2127.2;60;0
2127.2;2127.7;55;7
2127.2;2130.2;48;0
2127.2;2130.2;51;3
2127.7;2127.8;55;7
2127.8;2128.8;55;7
2128.8;2129.3;54;6
2129.3;2130.2;57;9
2130.2;2131.4;54;6
2130.2;2131.4;57;9
2130.2;2130.7;47;11
2130.2;2130.7;51;3
2130.6;2130.9;51;3
2130.7;2130.9;39;3
2130.7;2130.9;40;4
2130.8;2130.9;42;6
2130.8;2130.9;43;7
2130.9;2131.1;45;9
2131.1;2131.4;43;7
2131.4;2131.8;42;6
2131.4;2131.8;63;3
2131.4;2131.8;64;4
2131.5;2131.8;66;6
2131.8;2131.8;67;7
2131.8;2132.7;69;9
2131.8;2132.2;40;4
2132.2;2132.5;38;2
2132.5;2132.7;36;0
2132.7;2132.9;69;9
2132.7;2133;35;11
2132.9;2133.1;66;6
2133.1;2133.3;63;3
2133.1;2133.3;40;4
2133.2;2133.3;42;6
2133.2;2133.3;43;7
2133.3;2133.3;45;9
2133.3;2134.1;71;11
2133.3;2133.5;47;11
2133.5;2133.8;45;9
2133.8;2134.1;43;7
2134.1;2134.3;42;6
2134.3;2134.5;40;4
2134.4;2134.7;71;11
2134.5;2134.7;38;2
2134.7;2134.9;71;11
2134.7;2135;37;1
2134.9;2135.1;67;7
2135.1;2135.4;64;4
2135.2;2135.4;37;1
2135.2;2135.4;38;2
2135.3;2135.4;40;4
2135.4;2136.1;66;6
2135.4;2135.8;42;6
2135.8;2136;40;4
2136;2136.2;38;2
2136.1;2136.2;61;1
2136.1;2136.2;62;2
2136.2;2136.2;64;4
2136.2;2136.8;66;6
2136.2;2136.4;37;1
2136.4;2136.6;35;11
2136.6;2136.8;33;9
2136.8;2137.3;59;11
2136.8;2137.3;66;6
2136.8;2137.3;71;11
2136.8;2138.7;43;7
2136.8;2138.7;47;11
2136.8;2138.2;54;6
2137.3;2137.5;59;11
2137.5;2137.9;61;1
2137.9;2138.2;62;2
2138.2;2138.6;64;4
2138.2;2138.7;52;4
2138.6;2138.9;66;6
2138.9;2139.1;67;7
2139.1;2139.7;58;10
2139.5;2139.7;42;6
2139.7;2141.1;54;6
2140.2;2140.3;58;10
2140.2;2140.3;61;1
2140.2;2140.3;66;6
2140.3;2141.9;67;7
2140.3;2141.9;71;11
2140.3;2141.9;74;2
2141.1;2141.4;40;4
2141.4;2142.3;52;4
2141.9;2142;62;2
2142;2144.2;67;7
2142;2142.6;59;11
2142;2142.3;61;1
2142.3;2142.6;62;2
2142.3;2142.6;50;2
2142.6;2142.9;58;10
2142.6;2144.2;64;4
2142.6;2142.9;49;1
2142.9;2143.9;60;0
2142.9;2143.9;47;11
2143.9;2144.2;61;1
2143.9;2144.2;46;10
2144.2;2144.5;73;1
2144.5;2145.1;73;1
2145.1;2145.5;64;4
2145.5;2145.9;66;6
2145.9;2146.3;67;7
2146.3;2146.4;64;4
2146.4;2147;71;11
2147;2147.3;70;10
2147.3;2147.6;71;11
2147.6;2148.1;73;1
2147.6;2148.6;42;6
2148.1;2148.3;55;7
2148.1;2148.3;61;1
2148.3;2148.7;58;10
2148.3;2148.7;61;1
2148.3;2148.7;64;4
2148.6;2149.3;43;7
2148.6;2149.3;55;7
2148.7;2148.9;58;10
2148.7;2148.9;61;1
2148.7;2148.9;64;4
2148.9;2149.3;59;11
2148.9;2149.3;62;2
2149.3;2149.6;62;2
2149.3;2149.6;71;11
2149.3;2149.6;42;6
2149.3;2149.6;54;6
2149.6;2149.9;71;11
2149.6;2150.5;62;2
2149.6;2150.5;68;8
2149.6;2150.5;41;5
2149.6;2150.5;53;5
2149.9;2150.2;73;1
2150.2;2150.8;74;2
2150.8;2151.1;71;11
2151.1;2151.5;67;7
2151.5;2152.1;66;6
2151.5;2152.6;44;8
2151.8;2152.8;59;11
2151.8;2152.8;62;2
2152;2152.1;50;2
2152.1;2152.9;65;5
2152.1;2153.3;53;5
2152.6;2153.3;45;9
2152.8;2152.9;59;11
2152.8;2152.9;62;2
2152.9;2153.3;59;11
2152.9;2153.3;62;2
2152.9;2153.3;65;5
2153.3;2153.7;68;8
2153.3;2153.7;74;2
2153.3;2153.4;53;5
2153.3;2153.7;47;11
2153.4;2153.7;56;8
2153.7;2154;68;8
2153.7;2154.9;65;5
2153.7;2154.9;49;1
2153.7;2154.9;56;8
2153.7;2154.9;59;11
2154;2154.6;69;9
2154.6;2155.2;71;11
2155.2;2155.5;69;9
2155.5;2155.8;68;8
2155.8;2155.9;62;2
2155.8;2155.9;66;6
2155.8;2156.8;50;2
2155.9;2156;57;9
2156;2156;62;2
2156;2156;66;6
2156;2156.1;57;9
2156.1;2156.2;62;2
2156.1;2156.2;66;6
2156.2;2156.3;57;9
2156.3;2156.3;62;2
2156.3;2156.3;66;6
2156.3;2156.4;57;9
2156.5;2156.6;62;2
2156.5;2156.6;66;6
2156.6;2156.6;57;9
2156.7;2156.7;62;2
2156.7;2156.7;66;6
2156.7;2156.8;57;9
2156.8;2156.9;62;2
2156.8;2156.9;66;6
2156.8;2157.1;48;0
2156.9;2156.9;57;9
2157;2157;62;2
2157;2157;66;6
2157;2157.1;57;9
2157.1;2157.2;62;2
2157.1;2157.2;66;6
2157.1;2157.4;46;10
2157.2;2157.2;58;10
2157.3;2157.3;62;2
2157.3;2157.3;66;6
2157.3;2157.4;58;10
2157.4;2157.5;62;2
2157.4;2157.5;66;6
2157.4;2158.1;50;2
2157.6;2158;58;10
2158.1;2158.7;62;2
2158.1;2158.7;66;6
2158.1;2158.9;48;0
2158.8;2158.9;58;10
2158.9;2159;63;3
2158.9;2159;66;6
2158.9;2161.3;46;10
2159;2159.1;60;0
2159.2;2159.2;63;3
2159.2;2159.2;66;6
2159.2;2159.3;60;0
2159.3;2159.4;63;3
2159.3;2159.4;66;6
2159.4;2159.5;60;0
2159.5;2159.6;63;3
2159.5;2159.6;66;6
2159.6;2160.6;60;0
2160.7;2160.7;63;3
2160.7;2160.7;66;6
2160.7;2160.8;60;0
2160.8;2160.9;63;3
2160.8;2160.9;66;6
2160.9;2160.9;60;0
2161;2161;63;3
2161;2161;66;6
2161;2161.1;60;0
2161.1;2161.2;63;3
2161.1;2161.2;66;6
2161.2;2161.2;60;0
2161.3;2161.4;63;3
2161.3;2161.4;66;6
2161.3;2161.6;45;9
2161.4;2161.6;63;3
2161.6;2161.7;62;2
2161.7;2161.9;60;0
2161.9;2162.2;67;7
2162.2;2162.6;66;6
2162.6;2163.6;69;9
2163.6;2164.4;60;0
2164.6;2164.7;60;0
2164.7;2165;69;9
2165;2165.2;60;0
2165.2;2165.3;62;2
2165.3;2166.2;63;3
2166.2;2167.4;62;2
2167.4;2167.8;60;0
2167.8;2169.2;66;6
2167.8;2167.9;59;11
2167.8;2167.9;63;3
2167.8;2170;47;11
2167.9;2168;54;6
2168;2168.1;59;11
2168;2168.1;63;3
2168.1;2168.1;54;6
2168.2;2168.2;59;11
2168.2;2168.2;63;3
2168.2;2168.4;54;6
2168.5;2169;59;11
2168.5;2169;63;3
2169;2169.1;54;6
2169.2;2169.7;59;11
2169.2;2169.7;63;3
2169.8;2169.8;54;6
2169.8;2169.9;59;11
2169.8;2169.9;63;3
2169.9;2170;54;6
2170;2170;59;11
2170;2170;63;3
2170;2170.3;45;9
2170.1;2170.1;54;6
2170.1;2170.2;59;11
2170.1;2170.2;63;3
2170.2;2170.3;54;6
2170.3;2170.3;59;11
2170.3;2170.3;63;3
2170.3;2170.6;43;7
2170.4;2170.4;55;7
2170.4;2170.5;59;11
2170.4;2170.5;63;3
2170.5;2170.6;55;7
2170.6;2170.6;59;11
2170.6;2170.6;63;3
2170.6;2170.7;47;11
2170.7;2170.7;55;7
2170.7;2170.8;59;11
2170.7;2170.8;63;3
2170.7;2170.9;45;9
2170.8;2170.9;55;7
2170.9;2170.9;61;1
2170.9;2170.9;64;4
2170.9;2172.1;43;7
2171;2171;58;10
2171;2171.1;61;1
2171;2171.1;64;4
2171.1;2171.2;58;10
2171.2;2171.2;61;1
2171.2;2171.2;64;4
2171.3;2171.3;58;10
2171.3;2171.4;61;1
2171.3;2171.4;64;4
2171.4;2171.5;58;10
2171.5;2171.5;61;1
2171.5;2171.5;64;4
2171.6;2171.6;58;10
2171.6;2171.7;61;1
2171.6;2171.7;64;4
2171.7;2171.8;58;10
2171.8;2171.8;61;1
2171.8;2171.8;64;4
2171.9;2171.9;58;10
2171.9;2172;61;1
2171.9;2172;64;4
2172;2172.1;58;10
2172.1;2173;61;1
2172.1;2173;64;4
2172.1;2173;42;6
2173;2173.6;64;4
2173.6;2174.3;67;7
2174.3;2174.7;58;10
2174.3;2174.7;61;1
2174.3;2174.7;42;6
2174.3;2174.7;52;4
2175.7;2176.3;64;4
2176.3;2177;62;2
2177;2177.4;59;11
2177;2177.4;42;6
2177;2177.4;50;2
2177.7;2178.2;66;6
2178.2;2178.5;64;4
2178.5;2179.1;62;2
2179.1;2180.1;60;0
2180.4;2180.7;55;7
2180.4;2180.7;60;0
2180.4;2180.7;40;4
2180.4;2180.7;52;4
2181.3;2181.7;60;0
2181.7;2183.2;59;11
2181.7;2184.3;41;5
2181.7;2184.3;50;2
2181.7;2184.3;55;7
2182.1;2182.3;61;1
2182.3;2182.6;62;2
2182.6;2183.4;71;11
2183.4;2183.8;69;9
2183.8;2184.3;67;7
2184.3;2184.6;66;6
2184.6;2185;70;10
2185;2186;42;6
2185.5;2186;49;1
2185.8;2186;58;10
2186.3;2187.1;66;6
2187.1;2187.2;66;6
2187.2;2188;66;6
2187.2;2189.5;48;0
2187.2;2189.5;52;4
2187.2;2189.5;57;9
2188;2188.3;64;4
2188.3;2188.9;64;4
2188.9;2190.3;62;2
2190.3;2190.5;60;0
2190.5;2196.2;69;9
2190.5;2191.1;59;11
2190.5;2190.8;47;11
2190.5;2190.8;51;3
2190.6;2190.8;54;6
2196.2;2196.5;67;7
2196.5;2196.9;66;6
2196.9;2197.2;64;4
2197.2;2198.6;74;2
2198.6;2201.2;72;0
2201.2;2202.8;71;11
2202.8;2204.5;69;9
2204.5;2205;67;7
2205;2205.2;66;6
2205.2;2206.7;78;6
2205.2;2208.9;60;0
2205.2;2208.9;64;4
2205.2;2208.9;70;10
2206.7;2208.9;76;4
2208.9;2211.9;75;3
2208.9;2211.9;59;11
2208.9;2211.9;66;6
2208.9;2211.9;71;11
2211.9;2213.1;68;8
2211.9;2213.1;76;4
2211.9;2213.1;52;4
2211.9;2213.1;59;11
2211.9;2213.1;62;2
2213.1;2216.7;74;2
2213.1;2217.6;64;4
2213.1;2217.6;67;7
2213.1;2215.7;58;10
2213.1;2219.1;45;9
2215.7;2223.5;57;9
2216.7;2217.6;73;1
2217.6;2219.7;72;0
2217.6;2219.1;64;4
2217.6;2222.2;66;6
2219.1;2222.2;63;3
2219.1;2222.2;47;11
2219.7;2220.3;71;11
2220.3;2221.7;69;9
2221.7;2222.2;67;7
2222.2;2222.9;66;6
2222.2;2224.1;63;3
2222.2;2226.9;48;0
2222.9;2223.8;69;9
2223.5;2224.1;51;3
2223.8;2224.1;67;7
2224.1;2224.5;66;6
2224.1;2226.9;54;6
2224.5;2224.6;69;9
2224.6;2224.7;67;7
2224.7;2226.9;66;6
2226.9;2228.7;63;3
2226.9;2228.7;66;6
2226.9;2227.5;57;9
2226.9;2228.7;47;11
2227.2;2227.8;72;0
2227.5;2228.1;54;6
2227.8;2228.1;71;11
2228.1;2228.4;69;9
2228.1;2228.7;51;3
2228.4;2228.5;72;0
2228.5;2228.6;71;11
2228.6;2228.7;69;9
2228.7;2231.6;68;8
2228.7;2229.8;59;11
2228.7;2233;52;4
2229.4;2231;77;5
2229.8;2231.6;56;8
2231;2231.6;76;4
2231.6;2231.8;74;2
2231.6;2233;59;11
2231.8;2231.9;73;1
2231.8;2231.9;74;2
2231.9;2232;78;6
2232;2232.4;76;4
2232.4;2233;74;2
2233;2233.7;69;9
2233;2233.7;73;1
2233;2234.3;52;4
2233;2234.3;57;9
2233;2234.3;45;9
2233.7;2235.3;85;1
2234.3;2236.1;61;1
2234.3;2241.1;57;9
2235.3;2236.4;83;11
2236.1;2241.1;61;1
2236.1;2241.1;64;4
2236.4;2236.6;81;9
2236.6;2236.8;75;3
2236.8;2237;78;6
2237;2241.1;76;4
2241.1;2241.6;69;9
2241.1;2241.6;73;1
2241.1;2241.6;76;4
2241.1;2241.6;64;4
2241.6;2242;64;4
2242;2242.8;64;4
2242;2243.4;60;0
2242;2242.8;52;4
2242.8;2243.1;69;9
2242.8;2243.4;53;5
2243.1;2243.4;71;11
2243.4;2244;72;0
2243.4;2244;63;3
2243.4;2244;54;6
2243.4;2245;45;9
2244;2244.6;66;6
2244;2245;60;0
2244;2244.6;52;4
2244.6;2244.9;67;7
2244.6;2245.5;51;3
2244.9;2245;69;9
2245;2245.8;71;11
2245;2246.1;59;11
2245;2245.5;66;6
2245;2246.7;43;7
2245.5;2246.1;64;4
2245.5;2246.1;52;4
2245.8;2246.1;71;11
2246.1;2247;71;11
2246.1;2247;74;2
2246.1;2247.3;62;2
2246.1;2246.7;53;5
2246.7;2246.7;37;1
2246.7;2248.5;49;1
2247;2248.5;65;5
2247.3;2247.9;74;2
2247.3;2248.5;56;8
2247.3;2248.5;59;11
2247.9;2248.2;73;1
2248.2;2248.5;71;11
2248.5;2248.7;71;11
2248.5;2249;61;1
2248.5;2249;64;4
2248.5;2249;54;6
2248.7;2249;70;10
2249;2250.2;58;10
2249;2250.2;61;1
2249;2250.2;64;4
2249;2249.6;42;6
2249.6;2250.1;41;5
2250.1;2250.2;42;6
2250.2;2250.5;57;9
2250.2;2250.5;64;4
2250.2;2250.5;66;6
2250.2;2250.8;48;0
2250.5;2250.8;76;4
2250.8;2251.7;76;4
2250.8;2251.1;47;11
2251.1;2251.4;45;9
2251.4;2252;55;7
2251.4;2252;59;11
2251.4;2251.7;43;7
2251.7;2252;64;4
2251.7;2251.8;47;11
2251.8;2252;45;9
2252;2252.4;64;4
2252;2253;57;9
2252;2253;60;0
2252;2252.6;43;7
2252.4;2252.6;64;4
2252.6;2253;64;4
2252.6;2253;42;6
2253;2253.3;63;3
2253;2253.6;57;9
2253;2253.6;60;0
2253;2253.4;42;6
2253.3;2253.6;63;3
2253.4;2253.6;43;7
2253.6;2254.9;69;9
2253.6;2254.9;59;11
2253.6;2254.9;62;2
2253.6;2254.3;53;5
2254.3;2254.6;52;4
2254.6;2254.9;50;2
2254.9;2255.4;69;9
2254.9;2255.5;60;0
2254.9;2255.5;64;4
2254.9;2255.2;48;0
2255.2;2255.4;52;4
2255.4;2255.5;69;9
2255.4;2255.5;50;2
2255.5;2256.4;74;2
2255.5;2256.7;62;2
2255.5;2256.7;65;5
2255.5;2256.1;48;0
2256.1;2256.7;47;11
2256.4;2256.7;69;9
2256.7;2257.3;77;5
2256.7;2257.3;65;5
2256.7;2257.3;69;9
2256.7;2257.2;48;0
2257.2;2257.3;47;11
2257.3;2258.5;71;11
2257.3;2258.5;62;2
2257.3;2258.5;65;5
2257.3;2257.9;57;9
2257.9;2258.2;55;7
2258.2;2258.5;53;5
2258.5;2258.8;72;0
2258.5;2259.1;64;4
2258.5;2259.1;67;7
2258.5;2258.8;52;4
2258.8;2259.1;76;4
2258.8;2258.9;55;7
2258.9;2259.1;53;5
2259.1;2259.7;60;0
2259.1;2259.7;66;6
2259.1;2259.4;52;4
2259.4;2259.7;51;3
2259.7;2260.4;60;0
2259.7;2260.4;63;3
2259.7;2260.4;66;6
2259.7;2260.4;69;9
2259.7;2260;54;6
2260;2260.4;48;0
2260.4;2261.3;63;3
2260.4;2261.3;66;6
2260.4;2261.3;71;11
2260.4;2261.1;47;11
2261.1;2261.3;45;9
2261.3;2262.6;64;4
2261.3;2262.6;72;0
2261.3;2262.6;76;4
2261.3;2261.7;43;7
2262.6;2263.5;60;0
2263.5;2264.1;68;8
2263.5;2265.9;53;5
2263.5;2265.9;56;8
2263.5;2265.9;60;0
2264.1;2265.1;67;7
2265.5;2265.9;65;5
2265.9;2267.1;72;0
2265.9;2268;36;0
2267.1;2267.5;60;0
2267.5;2268;60;0
2268;2268.2;72;0
2268;2268.3;45;9
2268;2268.3;48;0
2268;2268.3;51;3
2268;2268.3;54;6
2268.2;2268.4;69;9
2268.4;2268.6;66;6
2268.6;2269.2;63;3
2269.5;2269.8;63;3
2269.8;2270.3;64;4
2270.3;2270.4;66;6
2270.4;2270.6;67;7
2270.4;2270.7;43;7
2270.4;2270.7;47;11
2270.4;2270.7;52;4
2270.6;2270.8;66;6
2270.8;2271;64;4
2271;2272.1;73;1
2272.1;2274.1;42;6
2272.5;2272.7;61;1
2272.7;2272.8;64;4
2272.8;2273;67;7
2273;2273.1;66;6
2273.1;2273.3;64;4
2273.3;2273.4;62;2
2273.4;2273.6;61;1
2273.6;2273.7;59;11
2273.7;2273.9;62;2
2273.9;2274.1;61;1
2274.1;2275;59;11
2274.2;2274.3;42;6
2274.3;2274.4;49;1
2274.4;2274.5;52;4
2274.5;2274.6;54;6
2274.6;2275;57;9
2275;2277.3;58;10
2275;2275.5;55;7
2275.5;2275.6;54;6
2275.6;2276.1;61;1
2275.6;2276.1;52;4
2276.1;2276.2;62;2
2276.1;2276.2;50;2
2276.2;2276.6;64;4
2276.2;2277.3;49;1
2276.2;2277.9;42;6
2276.6;2276.7;66;6
2276.7;2277.3;67;7
2277.3;2277.8;64;4
2277.3;2277.9;61;1
2277.3;2277.9;52;4
2277.8;2277.9;64;4
2277.9;2279.1;64;4
2277.9;2279.1;73;1
2277.9;2278.5;71;11
2278;2278.1;42;6
2278.1;2278.2;49;1
2278.2;2278.3;52;4
2278.3;2278.4;54;6
2278.4;2278.5;57;9
2278.5;2279.1;70;10
2278.5;2279;55;7
2279;2279.1;54;6
2279.1;2279.3;64;4
2279.1;2279.4;52;4
2279.3;2279.6;66;6
2279.4;2279.6;50;2
2279.6;2280.2;67;7
2279.6;2280.8;58;10
2279.6;2280.8;49;1
2279.6;2281.6;42;6
2280.2;2280.5;70;10
2280.5;2280.8;71;11
2280.8;2281.2;73;1
2280.8;2281.6;52;4
2281.2;2281.3;74;2
2281.3;2281.6;76;4
2281.6;2281.9;76;4
2281.7;2281.8;42;6
2281.8;2281.9;49;1
2281.9;2282.2;67;7
2281.9;2282;52;4
2282;2282.1;54;6
2282.1;2282.2;57;9
2282.2;2282.8;74;2
2282.2;2283.1;64;4
2282.2;2283.1;70;10
2282.2;2282.6;55;7
2282.6;2282.8;54;6
2282.8;2283.1;73;1
2282.8;2283.3;52;4
2283.1;2283.5;71;11
2283.3;2283.5;50;2
2283.5;2284;70;10
2283.5;2284;49;1
2283.5;2285;42;6
2283.8;2283.8;61;1
2283.8;2284;64;4
2284;2285;73;1
2284;2284.1;67;7
2284;2284.4;52;4
2284.1;2284.1;66;6
2284.1;2284.3;64;4
2284.3;2284.4;62;2
2284.4;2284.6;61;1
2284.4;2285;55;7
2284.6;2284.7;59;11
2284.7;2284.9;62;2
2284.9;2285;61;1
2285;2285.3;64;4
2285;2285.6;59;11
2285.1;2285.2;42;6
2285.2;2285.3;49;1
2285.3;2285.6;64;4
2285.3;2285.4;52;4
2285.4;2285.5;54;6
2285.5;2285.6;57;9
2285.6;2286.3;67;7
2285.6;2287.1;58;10
2285.6;2286.1;55;7
2286.1;2286.3;52;4
2286.3;2286.6;66;6
2286.3;2286.8;49;1
2286.6;2287.1;64;4
2286.8;2287.1;54;6
2287.1;2287.4;64;4
2287.1;2289;43;7
2287.2;2287.3;61;1
2287.3;2287.4;62;2
2287.4;2287.7;63;3
2287.5;2287.6;71;11
2287.6;2287.7;69;9
2287.7;2288.3;67;7
2287.7;2288.4;47;11
2287.7;2288.4;51;3
2288.3;2288.4;66;6
2288.4;2288.9;64;4
2288.4;2288.9;48;0
2288.4;2288.9;52;4
2288.9;2289;63;3
2288.9;2289;54;6
2289;2289.7;62;2
2289;2289.2;47;11
2289;2289.2;55;7
2289;2290.9;43;7
2289.2;2289.3;50;2
2289.3;2289.4;51;3
2289.4;2289.6;59;11
2289.6;2289.7;57;9
2289.7;2290.3;71;11
2289.7;2290.1;63;3
2289.7;2290.1;55;7
2290.1;2290.3;63;3
2290.1;2290.3;54;6
2290.3;2290.9;72;0
2290.3;2290.7;64;4
2290.3;2290.7;52;4
2290.7;2290.9;66;6
2290.7;2290.9;51;3
2290.9;2291;67;7
2290.9;2291;71;11
2290.9;2291.5;50;2
2290.9;2292.8;43;7
2291;2291.1;61;1
2291.1;2291.2;62;2
2291.2;2291.3;63;3
2291.3;2291.4;71;11
2291.4;2291.5;69;9
2291.5;2292;67;7
2291.5;2292.2;47;11
2291.5;2292.2;51;3
2292;2292.2;66;6
2292.2;2292.7;64;4
2292.2;2292.7;67;7
2292.2;2292.7;48;0
2292.2;2292.7;52;4
2292.7;2292.8;63;3
2292.7;2292.8;69;9
2292.7;2292.8;54;6
2292.8;2293.4;62;2
2292.8;2293.4;71;11
2292.8;2293;47;11
2292.8;2293;55;7
2292.8;2294.7;43;7
2293;2293.1;50;2
2293.1;2293.2;51;3
2293.2;2293.3;59;11
2293.3;2293.4;57;9
2293.4;2294.4;71;11
2293.4;2294.1;61;1
2293.4;2294.7;67;7
2293.4;2294;55;7
2294;2294.1;54;6
2294.1;2294.7;62;2
2294.1;2294.6;53;5
2294.4;2294.7;71;11
2294.6;2294.7;52;4
2294.7;2294.8;63;3
2294.7;2294.8;66;6
2294.7;2294.8;72;0
2294.7;2295.3;51;3
2294.7;2296.6;45;9
2294.8;2294.9;61;1
2294.9;2295;62;2
2295;2295.1;63;3
2295.1;2295.2;72;0
2295.2;2295.3;71;11
2295.3;2295.8;69;9
2295.3;2296;48;0
2295.3;2296;51;3
2295.8;2296;67;7
2296;2296.5;66;6
2296;2296.5;51;3
2296;2296.5;54;6
2296.5;2296.6;64;4
2296.5;2296.6;52;4
2296.5;2296.6;55;7
2296.6;2297.8;67;7
2296.6;2296.9;57;9
2296.6;2298.5;63;3
2296.7;2296.8;48;0
2296.8;2296.9;50;2
2296.9;2297;51;3
2297;2297.1;60;0
2297.1;2297.2;59;11
2297.2;2297.7;57;9
2297.2;2298.4;48;0
2297.7;2297.8;55;7
2297.8;2298.4;66;6
2297.8;2298.3;54;6
2298.3;2298.4;52;4
2298.4;2298.5;69;9
2298.4;2300.6;47;11
2298.5;2298.6;61;1
2298.6;2298.7;62;2
2298.7;2298.8;63;3
2298.8;2298.9;72;0
2298.9;2299;71;11
2299;2299.5;69;9
2299;2300.1;51;3
2299;2299.6;54;6
2299.5;2299.6;68;8
2299.6;2300.1;67;7
2299.6;2300.1;55;7
2300.1;2300.6;66;6
2300.1;2300.6;54;6
2300.1;2300.6;57;9
2300.6;2301.8;69;9
2300.6;2300.9;59;11
2300.6;2302.6;65;5
2300.7;2300.8;50;2
2300.8;2300.9;52;4
2300.9;2301;53;5
2301;2301.1;62;2
2301.1;2301.2;61;1
2301.2;2301.7;59;11
2301.2;2302.6;50;2
2301.7;2301.8;57;9
2301.8;2302.6;68;8
2301.8;2302.3;56;8
2302.3;2302.6;54;6
2302.6;2302.6;71;11
2302.6;2303.1;49;1
2302.6;2302.7;60;0
2302.7;2302.8;61;1
2302.8;2302.9;62;2
2302.9;2303;71;11
2303;2303.1;69;9
2303.1;2303.6;68;8
2303.1;2303.7;59;11
2303.1;2304.7;49;1
2303.6;2303.7;66;6
2303.7;2304.2;65;5
2303.7;2304.3;56;8
2304.2;2304.3;62;2
2304.3;2305;61;1
2304.3;2304.7;53;5
2305;2305.1;64;4
2305.1;2306;62;2
2306;2307.3;61;1
2307.3;2309.5;49;1
2307.3;2309.5;42;6
2307.3;2309.5;45;9
2308;2308.5;54;6
2308.5;2308.7;56;8
2308.7;2309.8;57;9
2309.5;2310.7;54;6
2309.5;2310.7;66;6
2309.5;2311;38;2
2309.5;2311;50;2
2309.8;2310.1;56;8
2310.1;2310.7;59;11
2310.7;2311;53;5
2310.7;2311;65;5
2310.7;2310.9;57;9
2310.9;2311;59;11
2311;2311.9;61;1
2311;2311.9;65;5
2311;2311.9;73;1
2311;2311.5;56;8
2311;2313.7;49;1
2311.5;2311.7;56;8
2311.7;2311.9;59;11
2311.9;2312.8;71;11
2311.9;2312.1;62;2
2312.1;2312.2;61;1
2312.2;2312.4;59;11
2312.4;2312.5;57;9
2312.5;2312.7;56;8
2312.7;2312.8;54;6
2312.8;2313.3;69;9
2312.8;2313;57;9
2313;2313.3;56;8
2313.3;2314.8;69;9
2313.3;2314;54;6
2314;2315;53;5
2314.8;2315.3;68;8
2315.3;2315.4;66;6
2315.4;2316;66;6
2315.4;2316;54;6
2315.4;2316.6;49;1
2315.4;2317.4;42;6
2315.4;2317.4;45;9
2316;2316.5;57;9
2316.5;2316.6;59;11
2316.6;2317.7;60;0
2316.6;2317.4;50;2
2317.4;2318.9;57;9
2317.4;2318.9;69;9
2317.4;2319.6;41;5
2317.4;2319.6;53;5
2317.7;2318;59;11
2318;2318.9;62;2
2318.9;2319.6;56;8
2318.9;2319.6;68;8
2318.9;2319.4;60;0
2319.4;2319.6;62;2
2319.6;2319.9;59;11
2319.6;2319.9;64;4
2319.6;2319.9;71;11
2319.6;2319.9;56;8
2319.6;2321.1;52;4
2319.9;2320;59;11
2320;2320.2;71;11
2320;2320.2;62;2
2320.2;2320.8;71;11
2320.2;2320.4;65;5
2320.4;2320.5;64;4
2320.5;2320.7;62;2
2320.7;2320.8;60;0
2320.8;2321.1;69;9
2320.8;2321;59;11
2321;2321.1;57;9
2321.1;2321.4;71;11
2321.1;2321.3;56;8
2321.3;2321.4;59;11
2321.4;2322.7;74;2
2321.4;2322.1;64;4
2321.4;2321.8;57;9
2321.8;2322;57;9
2322;2322.1;60;0
2322.1;2322.3;65;5
2322.3;2322.4;64;4
2322.4;2322.6;62;2
2322.6;2322.7;60;0
2322.7;2323.1;72;0
2322.7;2322.9;59;11
2322.9;2323.1;57;9
2323.1;2323.5;62;2
2323.5;2323.7;60;0
2323.7;2324.4;72;0
2323.7;2324.4;59;11
2323.7;2325.6;54;6
2324;2324.2;64;4
2324.2;2324.4;69;9
2324.4;2324.5;72;0
2324.4;2325.3;57;9
2324.5;2324.7;71;11
2324.7;2324.8;69;9
2324.8;2325;67;7
2325;2325.4;69;9
2325;2325.1;66;6
2325.1;2325.3;64;4
2325.3;2325.4;67;7
2325.4;2325.6;66;6
2325.6;2326.2;64;4
2325.6;2326.2;47;11
2325.6;2326.2;54;6
2325.9;2326.1;57;9
2326.1;2326.2;60;0
2326.2;2326.4;66;6
2326.2;2326.5;57;9
2326.2;2326.5;63;3
2326.4;2326.5;64;4
2326.5;2326.8;63;3
2326.8;2326.9;60;0
2326.9;2327.5;71;11
2326.9;2327.1;59;11
2327.1;2327.3;57;9
2327.3;2327.5;62;2
2327.5;2327.7;71;11
2327.5;2327.7;60;0
2327.7;2329.3;74;2
2327.7;2329.3;69;9
2327.7;2328;59;11
2327.7;2329.9;53;5
2328;2328.2;59;11
2328.2;2328.3;62;2
2328.3;2328.5;65;5
2328.3;2328.7;57;9
2328.5;2328.7;64;4
2328.7;2329.1;62;2
2329.1;2329.3;60;0
2329.3;2329.8;76;4
2329.3;2329.9;68;8
2329.3;2329.5;59;11
2329.5;2329.6;57;9
2329.6;2329.8;60;0
2329.8;2329.9;77;5
2329.8;2329.9;59;11
2329.9;2331.1;71;11
2329.9;2331.1;77;5
2329.9;2330.5;57;9
2329.9;2331.5;52;4
2330.2;2330.4;59;11
2330.4;2330.5;62;2
2330.5;2330.7;67;7
2330.5;2331.5;56;8
2330.7;2330.8;65;5
2330.8;2331;64;4
2331;2331.1;62;2
2331.1;2331.5;62;2
2331.1;2331.3;60;0
2331.3;2331.5;59;11
2331.5;2331.7;64;4
2331.7;2332.1;62;2
2332.1;2333.6;65;5
2332.1;2333;60;0
2332.1;2332.7;38;2
2332.7;2332.8;50;2
2332.8;2333;53;5
2333;2333.9;59;11
2333;2333.1;57;9
2333.1;2333.3;55;7
2333.3;2333.4;53;5
2333.4;2333.6;52;4
2333.6;2334;64;4
2333.6;2333.7;50;2
2333.7;2333.9;49;1
2333.9;2334;52;4
2334;2334.1;50;2
2334;2334.2;62;2
2334.1;2334.2;47;11
2334.2;2335.5;71;11
2334.2;2334.9;45;9
2334.5;2334.6;59;11
2334.6;2334.9;62;2
2334.9;2335;65;5
2334.9;2335.9;44;8
2334.9;2335.5;38;2
2335;2335.2;64;4
2335.2;2335.3;62;2
2335.3;2335.5;60;0
2335.5;2335.8;59;11
2335.5;2336.3;40;4
2335.8;2335.9;57;9
2335.9;2336.1;62;2
2336.1;2336.3;60;0
2336.2;2336.3;59;11
2336.3;2337.6;74;2
2336.3;2337.6;69;9
2336.3;2338.3;41;5
2336.6;2336.9;50;2
2336.9;2337;53;5
2337;2337.2;59;11
2337.2;2337.3;57;9
2337.3;2337.5;55;7
2337.5;2337.6;53;5
2337.6;2338.1;76;4
2337.6;2338.3;68;8
2337.6;2337.8;52;4
2337.8;2337.9;50;2
2337.9;2338;53;5
2338;2338.2;50;2
2338.1;2338.3;77;5
2338.2;2338.3;47;11
2338.3;2339.6;71;11
2338.3;2339.6;77;5
2338.3;2339;45;9
2338.3;2339.9;40;4
2338.6;2338.8;59;11
2338.8;2339;62;2
2339;2339.1;67;7
2339;2339.9;44;8
2339.1;2339.3;65;5
2339.3;2339.4;64;4
2339.4;2339.6;62;2
2339.6;2339.9;62;2
2339.6;2339.7;60;0
2339.7;2339.9;59;11
2339.9;2340.2;64;4
2340;2340.2;62;2
2340.2;2341.5;65;5
2340.2;2340.9;60;0
2340.2;2340.5;38;2
2340.5;2340.7;50;2
2340.7;2340.9;53;5
2340.9;2341.5;59;11
2340.9;2341.1;59;11
2341.1;2341.2;57;9
2341.2;2341.4;55;7
2341.4;2341.5;53;5
2341.5;2341.8;64;4
2341.5;2341.7;52;4
2341.7;2341.8;50;2
2341.8;2342.2;62;2
2341.8;2342;55;7
2342;2342.2;53;5
2342.2;2343.4;72;0
2342.2;2342.8;52;4
2342.2;2344.1;47;11
2342.5;2342.6;57;9
2342.6;2342.8;60;0
2342.8;2342.9;66;6
2342.8;2343.4;51;3
2342.9;2343.1;64;4
2343.1;2343.2;63;3
2343.2;2343.4;60;0
2343.4;2343.7;71;11
2343.4;2344.1;54;6
2343.5;2343.7;57;9
2343.7;2343.8;62;2
2343.8;2344.1;60;0
2344.1;2345.6;59;11
2344.1;2345.6;63;3
2344.1;2345.6;66;6
2344.1;2345.6;71;11
2344.1;2346;47;11
2344.4;2344.6;51;3
2344.6;2344.7;54;6
2344.7;2344.9;59;11
2344.9;2345.1;57;9
2345.1;2345.4;55;7
2345.4;2345.6;54;6
2345.6;2346;73;1
2345.6;2346.5;66;6
2345.6;2346.5;71;11
2345.6;2345.7;52;4
2345.7;2345.9;51;3
2345.9;2346;54;6
2346;2346.5;75;3
2346;2346.5;47;11
2346.5;2347.7;78;6
2346.5;2348.1;72;0
2346.5;2349.3;44;8
2346.8;2347;51;3
2347;2347.1;52;4
2347.1;2347.3;59;11
2347.3;2347.4;57;9
2347.4;2347.6;56;8
2347.6;2347.7;54;6
2347.7;2349.3;76;4
2347.7;2347.9;52;4
2347.9;2348.1;51;3
2348.1;2349.3;73;1
2348.1;2349.1;54;6
2349.1;2349.3;52;4
2349.3;2350.5;64;4
2349.3;2350.5;76;4
2349.3;2351.4;44;8
2349.6;2349.8;51;3
2349.8;2350.2;54;6
2350.2;2350.3;60;0
2350.3;2350.5;59;11
2350.5;2351.2;63;3
2350.5;2351.2;75;3
2350.5;2350.6;57;9
2350.6;2350.8;56;8
2350.8;2350.9;54;6
2350.9;2351.1;53;5
2351.1;2351.2;56;8
2351.2;2351.4;68;8
2351.2;2351.4;54;6
2351.4;2353.2;69;9
2351.4;2353.2;65;5
2351.4;2351.7;49;1
2351.7;2351.8;49;1
2351.8;2352;53;5
2352;2352.3;61;1
2352.3;2352.5;53;5
2352.5;2352.7;49;1
2352.7;2352.8;53;5
2352.8;2353;54;6
2353;2353.2;53;5
2353.2;2353.6;68;8
2353.2;2353.3;49;1
2353.3;2353.6;53;5
2353.6;2354.2;68;8
2353.6;2353.9;49;1
2353.9;2354;56;8
2354;2354.2;59;11
2354.2;2354.8;74;2
2354.2;2354.3;66;6
2354.3;2354.5;59;11
2354.5;2354.6;56;8
2354.6;2354.8;59;11
2354.8;2355.3;73;1
2354.8;2355;65;5
2355;2355.1;59;11
2355.1;2355.3;49;1
2355.3;2355.6;68;8
2355.6;2356.8;71;11
2355.6;2357.7;54;6
2355.9;2356.1;56;8
2356.1;2356.2;59;11
2356.2;2356.4;64;4
2356.4;2356.5;62;2
2356.5;2356.7;61;1
2356.7;2356.8;59;11
2356.8;2357.7;69;9
2356.8;2357;57;9
2357;2357.2;56;8
2357.2;2357.3;59;11
2357.3;2357.7;57;9
2357.7;2358.3;68;8
2357.7;2359.6;52;4
2357.8;2358;56;8
2358;2358.1;59;11
2358.1;2358.3;62;2
2358.3;2358.9;66;6
2358.3;2358.9;78;6
2358.4;2358.6;64;4
2358.6;2358.8;62;2
2358.8;2358.9;61;1
2358.9;2359.5;62;2
2358.9;2359.5;74;2
2358.9;2359.1;59;11
2359.1;2359.3;58;10
2359.3;2359.5;62;2
2359.5;2359.6;61;1
2359.5;2359.6;73;1
2359.6;2360.2;59;11
2359.6;2360.2;71;11
2359.6;2359.7;41;5
2359.7;2359.8;45;9
2359.8;2359.9;50;2
2359.9;2360;53;5
2360;2360.1;50;2
2360.1;2360.2;45;9
2360.2;2360.5;62;2
2360.2;2360.4;57;9
2360.2;2360.8;41;5
2360.4;2360.5;59;11
2360.5;2360.7;62;2
2360.7;2360.8;59;11
2360.8;2360.9;57;9
2360.8;2361.3;40;4
2360.8;2361.3;52;4
2360.9;2361;56;8
2361;2361.2;60;0
2361.2;2361.3;59;11
2361.3;2361.5;58;10
2361.3;2361.9;43;7
2361.3;2361.9;55;7
2361.5;2361.6;61;1
2361.6;2361.8;62;2
2361.8;2361.9;64;4
2361.9;2362.8;74;2
2361.9;2362.1;67;7
2361.9;2362.5;50;2
2361.9;2362.5;55;7
2361.9;2362.5;58;10
2362.1;2362.2;65;5
2362.2;2362.4;67;7
2362.4;2362.5;69;9
2362.5;2362.7;72;0
2362.5;2363.1;55;7
2362.5;2363.1;58;10
2362.5;2363.1;62;2
2362.7;2362.8;70;10
2362.8;2363.1;74;2
2362.8;2363;67;7
2363;2363.1;65;5
2363.1;2363.8;64;4
2363.1;2363.8;74;2
2363.1;2363.8;76;4
2363.1;2363.2;43;7
2363.2;2363.4;46;10
2363.4;2363.5;50;2
2363.5;2363.6;55;7
2363.6;2363.7;50;2
2363.7;2363.8;46;10
2363.8;2365.1;58;10
2363.8;2364.4;43;7
2364;2364.1;62;2
2364.1;2364.3;64;4
2364.3;2364.6;62;2
2364.4;2365.1;42;6
2364.4;2365.1;54;6
2364.6;2364.7;61;1
2364.7;2364.9;64;4
2364.9;2365;62;2
2365;2365.1;61;1
2365.1;2365.2;60;0
2365.1;2365.5;45;9
2365.1;2365.5;57;9
2365.2;2365.2;63;3
2365.2;2365.3;64;4
2365.3;2365.5;65;5
2365.5;2366.5;76;4
2365.5;2365.6;69;9
2365.5;2366.1;52;4
2365.5;2366.1;57;9
2365.5;2366.1;60;0
2365.6;2365.8;68;8
2365.8;2365.9;69;9
2365.9;2366.1;71;11
2366.1;2366.2;74;2
2366.1;2366.7;57;9
2366.1;2366.7;60;0
2366.1;2366.7;64;4
2366.2;2366.4;72;0
2366.4;2366.5;75;3
2366.5;2366.7;76;4
2366.7;2368.1;76;4
2366.7;2368.1;77;5
2366.7;2368.1;65;5
2366.7;2368.1;72;0
2366.7;2367.5;45;9
2366.8;2367;57;9
2367;2367.3;58;10
2367.3;2367.5;59;11
2367.5;2367.7;60;0
2367.7;2367.8;61;1
2367.8;2368;62;2
2368;2368.1;64;4
2368.1;2369.3;77;5
2368.1;2368.4;75;3
2368.1;2369.3;57;9
2368.1;2369.3;60;0
2368.1;2369.3;63;3
2368.1;2370.2;65;5
2368.4;2368.6;74;2
2368.6;2368.9;73;1
2368.9;2369.3;72;0
2369.3;2370.8;77;5
2369.3;2369.4;73;1
2369.3;2370.2;58;10
2369.3;2370.2;61;1
2369.4;2369.7;69;9
2369.7;2370;70;10
2370;2370.2;72;0
2370.2;2370.3;75;3
2370.2;2370.8;46;10
2370.3;2370.5;73;1
2370.5;2370.6;75;3
2370.6;2370.8;76;4
2370.8;2371.7;74;2
2370.8;2372.3;77;5
2370.8;2371.7;68;8
2370.8;2370.9;47;11
2370.9;2371.1;53;5
2371.1;2371.3;56;8
2371.3;2371.7;62;2
2371.7;2372.9;67;7
2371.7;2372.9;72;0
2371.7;2372.9;48;0
2371.8;2372;55;7
2372;2372.1;57;9
2372.1;2372.3;59;11
2372.3;2373.7;75;3
2372.3;2372.4;62;2
2372.4;2372.6;60;0
2372.6;2372.7;58;10
2372.7;2372.9;56;8
2372.9;2374.3;66;6
2372.9;2374.3;69;9
2372.9;2373;55;7
2372.9;2374.3;50;2
2373;2373.7;54;6
2373.7;2374.3;74;2
2373.7;2373.9;58;10
2373.9;2374.3;57;9
2374.3;2375.6;74;2
2374.3;2375.9;67;7
2374.3;2374.5;55;7
2374.3;2375.6;51;3
2374.5;2374.7;54;6
2374.7;2374.8;58;10
2374.8;2375;57;9
2375;2375.1;55;7
2375.1;2375.3;54;6
2375.3;2375.4;58;10
2375.4;2375.6;57;9
2375.6;2376.7;72;0
2375.6;2375.7;56;8
2375.7;2375.9;55;7
2375.9;2376.5;70;10
2375.9;2376.5;60;0
2376.5;2376.7;69;9
2376.5;2376.7;63;3
2376.7;2378.8;72;0
2376.7;2379.7;68;8
2376.7;2377;62;2
2376.7;2379.7;52;4
2377;2377.3;61;1
2377.3;2377.7;65;5
2377.7;2377.9;64;4
2377.9;2378.1;62;2
2378.1;2378.3;61;1
2378.3;2378.5;65;5
2378.5;2378.8;64;4
2378.8;2379.7;71;11
2378.8;2378.9;62;2
2378.9;2379.1;61;1
2379.1;2379.3;65;5
2379.3;2379.7;64;4
2379.7;2381.1;70;10
2379.7;2379.9;62;2
2379.7;2386.2;45;9
2379.7;2386.2;55;7
2379.9;2380.1;61;1
2380.1;2380.3;65;5
2380.3;2380.4;64;4
2380.4;2380.6;62;2
2380.6;2380.8;61;1
2380.8;2380.9;65;5
2380.9;2381.1;64;4
2381.1;2382.4;69;9
2381.1;2381.4;62;2
2381.4;2381.9;61;1
2381.9;2382.4;65;5
2382.4;2382.8;64;4
2382.8;2386.2;67;7
2382.8;2383.7;62;2
2383.7;2384.1;61;1
2384.1;2384.4;64;4
2384.4;2386.2;62;2
2386.2;2386.3;61;1
2386.2;2389.3;45;9
2386.3;2386.4;52;4
2386.4;2386.5;53;5
2386.5;2386.6;55;7
2386.6;2386.7;62;2
2386.7;2386.8;60;0
2386.8;2387.1;58;10
2387.3;2387.4;57;9
2387.4;2387.7;55;7
2387.9;2389;53;5
2389;2389.3;52;4
2390.2;2390.8;67;7
2391.2;2391.5;64;4
2391.5;2392.1;70;10
2392.1;2392.9;67;7
2394.4;2395.2;64;4
2395.2;2396.2;61;1
2396.5;2396.8;59;11
2396.8;2397.8;58;10
2396.8;2399.3;42;6
2396.9;2397.3;49;1
2397.3;2397.4;50;2
2397.4;2397.6;52;4
2397.6;2397.7;59;11
2397.7;2397.8;57;9
2397.8;2398.6;55;7
2398.6;2398.7;54;6
2398.7;2399.2;52;4
2399.2;2399.3;50;2
2399.3;2400.2;49;1
2399.3;2401.5;42;6
2399.4;2399.6;52;4
2399.6;2399.9;54;6
2399.9;2400;55;7
2400;2400.1;62;2
2400.1;2400.2;61;1
2400.2;2400.7;59;11
2400.2;2400.8;52;4
2400.7;2400.8;58;10
2400.8;2401.3;55;7
2400.8;2401.5;49;1
2401.3;2401.5;54;6
2401.5;2402.1;52;4
2401.5;2403.8;42;6
2401.6;2401.7;58;10
2401.7;2401.8;59;11
2401.8;2401.9;61;1
2401.9;2402;67;7
2402;2402.1;66;6
2402.1;2402.5;64;4
2402.1;2402.7;58;10
2402.5;2402.7;62;2
2402.7;2403.6;61;1
2402.7;2403.8;52;4
2403.6;2403.8;59;11
2403.8;2404.4;58;10
2403.8;2405.7;54;6
2403.9;2404;61;1
2404;2404.1;63;3
2404.1;2404.2;64;4
2404.2;2404.3;73;1
2404.3;2404.4;71;11
2404.4;2404.9;70;10
2404.4;2405;61;1
2404.9;2405;68;8
2405;2405.4;66;6
2405;2405.7;58;10
2405.4;2405.7;64;4
2405.7;2406.3;51;3
2405.7;2406.3;54;6
2405.7;2407.8;47;11
2405.8;2405.9;63;3
2405.9;2406;64;4
2406;2406.1;66;6
2406.1;2406.2;75;3
2406.2;2406.3;73;1
2406.3;2406.8;72;0
2406.3;2407;54;6
2406.3;2407;57;9
2406.8;2407;69;9
2407;2407.6;67;7
2407;2407.8;57;9
2407;2407.8;63;3
2407.6;2407.8;66;6
2407.8;2409;52;4
2407.8;2409.7;47;11
2407.9;2409;55;7
2407.9;2408;64;4
2407.9;2409;60;0
2408;2408.1;66;6
2408.1;2408.2;67;7
2408.2;2408.3;76;4
2408.3;2408.4;74;2
2408.4;2408.8;72;0
2408.8;2409;71;11
2409;2409.5;69;9
2409;2409.7;52;4
2409;2409.7;55;7
2409.5;2409.7;67;7
2409.7;2410.3;51;3
2409.7;2410.3;54;6
2409.7;2411.5;47;11
2409.8;2409.9;66;6
2409.9;2410;67;7
2410;2410.1;69;9
2410.1;2410.2;78;6
2410.2;2410.3;76;4
2410.3;2410.7;75;3
2410.3;2410.9;54;6
2410.3;2410.9;59;11
2410.7;2410.9;72;0
2410.9;2411.3;71;11
2410.9;2411.5;59;11
2410.9;2411.5;63;3
2411.3;2411.5;69;9
2411.5;2412.7;53;5
2411.5;2413.3;47;11
2411.6;2412.7;56;8
2411.6;2411.7;68;8
2411.6;2412.7;61;1
2411.7;2411.8;69;9
2411.8;2411.9;71;11
2411.9;2412;80;8
2412;2412.1;78;6
2412.1;2412.5;77;5
2412.5;2412.7;74;2
2412.7;2413.2;73;1
2412.7;2413.3;53;5
2412.7;2413.3;56;8
2413.2;2413.3;71;11
2413.3;2413.9;54;6
2413.3;2413.9;57;9
2413.3;2415.1;47;11
2413.4;2413.5;69;9
2413.5;2413.6;71;11
2413.6;2413.7;73;1
2413.7;2413.8;81;9
2413.8;2413.9;80;8
2413.9;2414.4;78;6
2413.9;2414.5;57;9
2413.9;2414.5;61;1
2414.4;2414.5;76;4
2414.5;2415;75;3
2414.5;2415.1;61;1
2414.5;2415.1;64;4
2415;2415.1;73;1
2415.1;2416.4;60;0
2415.1;2416.4;64;4
2415.2;2415.3;69;9
2415.3;2415.4;71;11
2415.4;2415.5;72;0
2415.5;2415.7;81;9
2415.7;2415.8;79;7
2415.8;2416.2;78;6
2415.8;2417;47;11
2416.2;2416.4;76;4
2416.4;2416.8;72;0
2416.4;2416.8;57;9
2416.4;2416.8;60;0
2416.8;2417;69;9
2416.8;2417;54;6
2416.8;2417;57;9
2417;2417.6;52;4
2417;2417.6;55;7
2417;2419;48;0
2417.1;2417.2;67;7
2417.2;2417.3;71;11
2417.3;2417.4;72;0
2417.4;2417.5;81;9
2417.5;2417.6;79;7
2417.6;2418.1;78;6
2417.6;2418.3;51;3
2417.6;2418.3;54;6
2418.1;2418.3;76;4
2418.3;2418.9;72;0
2418.3;2418.6;54;6
2418.3;2418.6;57;9
2418.6;2418.8;57;9
2418.6;2418.8;60;0
2418.8;2419;60;0
2418.8;2419;64;4
2418.9;2419;76;4
2419;2420.7;67;7
2419;2420.7;76;4
2419;2420.7;79;7
2419;2419.2;31;7
2419;2419.2;43;7
2419.2;2419.6;33;9
2419.2;2419.6;45;9
2419.6;2419.9;35;11
2419.6;2419.9;47;11
2419.9;2420.1;36;0
2419.9;2420.1;48;0
2420.1;2420.3;38;2
2420.1;2420.3;50;2
2420.3;2420.7;40;4
2420.3;2420.7;52;4
2420.7;2421.4;66;6
2420.7;2421.4;74;2
2420.7;2421.4;78;6
2420.7;2420.9;42;6
2420.7;2420.9;54;6
2420.9;2421.3;43;7
2420.9;2421.3;55;7
2421.3;2421.5;45;9
2421.3;2421.5;57;9
2421.4;2421.5;64;4
2421.4;2421.5;72;0
2421.4;2421.5;76;4
2421.5;2422.4;63;3
2421.5;2422.4;71;11
2421.5;2422.4;75;3
2421.5;2423.1;59;11
2421.5;2423.8;47;11
2422.4;2423.1;66;6
2422.4;2423.1;75;3
2422.4;2423.1;78;6
2423.1;2423.5;69;9
2423.1;2423.5;78;6
2423.1;2423.5;81;9
2423.1;2423.5;57;9
2423.5;2423.8;67;7
2423.5;2423.8;76;4
2423.5;2423.8;79;7
2423.5;2423.8;58;10
2423.8;2424.1;66;6
2423.8;2424.1;75;3
2423.8;2424.1;78;6
2423.8;2425.7;47;11
2423.8;2425.7;59;11
2425.7;2426;45;9
2425.7;2426;57;9
2426;2426.8;43;7
2426;2426.8;55;7
2426.8;2427;47;11
2426.8;2427;59;11
2427;2427.2;45;9
2427;2427.2;57;9
2427.2;2430.4;43;7
2427.2;2430.4;55;7
2430.4;2430.9;42;6
2430.4;2430.9;54;6
2430.9;2431;40;4
2430.9;2431;52;4
2431;2432.2;40;4
2431;2432.2;52;4
2432.2;2432.5;39;3
2432.2;2432.5;51;3
2432.7;2436.3;40;4
2432.7;2436.3;52;4
2436.3;2439.9;43;7
2436.3;2439.9;55;7
2439.9;2444.2;42;6
2439.9;2444.2;54;6
2440.7;2442.9;71;11
2442.9;2443.4;73;1
2443.4;2444.2;75;3
2444.2;2446.5;64;4
2444.2;2446.5;68;8
2444.2;2446.5;71;11
2444.2;2446.5;76;4
2444.2;2445.8;52;4
2444.2;2445.8;56;8
2444.2;2445.8;59;11
2445.8;2445.9;40;4
2446;2446.1;47;11
2446.2;2446.3;40;4
2446.4;2446.5;47;11
2446.5;2447;63;3
2446.5;2447;75;3
2446.5;2446.6;40;4
2446.6;2446.7;47;11
2446.7;2446.8;40;4
2446.9;2447;47;11
2447;2447.8;61;1
2447;2447.8;73;1
2447;2447.5;40;4
2447.8;2448.2;59;11
2447.8;2448.2;71;11
2448.2;2451.6;71;11
2448.2;2451.6;76;4
2448.2;2450.5;69;9
2448.2;2450.5;81;9
2448.2;2449.5;52;4
2448.2;2449.5;59;11
2449.5;2449.6;40;4
2449.6;2449.7;47;11
2449.8;2449.9;40;4
2449.9;2450;47;11
2450;2450.1;40;4
2450.1;2450.2;47;11
2450.3;2450.4;40;4
2450.4;2450.5;47;11
2450.5;2451.6;68;8
2450.5;2451.6;80;8
2450.5;2451;40;4
2451.6;2453.7;66;6
2451.6;2453.7;69;9
2451.6;2453.7;73;1
2451.6;2453.7;78;6
2451.6;2453.2;52;4
2451.6;2453.2;57;9
2451.6;2453.2;61;1
2453.2;2453.3;40;4
2453.3;2453.4;47;11
2453.4;2453.5;40;4
2453.5;2453.6;47;11
2453.7;2454.4;64;4
2453.7;2454.4;76;4
2453.7;2453.8;40;4
2453.8;2453.9;47;11
2453.9;2454;40;4
2454.1;2454.4;47;11
2454.4;2455.4;63;3
2454.4;2455.4;75;3
2454.4;2455.1;40;4
2455.4;2455.6;61;1
2455.4;2455.6;73;1
2455.6;2458.2;73;1
2455.6;2458.2;75;3
2455.6;2458.2;78;6
2455.6;2458.2;85;1
2455.6;2456.9;52;4
2455.6;2456.9;57;9
2455.6;2456.9;63;3
2456.9;2457;40;4
2457.1;2457.2;47;11
2457.3;2457.4;40;4
2457.6;2457.7;47;11
2457.7;2457.8;40;4
2457.8;2457.9;47;11
2458;2458.1;40;4
2458.1;2458.2;47;11
2458.2;2458.7;71;11
2458.2;2458.7;83;11
2458.2;2458.7;40;4
2458.7;2459.2;69;9
2458.7;2459.2;81;9
2459.2;2460.2;68;8
2459.2;2460.2;76;4
2459.2;2460.2;80;8
2459.2;2460.7;40;4
2459.2;2460.7;52;4
2460.2;2460.3;56;8
2460.3;2460.4;64;4
2460.5;2460.6;56;8
2460.6;2460.7;64;4
2460.7;2460.8;56;8
2460.7;2461.2;39;3
2460.7;2461.2;51;3
2460.8;2460.9;64;4
2461;2461.1;56;8
2461.1;2461.2;64;4
2461.2;2461.9;56;8
2461.2;2461.9;63;3
2461.2;2462.8;37;1
2461.2;2462.8;49;1
2461.9;2462;64;4
2462;2462.1;56;8
2462;2462.1;63;3
2462.2;2462.5;64;4
2462.6;2462.7;56;8
2462.6;2462.7;63;3
2462.7;2462.8;64;4
2462.8;2462.9;56;8
2462.8;2462.9;63;3
2462.8;2463.1;35;11
2462.8;2463.1;47;11
2462.9;2463;64;4
2463.1;2463.2;63;3
2463.1;2465.5;45;9
2463.1;2465.5;57;9
2463.2;2463.5;64;4
2463.5;2463.6;63;3
2463.7;2463.8;64;4
2463.8;2463.9;63;3
2463.9;2464;64;4
2464;2464.1;63;3
2464.2;2464.3;64;4
2464.3;2464.4;61;1
2464.4;2464.5;64;4
2464.5;2464.6;61;1
2464.7;2464.8;64;4
2465;2465.1;61;1
2465.1;2465.2;64;4
2465.2;2465.3;61;1
2465.4;2465.5;64;4
2465.5;2465.6;59;11
2465.5;2466.7;44;8
2465.5;2466.7;56;8
2465.7;2465.8;64;4
2465.8;2465.9;59;11
2465.9;2466;64;4
2466;2466.1;59;11
2466.2;2466.3;64;4
2466.3;2466.5;59;11
2466.5;2466.6;64;4
2466.7;2468.5;75;3
2466.7;2467.9;43;7
2466.7;2467.9;55;7
2467.9;2468;55;7
2467.9;2468;58;10
2467.9;2468;61;1
2468.1;2468.2;63;3
2468.3;2468.4;55;7
2468.3;2468.4;58;10
2468.3;2468.4;61;1
2468.4;2468.5;63;3
2468.5;2469.6;73;1
2468.5;2468.6;55;7
2468.5;2468.6;58;10
2468.5;2468.6;61;1
2468.7;2468.9;63;3
2468.9;2469.4;55;7
2468.9;2469.4;58;10
2468.9;2469.4;61;1
2469.4;2469.5;63;3
2469.6;2470.4;71;11
2469.6;2469.7;55;7
2469.6;2469.7;58;10
2469.6;2469.7;61;1
2469.7;2469.9;63;3
2469.9;2470;55;7
2469.9;2470;58;10
2469.9;2470;61;1
2470.1;2470.2;63;3
2470.2;2470.3;55;7
2470.2;2470.3;58;10
2470.2;2470.3;61;1
2470.3;2470.4;63;3
2470.4;2470.7;70;10
2470.4;2470.5;55;7
2470.4;2470.5;58;10
2470.4;2470.5;61;1
2470.6;2470.7;63;3
2470.7;2472.3;80;8
2470.7;2470.8;56;8
2470.7;2470.8;60;0
2470.9;2471;66;6
2471;2471.1;56;8
2471;2471.1;60;0
2471.1;2471.2;66;6
2471.2;2471.3;56;8
2471.2;2471.3;60;0
2471.4;2471.5;66;6
2471.5;2471.6;56;8
2471.5;2471.6;60;0
2471.7;2471.8;66;6
2471.8;2473.2;68;8
2471.8;2471.9;56;8
2471.8;2471.9;60;0
2471.9;2472;66;6
2472;2472.1;56;8
2472;2472.1;60;0
2472.2;2472.3;66;6
2472.3;2473.2;78;6
2472.3;2472.4;56;8
2472.3;2472.4;60;0
2472.4;2472.5;66;6
2472.5;2472.6;56;8
2472.5;2472.6;60;0
2472.7;2472.9;66;6
2473.2;2474.9;76;4
2473.2;2474.6;70;10
2473.2;2473.3;56;8
2473.2;2473.3;60;0
2473.4;2473.7;66;6
2473.9;2474.4;56;8
2473.9;2474.4;60;0
2474.5;2474.6;66;6
2474.6;2475.1;72;0
2474.6;2474.7;56;8
2474.6;2474.7;60;0
2474.7;2474.8;66;6
2474.9;2475.1;75;3
2474.9;2475;56;8
2474.9;2475;60;0
2475;2475.1;66;6
2475.1;2478.5;73;1
2475.1;2475.2;71;11
2475.1;2478;49;1
2475.3;2475.4;65;5
2475.4;2475.5;71;11
2475.5;2475.6;65;5
2475.6;2475.8;71;11
2475.8;2475.9;65;5
2475.9;2476;71;11
2476;2476.2;65;5
2476.2;2476.5;71;11
2476.5;2477.8;65;5
2477.8;2477.9;71;11
2477.9;2478;65;5
2478;2478.1;71;11
2478;2478.5;47;11
2478.2;2478.3;65;5
2478.3;2478.4;71;11
2478.4;2478.5;65;5
2478.5;2481.1;73;1
2478.5;2478.6;71;11
2478.5;2479.3;45;9
2478.7;2478.8;65;5
2478.8;2478.9;71;11
2478.9;2479;65;5
2479;2479.1;71;11
2479.2;2479.3;65;5
2479.3;2479.4;71;11
2479.3;2479.5;44;8
2479.4;2479.5;65;5
2479.5;2482.1;64;4
2479.5;2482.1;70;10
2479.5;2480;54;6
2480;2481.1;52;4
2481.1;2482.1;73;1
2481.1;2481.6;51;3
2481.6;2482.1;49;1
2482.1;2483;75;3
2482.1;2484.7;67;7
2482.1;2484.7;73;1
2482.1;2483;47;11
2483;2484.7;76;4
2483;2484.7;46;10
2484.7;2486.8;64;4
2484.7;2486.8;68;8
2484.7;2486.8;76;4
2484.7;2485.8;47;11
2485.8;2485.9;35;11
2485.9;2486;47;11
2486.1;2486.3;35;11
2486.7;2486.8;47;11
2486.8;2487.3;63;3
2486.8;2487.3;75;3
2486.8;2486.9;35;11
2486.9;2487;47;11
2487.1;2487.2;35;11
2487.2;2487.3;47;11
2487.3;2488.2;61;1
2487.3;2488.2;73;1
2487.3;2487.4;35;11
2487.4;2487.5;47;11
2487.6;2487.7;35;11
2487.7;2488;47;11
2488;2488.1;35;11
2488.1;2488.2;47;11
2488.2;2488.5;59;11
2488.2;2488.5;71;11
2488.2;2488.3;35;11
2488.4;2488.5;47;11
2488.5;2490.9;69;9
2488.5;2490.9;81;9
2488.5;2491.9;71;11
2488.5;2491.9;76;4
2488.5;2488.6;35;11
2488.6;2488.7;47;11
2488.7;2488.8;35;11
2488.9;2489.3;47;11
2489.4;2489.5;35;11
2489.5;2489.6;47;11
2489.6;2489.7;35;11
2489.7;2489.8;47;11
2489.9;2490;35;11
2490;2490.1;47;11
2490.1;2490.2;35;11
2490.2;2490.3;47;11
2490.4;2490.5;35;11
2490.5;2490.6;47;11
2490.6;2490.7;35;11
2490.7;2490.8;47;11
2490.9;2491.9;68;8
2490.9;2491.9;80;8
2490.9;2491.4;35;11
2491.4;2491.9;46;10
2491.9;2493.4;66;6
2491.9;2493.4;78;6
2491.9;2492;45;9
2491.9;2492;52;4
2492;2492.1;54;6
2492.1;2492.2;45;9
2492.1;2492.2;52;4
2492.2;2492.3;54;6
2492.4;2492.5;45;9
2492.4;2492.5;52;4
2492.5;2492.6;54;6
2492.6;2492.7;45;9
2492.6;2492.7;52;4
2492.7;2492.8;54;6
2492.9;2493;45;9
2492.9;2493;52;4
2493;2493.1;54;6
2493.1;2493.2;45;9
2493.1;2493.2;52;4
2493.2;2493.3;54;6
2493.4;2494.4;64;4
2493.4;2494.4;76;4
2493.4;2493.9;45;9
2493.4;2493.9;52;4
2494;2494.1;54;6
2494.1;2494.2;45;9
2494.1;2494.2;52;4
2494.2;2494.3;54;6
2494.4;2495.1;63;3
2494.4;2495.1;75;3
2494.4;2494.5;45;9
2494.4;2494.5;52;4
2494.5;2494.6;54;6
2494.6;2494.7;45;9
2494.6;2494.7;52;4
2494.7;2494.8;54;6
2494.9;2495;45;9
2494.9;2495;52;4
2495;2495.1;54;6
2495.1;2495.4;61;1
2495.1;2495.4;73;1
2495.1;2495.2;45;9
2495.1;2495.2;52;4
2495.2;2495.3;54;6
2495.4;2498.1;75;3
2495.4;2498.1;87;3
2495.4;2495.5;46;10
2495.4;2495.5;52;4
2495.5;2495.6;55;7
2495.6;2495.7;46;10
2495.6;2495.7;52;4
2495.7;2495.8;55;7
2495.9;2496;46;10
2495.9;2496;52;4
2496;2496.1;55;7
2496.1;2496.2;46;10
2496.1;2496.2;52;4
2496.3;2496.4;55;7
2496.5;2496.6;46;10
2496.5;2496.6;52;4
2496.6;2496.7;55;7
2496.7;2496.8;46;10
2496.7;2496.8;52;4
2496.8;2497.2;55;7
2497.2;2497.3;46;10
2497.2;2497.3;52;4
2497.4;2497.7;55;7
2497.8;2497.9;46;10
2497.8;2497.9;52;4
2497.9;2498;55;7
2498.1;2499.5;73;1
2498.1;2499.5;85;1
2498.1;2498.2;46;10
2498.1;2498.2;52;4
2498.2;2498.3;55;7
2498.3;2498.4;46;10
2498.3;2498.4;52;4
2498.4;2498.5;55;7
2498.6;2498.7;46;10
2498.6;2498.7;52;4
2498.7;2498.9;55;7
2499;2499.3;46;10
2499;2499.3;52;4
2499.4;2499.5;55;7
2499.5;2500.5;71;11
2499.5;2500.5;76;4
2499.5;2500.5;80;8
2499.5;2500.5;83;11
2499.5;2500.5;47;11
2499.5;2500.5;52;4
2499.5;2500.5;56;8
2500.5;2501.5;76;4
2501.5;2503.9;68;8
2503.9;2505.8;47;11
2503.9;2505.8;51;3
2503.9;2505.8;54;6
2503.9;2505.8;57;9
2505.8;2507.4;69;9
2507.4;2508.4;68;8
2508.4;2508.9;66;6
2508.9;2509.7;64;4
2509.7;2510.2;68;8
2509.7;2510.6;40;4
2509.7;2510.6;52;4
2510;2510.2;60;0
2510;2510.2;64;4
2510.2;2510.9;72;0
2510.6;2510.9;64;4
2510.6;2510.9;68;8
2510.6;2510.9;38;2
2510.6;2510.9;50;2
2510.9;2511.4;76;4
2510.9;2511.3;36;0
2510.9;2511.3;48;0
2511.2;2511.4;64;4
2511.2;2511.4;68;8
2511.3;2511.4;35;11
2511.3;2511.4;47;11
2511.4;2512.3;66;6
2511.4;2513.1;45;9
2511.4;2513.1;57;9
2511.5;2511.7;60;0
2511.7;2511.8;64;4
2511.8;2512;60;0
2512;2512.1;64;4
2512.1;2512.3;60;0
2512.3;2512.5;69;9
2512.3;2512.4;64;4
2512.4;2512.5;60;0
2512.5;2513.5;72;0
2512.5;2512.6;64;4
2512.6;2512.8;60;0
2512.8;2513;64;4
2513;2513.1;60;0
2513.1;2513.3;64;4
2513.1;2513.7;43;7
2513.1;2513.7;55;7
2513.3;2513.5;60;0
2513.5;2513.6;64;4
2513.6;2513.7;60;0
2513.7;2514.5;69;9
2513.7;2513.9;64;4
2513.7;2515.6;42;6
2513.7;2515.6;54;6
2513.9;2514;60;0
2514;2514.1;64;4
2514.1;2514.2;60;0
2514.2;2514.4;64;4
2514.4;2514.5;60;0
2514.5;2514.9;66;6
2514.5;2514.6;64;4
2514.6;2514.9;60;0
2514.9;2515.4;66;6
2514.9;2515.1;57;9
2514.9;2515.1;60;0
2515.4;2515.6;64;4
2515.6;2515.9;64;4
2515.9;2516.9;63;3
2515.9;2516.9;47;11
2515.9;2516.9;54;6
2515.9;2516.9;57;9
2516.9;2517.2;63;3
2517.2;2517.7;69;9
2517.7;2518;67;7
2518;2518.2;66;6
2518.2;2518.8;64;4
2518.8;2519.3;64;4
2518.8;2519.5;36;0
2518.8;2519.5;48;0
2519;2519.3;56;8
2519;2519.3;60;0
2519.3;2519.9;68;8
2519.5;2519.9;60;0
2519.5;2519.9;64;4
2519.5;2519.9;34;10
2519.5;2519.9;46;10
2519.9;2520.6;72;0
2519.9;2520.5;32;8
2519.9;2520.5;44;8
2520.2;2520.6;60;0
2520.2;2520.6;64;4
2520.5;2520.6;31;7
2520.5;2520.6;43;7
2520.6;2521.6;62;2
2520.6;2522.3;41;5
2520.6;2522.3;53;5
2520.7;2520.8;56;8
2520.8;2521;60;0
2521;2521.1;56;8
2521.1;2521.4;60;0
2521.4;2521.6;56;8
2521.6;2521.8;65;5
2521.6;2521.7;60;0
2521.7;2521.8;56;8
2521.8;2522.6;68;8
2521.8;2521.9;60;0
2521.9;2522.1;56;8
2522.1;2522.2;60;0
2522.2;2522.3;56;8
2522.3;2522.4;60;0
2522.3;2522.8;39;3
2522.3;2522.8;51;3
2522.4;2522.6;56;8
2522.6;2522.7;60;0
2522.7;2522.8;56;8
2522.8;2523.6;72;0
2522.8;2522.9;65;5
2522.8;2522.9;68;8
2522.8;2524.7;38;2
2522.8;2524.7;50;2
2522.9;2523.1;60;0
2523.1;2523.2;65;5
2523.1;2523.2;68;8
2523.2;2523.3;60;0
2523.3;2523.4;65;5
2523.3;2523.4;68;8
2523.4;2523.6;60;0
2523.6;2523.8;68;8
2523.6;2523.7;65;5
2523.7;2523.8;60;0
2523.8;2524.3;65;5
2523.8;2524.1;57;9
2523.8;2524.1;60;0
2524.7;2525;65;5
2525;2526.2;68;8
2525;2525.8;59;11
2525;2525.8;62;2
2525;2525.8;43;7
2525;2525.8;53;5
2526.2;2526.7;68;8
2526.7;2526.9;67;7
2526.9;2527.4;65;5
2527.4;2528;64;4
2528;2528.5;60;0
2528;2528.8;44;8
2528.3;2528.5;52;4
2528.3;2528.5;56;8
2528.5;2529.2;64;4
2528.8;2529.2;56;8
2528.8;2529.2;60;0
2528.8;2529.2;42;6
2529.2;2529.7;68;8
2529.2;2529.5;40;4
2529.4;2529.7;60;0
2529.4;2529.7;64;4
2529.5;2529.7;39;3
2529.7;2530.2;73;1
2529.7;2529.9;49;1
2529.9;2530.2;64;4
2529.9;2530.2;68;8
2529.9;2530.2;47;11
2530.2;2530.7;76;4
2530.2;2530.6;45;9
2530.5;2530.7;68;8
2530.5;2530.7;73;1
2530.6;2530.7;44;8
2530.7;2531.3;80;8
2530.7;2531;52;4
2531;2531.3;71;11
2531;2531.3;76;4
2531;2531.3;51;3
2531.3;2531.8;85;1
2531.3;2531.7;49;1
2531.5;2531.8;76;4
2531.5;2531.8;80;8
2531.7;2531.8;47;11
2531.8;2532.3;79;7
2531.8;2532.3;88;4
2531.8;2534.1;46;10
2531.8;2534.1;52;4
2531.8;2534.1;55;7
2532.3;2532.8;73;1
2532.8;2533.6;70;10
2533.6;2533.8;67;7
2533.8;2534.1;65;5
2534.1;2534.6;64;4
2534.1;2535.1;43;7
2534.1;2536;46;10
2534.1;2536;49;1
2534.1;2536;52;4
2534.6;2534.8;70;10
2534.8;2535.1;72;0
2535.1;2535.8;73;1
2535.1;2536;42;6
2535.8;2536;72;0
2536;2536.3;70;10
2536.3;2537.4;69;9
2536.3;2538.6;41;5
2536.5;2536.8;66;6
2536.8;2537;63;3
2537;2537.4;60;0
2537.4;2537.9;63;3
2537.4;2537.7;58;10
2537.7;2538.6;57;9
2537.7;2537.9;54;6
2537.9;2538.3;51;3
2538.3;2538.6;63;3
2538.3;2538.6;48;0
2538.6;2539.3;66;6
2538.6;2540.6;60;0
2538.6;2538.8;46;10
2538.6;2540.6;41;5
2538.8;2539.1;45;9
2539.1;2539.3;48;0
2539.3;2539.6;65;5
2539.3;2539.6;49;1
2539.6;2540.3;63;3
2539.6;2539.8;51;3
2539.8;2540.1;54;6
2540.1;2540.3;51;3
2540.3;2540.5;66;6
2540.3;2540.6;48;0
2540.5;2540.6;69;9
2540.6;2541.3;72;0
2540.6;2541.6;63;3
2540.6;2540.8;46;10
2540.6;2542.8;41;5
2540.8;2541.1;45;9
2541.1;2541.3;48;0
2541.3;2541.6;70;10
2541.3;2541.6;51;3
2541.6;2542.3;69;9
2541.6;2542.8;60;0
2541.6;2542.3;54;6
2542.3;2542.8;53;5
2542.5;2542.8;65;5
2542.8;2543.4;66;6
2542.8;2543.7;61;1
2542.8;2543.7;46;10
2543;2543.3;49;1
2543.3;2543.4;53;5
2543.4;2543.5;66;6
2543.4;2543.7;54;6
2543.5;2543.7;66;6
2543.7;2544.4;69;9
2543.7;2544.7;63;3
2543.7;2544.7;48;0
2543.9;2544.2;51;3
2544.2;2544.4;58;10
2544.4;2544.7;69;9
2544.4;2544.7;57;9
2544.7;2545.4;70;10
2544.7;2545.7;65;5
2544.7;2545.7;49;1
2544.9;2545.2;53;5
2545.2;2545.4;57;9
2545.4;2545.7;70;10
2545.4;2545.7;58;10
2545.7;2546.2;71;11
2545.7;2546.7;66;6
2545.7;2546.7;51;3
2545.9;2546.2;54;6
2546.2;2546.5;61;1
2546.5;2546.6;70;10
2546.5;2546.7;59;11
2546.6;2546.7;71;11
2546.7;2547.6;72;0
2546.7;2547.8;67;7
2546.7;2547.8;52;4
2547;2547.3;55;7
2547.3;2547.6;59;11
2547.6;2547.8;72;0
2547.6;2547.8;60;0
2547.8;2548.3;75;3
2547.8;2549.2;68;8
2547.8;2549.2;53;5
2548.1;2548.3;56;8
2548.3;2549;73;1
2548.3;2548.9;63;3
2548.9;2549.2;61;1
2549;2549.2;73;1
2549.2;2550.9;73;1
2549.2;2554.4;54;6
2549.2;2554.4;57;9
2549.2;2554.4;61;1
2550.9;2551.7;71;11
2551.7;2553.7;69;9
2553.7;2553.9;68;8
2553.9;2554.4;66;6
2554.4;2555.1;66;6
2554.4;2555.5;44;8
2554.9;2555.5;59;11
2554.9;2555.1;54;6
2555.1;2555.5;65;5
2555.1;2555.5;53;5
2555.5;2556;68;8
2555.5;2556.6;46;10
2556;2556.3;67;7
2556;2556.6;61;1
2556;2556.6;52;4
2556;2556.6;55;7
2556.3;2556.6;67;7
2556.6;2557.1;71;11
2556.6;2558.8;39;3
2556.6;2558.8;46;10
2556.6;2558.8;49;1
2556.6;2558.8;52;4
2556.8;2556.9;61;1
2556.9;2557;68;8
2557;2557.1;66;6
2557.1;2557.6;70;10
2557.1;2557.5;64;4
2557.5;2557.6;63;3
2557.6;2558;61;1
2558;2558.1;59;11
2558.1;2558.6;58;10
2558.6;2558.8;56;8
2558.8;2559.3;56;8
2559;2559.1;39;3
2559.1;2559.2;46;10
2559.2;2559.3;54;6
2559.3;2560;55;7
2559.3;2559.7;52;4
2559.7;2559.8;51;3
2559.8;2560.2;49;1
2560.2;2560.3;47;11
2560.3;2560.7;46;10
2560.7;2560.8;44;8
2560.8;2561.3;44;8
2560.8;2563;39;3
2560.9;2560.9;58;10
2560.9;2561;59;11
2561;2561.1;61;1
2561.1;2561.2;68;8
2561.2;2561.3;66;6
2561.3;2561.7;64;4
2561.3;2561.5;43;7
2561.7;2561.8;63;3
2561.8;2562.2;61;1
2562.2;2562.3;59;11
2562.3;2562.7;58;10
2562.3;2562.7;61;1
2562.7;2563;56;8
2562.7;2563;63;3
2563;2563.9;64;4
2563;2563.7;56;8
2563.2;2563.3;39;3
2563.3;2563.6;46;10
2563.6;2563.7;54;6
2563.7;2563.9;55;7
2563.7;2564;52;4
2563.9;2564.2;61;1
2564;2564.2;51;3
2564.2;2564.7;58;10
2564.2;2564.6;49;1
2564.6;2564.7;47;11
2564.7;2565.2;55;7
2564.7;2565.1;46;10
2565.1;2565.2;56;8
2565.2;2565.7;56;8
2565.2;2567.2;49;1
2565.3;2565.4;58;10
2565.4;2565.5;59;11
2565.5;2565.5;61;1
2565.5;2565.6;70;10
2565.6;2565.7;68;8
2565.7;2566.1;67;7
2565.7;2566.1;55;7
2566.1;2566.2;64;4
2566.1;2566.2;56;8
2566.2;2566.6;63;3
2566.2;2566.5;58;10
2566.6;2566.7;61;1
2566.7;2567.1;59;11
2567.1;2567.2;58;10
2567.2;2567.9;61;1
2567.2;2567.7;53;5
2567.2;2567.4;36;0
2567.4;2567.5;46;10
2567.5;2567.6;49;1
2567.6;2567.7;56;8
2567.7;2567.9;52;4
2567.7;2568.1;55;7
2567.9;2568.2;58;10
2568.1;2568.2;53;5
2568.2;2568.7;55;7
2568.2;2568.6;52;4
2568.2;2568.7;48;0
2568.6;2568.7;49;1
2568.7;2569.1;48;0
2569.1;2569.2;46;10
2569.2;2569.9;44;8
2569.2;2571.6;36;0
2569.4;2569.5;58;10
2569.5;2569.6;60;0
2569.6;2569.7;61;1
2569.7;2569.8;67;7
2569.8;2569.9;65;5
2569.9;2570.3;64;4
2569.9;2570.1;43;7
2570.1;2570.4;46;10
2570.3;2570.4;61;1
2570.4;2570.8;60;0
2570.4;2571.3;49;1
2570.8;2571;58;10
2571;2571.5;56;8
2571.5;2571.6;55;7
2571.6;2572.1;53;5
2571.6;2572.4;48;0
2571.7;2571.8;58;10
2571.8;2571.9;60;0
2571.9;2571.9;61;1
2571.9;2572;72;0
2572;2572.1;70;10
2572.1;2572.5;68;8
2572.1;2572.4;52;4
2572.5;2572.6;67;7
2572.6;2573;65;5
2572.6;2573.8;49;1
2572.6;2573.8;53;5
2572.6;2573.8;58;10
2573;2573.1;64;4
2573.1;2573.7;63;3
2573.7;2573.8;61;1
2573.8;2574.3;60;0
2573.8;2574.8;50;2
2573.9;2574;64;4
2574;2574;65;5
2574;2574.1;67;7
2574.1;2574.2;70;10
2574.2;2574.3;68;8
2574.3;2574.6;67;7
2574.3;2574.8;59;11
2574.6;2574.8;65;5
2574.8;2575.3;61;1
2574.8;2575.9;48;0
2574.9;2575;64;4
2575;2575.1;65;5
2575.1;2575.1;67;7
2575.1;2575.2;70;10
2575.2;2575.3;68;8
2575.3;2575.6;67;7
2575.3;2575.9;60;0
2575.6;2575.9;65;5
2575.9;2576.3;47;11
2575.9;2576.3;53;5
2575.9;2576.3;56;8
2576;2576;65;5
2576;2576.1;67;7
2576.1;2576.2;68;8
2576.2;2576.3;77;5
2576.3;2576.4;35;11
2576.3;2576.4;47;11
2576.3;2576.4;75;3
2576.4;2576.8;74;2
2576.4;2576.8;38;2
2576.4;2576.8;50;2
2576.8;2577;72;0
2576.8;2577;39;3
2576.8;2577;51;3
2577;2577.4;71;11
2577;2577.4;41;5
2577;2577.4;53;5
2577.4;2577.5;68;8
2577.4;2577.5;43;7
2577.4;2577.5;55;7
2577.5;2577.8;65;5
2577.5;2577.9;44;8
2577.5;2577.9;56;8
2577.9;2578;46;10
2577.9;2578;58;10
2578;2578.5;62;2
2578;2578.5;65;5
2578;2578.5;74;2
2578;2578.5;47;11
2578;2578.5;56;8
2578;2578.5;59;11
2578.5;2578.8;62;2
2578.5;2578.8;65;5
2578.5;2578.8;71;11
2578.5;2578.8;49;1
2578.5;2578.8;56;8
2578.5;2578.8;59;11
2578.9;2579;65;5
2578.9;2579;68;8
2578.9;2579;74;2
2578.9;2579;59;11
2578.9;2579;62;2
2579;2579.4;65;5
2579;2579.4;68;8
2579;2579.4;74;2
2579;2579.4;59;11
2579;2579.4;62;2
2579.4;2579.9;65;5
2579.4;2579.9;68;8
2579.4;2579.9;71;11
2579.4;2579.9;62;2
2579.9;2580.4;65;5
2579.9;2580.4;68;8
2579.9;2580.4;77;5
2579.9;2580.4;50;2
2579.9;2580.4;59;11
2579.9;2580.4;62;2
2580.4;2580.7;65;5
2580.4;2580.7;68;8
2580.4;2580.7;74;2
2580.4;2580.7;50;2
2580.4;2580.7;59;11
2580.4;2580.7;62;2
2580.8;2580.9;68;8
2580.8;2580.9;71;11
2580.8;2580.9;77;5
2580.8;2580.9;62;2
2580.8;2580.9;65;5
2580.9;2581.4;68;8
2580.9;2581.4;71;11
2580.9;2581.4;77;5
2580.9;2581.4;62;2
2580.9;2581.4;65;5
2581.4;2581.9;68;8
2581.4;2581.9;71;11
2581.4;2581.9;74;2
2581.4;2581.9;65;5
2581.9;2582.4;68;8
2581.9;2582.4;71;11
2581.9;2582.4;80;8
2581.9;2582.4;53;5
2581.9;2582.4;63;3
2581.9;2582.4;65;5
2582.4;2582.7;68;8
2582.4;2582.7;71;11
2582.4;2582.7;77;5
2582.4;2582.7;56;8
2582.4;2582.7;63;3
2582.4;2582.7;65;5
2582.8;2582.9;71;11
2582.8;2582.9;75;3
2582.8;2582.9;80;8
2582.8;2582.9;65;5
2582.8;2582.9;68;8
2582.9;2583.3;71;11
2582.9;2583.3;75;3
2582.9;2583.3;80;8
2582.9;2583.3;65;5
2582.9;2583.3;68;8
2583.3;2583.8;71;11
2583.3;2583.8;75;3
2583.3;2583.8;77;5
2583.3;2583.8;68;8
2583.8;2584.2;71;11
2583.8;2584.2;75;3
2583.8;2584.2;83;11
2583.8;2584.2;56;8
2583.8;2584.2;63;3
2583.8;2584.2;68;8
2584.2;2584.4;71;11
2584.2;2584.4;75;3
2584.2;2584.4;80;8
2584.2;2584.4;59;11
2584.2;2584.4;63;3
2584.2;2584.4;68;8
2584.5;2584.7;75;3
2584.5;2584.7;80;8
2584.5;2584.7;83;11
2584.5;2584.7;68;8
2584.5;2584.7;71;11
2584.7;2585.1;75;3
2584.7;2585.1;80;8
2584.7;2585.1;83;11
2584.7;2585.1;68;8
2584.7;2585.1;71;11
2585.1;2585.6;75;3
2585.1;2585.6;80;8
2585.1;2585.6;71;11
2585.6;2587.5;64;4
2585.6;2587.5;68;8
2585.6;2587.5;71;11
2585.6;2587.5;52;4
2585.6;2587.5;56;8
2585.6;2591.5;49;1
2587.5;2588.2;66;6
2587.5;2588.2;70;10
2587.5;2588.2;54;6
2587.5;2588.2;58;10
2588.2;2591;64;4
2588.2;2591;68;8
2588.2;2591;56;8
2588.2;2591;59;11
2591;2591.3;63;3
2591;2591.3;66;6
2591;2591.3;58;10
2591.3;2591.5;61;1
2591.3;2591.5;64;4
2591.3;2591.5;56;8
2591.5;2592.1;64;4
2591.5;2592.6;55;7
2591.5;2592.6;58;10
2591.5;2592.6;61;1
2591.5;2591.6;27;3
2591.6;2591.7;39;3
2591.7;2591.8;27;3
2591.8;2591.9;39;3
2591.9;2591.9;27;3
2591.9;2592;39;3
2592;2592;27;3
2592.1;2592.1;39;3
2592.1;2592.6;63;3
2592.1;2592.2;27;3
2592.2;2592.2;39;3
2592.2;2592.3;27;3
2592.3;2592.4;39;3
2592.4;2592.4;27;3
2592.4;2592.5;39;3
2592.5;2592.5;27;3
2592.6;2592.6;39;3
2592.6;2592.7;27;3
2592.7;2592.7;39;3
2592.7;2592.8;27;3
2592.8;2592.9;39;3
2592.9;2592.9;27;3
2592.9;2593;39;3
2593;2593;27;3
2593.1;2593.1;39;3
2593.1;2593.2;27;3
2593.2;2593.2;39;3
2593.2;2593.3;27;3
2593.3;2593.4;39;3
2593.4;2593.4;27;3
2593.4;2594;39;3
2594.1;2594.1;27;3
2594.1;2594.2;39;3
2594.2;2594.2;27;3
2594.2;2594.3;39;3
2594.3;2594.3;27;3
2594.4;2594.4;39;3
2594.4;2594.5;27;3
2594.5;2594.5;39;3
2594.6;2594.6;27;3
2594.6;2594.7;39;3
2594.7;2594.7;27;3
2594.7;2594.8;39;3
2594.8;2594.8;27;3
2594.9;2594.9;39;3
2594.9;2595;27;3
2595;2595;39;3
2595.1;2595.1;27;3
2595.1;2595.2;39;3
2595.2;2595.2;27;3
2595.2;2595.3;39;3
2595.3;2595.9;27;3
2595.9;2596;39;3
2596;2596.1;27;3
2596.1;2596.4;39;3
2596.4;2596.4;27;3
2596.4;2596.5;39;3
2596.5;2597;51;3
2596.5;2596.5;27;3
2596.6;2596.6;39;3
2596.6;2596.7;27;3
2596.7;2596.7;39;3
2596.7;2596.8;27;3
2596.8;2596.9;39;3
2596.9;2596.9;27;3
2596.9;2597;39;3
2597;2599.4;54;6
2597;2597;27;3
2597.1;2597.1;39;3
2597.1;2597.2;27;3
2597.2;2597.2;39;3
2597.2;2597.3;27;3
2597.3;2597.4;39;3
2597.4;2597.6;27;3
2597.6;2597.7;39;3
2597.7;2597.7;27;3
2597.8;2598.5;39;3
2598.8;2599;27;3
2599;2599.1;39;3
2599.1;2599.2;27;3
2599.2;2599.2;39;3
2599.2;2599.3;27;3
2599.3;2599.3;39;3
2599.4;2600.2;57;9
2599.4;2599.4;27;3
2599.4;2599.5;39;3
2599.5;2599.6;27;3
2599.6;2599.6;39;3
2599.6;2599.7;27;3
2599.7;2599.8;39;3
2599.8;2599.8;27;3
2599.8;2599.9;39;3
2599.9;2599.9;27;3
2600;2600;39;3
2600;2600.1;27;3
2600.1;2600.2;39;3
2600.2;2600.5;57;9
2600.2;2600.2;27;3
2600.2;2600.3;39;3
2600.3;2600.4;27;3
2600.4;2600.5;39;3
2600.5;2601.5;61;1
2600.5;2600.5;27;3
2600.6;2600.6;39;3
2600.6;2600.7;27;3
2600.7;2600.7;39;3
2600.7;2600.8;27;3
2600.8;2600.9;39;3
2600.9;2600.9;27;3
2600.9;2601;39;3
2601;2601;27;3
2601.1;2601.1;39;3
2601.1;2601.2;27;3
2601.2;2601.2;39;3
2601.2;2601.3;27;3
2601.3;2601.4;39;3
2601.4;2601.4;27;3
2601.4;2601.5;39;3
2601.5;2604.2;49;1
2601.5;2601.5;27;3
2601.6;2601.6;39;3
2601.6;2601.7;27;3
2601.7;2601.7;39;3
2601.7;2601.8;27;3
2601.8;2601.9;39;3
2602;2602;27;3
2602;2602.1;39;3
2602.1;2603.7;27;3
2603.8;2604;39;3
2604;2604;27;3
2604;2604.2;39;3
2604.2;2604.6;45;9
2604.2;2604.3;27;3
2604.3;2604.4;39;3
2604.4;2604.5;27;3
2604.5;2604.5;39;3
2604.6;2608.6;52;4
2604.6;2604.6;27;3
2604.6;2604.7;39;3
2604.7;2604.7;27;3
2604.7;2604.8;39;3
2604.8;2604.9;27;3
2604.9;2604.9;39;3
2604.9;2605;27;3
2605;2605.1;39;3
2605.2;2606.2;45;9
2605.2;2612.1;49;1
2605.2;2605.2;27;3
2605.2;2605.3;39;3
2605.3;2605.3;27;3
2605.3;2605.4;39;3
2605.4;2605.5;27;3
2605.5;2605.5;39;3
2605.5;2605.6;27;3
2605.6;2605.6;39;3
2605.7;2605.7;27;3
2605.7;2605.8;39;3
2605.8;2605.8;27;3
2605.8;2605.9;39;3
2605.9;2606;27;3
2606;2606;39;3
2606;2606.1;27;3
2606.1;2606.1;39;3
2606.2;2608.6;44;8
2606.2;2606.6;27;3
2606.8;2607;39;3
2607;2607;27;3
2607.1;2607.1;39;3
2607.1;2607.5;27;3
2607.5;2607.5;39;3
2607.6;2607.6;27;3
2607.7;2608.3;39;3
2608.6;2612.1;51;3
2608.6;2612.1;43;7
2608.6;2612.1;46;10
2608.6;2612.1;39;3
2608.6;2611;27;3
2612.1;2612.6;63;3
2612.6;2614.6;63;3
2612.6;2615.7;56;8
2612.6;2614.6;60;0
2612.6;2615.7;44;8
2612.6;2615.7;51;3
2614.6;2615;60;0
2615;2615.7;60;0
2615.7;2617.2;68;8
2615.7;2618.2;56;8
2615.7;2618.2;60;0
2615.7;2618.2;44;8
2615.7;2618.2;51;3
2617.2;2617.5;63;3
2617.5;2618.2;63;3
2618.2;2620.3;69;9
2618.2;2620.9;60;0
2618.2;2620.9;63;3
2618.2;2624.1;44;8
2618.2;2620.9;54;6
2620.3;2620.6;70;10
2620.6;2620.9;72;0
2620.9;2622.7;65;5
2620.9;2624.1;56;8
2620.9;2624.1;61;1
2620.9;2624.1;53;5
2622.7;2624.1;66;6
2624.1;2626;67;7
2624.1;2626.9;59;11
2624.1;2626.9;62;2
2624.1;2626.9;53;5
2624.1;2629.6;43;7
2626;2626.5;68;8
2626.5;2626.9;68;8
2626.9;2628.1;69;9
2626.9;2629.6;60;0
2626.9;2629.6;52;4
2628.1;2629.6;64;4
2629.6;2631.3;70;10
2629.6;2632.5;58;10
2629.6;2632.5;61;1
2629.6;2636.1;43;7
2629.6;2632.5;52;4
2629.6;2632.5;55;7
2631.3;2631.7;69;9
2631.7;2632.5;67;7
2632.5;2635.4;71;11
2632.5;2636.1;59;11
2632.5;2636.1;62;2
2632.5;2636.1;53;5
2635.4;2636.1;71;11
2636.1;2637.8;72;0
2636.1;2638.4;60;0
2636.1;2638.4;64;4
2636.1;2638.4;44;8
2636.1;2638.4;52;4
2637.8;2638.4;72;0
2638.4;2639.7;72;0
2638.4;2641.8;62;2
2638.4;2640.4;56;8
2638.4;2641.8;52;4
2639.7;2641.1;71;11
2640.4;2641.8;57;9
2641.1;2641.8;69;9
2641.8;2644;69;9
2641.8;2644.6;62;2
2641.8;2644.6;53;5
2641.8;2644.6;59;11
2644;2644.6;68;8
2644.6;2647.2;59;11
2644.6;2647.2;71;11
2644.6;2647.2;51;3
2644.6;2647.2;56;8
2647.2;2647.9;52;4
2647.9;2649.7;57;9
2647.9;2650.8;53;5
2647.9;2650.8;38;2
2647.9;2650.8;50;2
2649.7;2654.1;56;8
2650.8;2654.1;59;11
2650.8;2652.1;53;5
2650.8;2654.1;37;1
2650.8;2653.6;49;1
2652.1;2653.6;51;3
2653.6;2654.1;49;1
2654.1;2657.2;53;5
2654.1;2657.2;56;8
2654.1;2657.2;60;0
2654.1;2657.2;36;0
2654.1;2657.2;48;0
2657.2;2664.1;53;5
2657.2;2664.1;55;7
2657.2;2664.1;61;1
2657.2;2659.4;49;1
2657.2;2664.1;34;10
2659.4;2659.9;48;0
2659.9;2660.3;46;10
2660.3;2662.2;44;8
2662.2;2663.5;43;7
2663.8;2664.1;49;1
2664.1;2667.9;52;4
2664.1;2667.9;55;7
2664.1;2667.9;60;0
2664.1;2667.9;36;0
2664.1;2667.9;48;0
2668.3;2668.4;55;7
2668.3;2668.4;43;7
2668.4;2668.5;56;8
2668.4;2668.5;44;8
2668.5;2668.6;58;10
2668.5;2668.6;46;10
2668.6;2668.7;65;5
2668.6;2668.7;53;5
2668.7;2668.8;63;3
2668.7;2668.8;51;3
2668.8;2669.2;61;1
2668.8;2669.2;49;1
2669.2;2669.4;60;0
2669.2;2669.4;48;0
2669.4;2669.8;58;10
2669.4;2669.8;46;10
2669.8;2670;56;8
2669.8;2670;44;8
2670;2670.9;55;7
2670;2670.9;43;7
2670.9;2671.1;53;5
2670.9;2671.1;41;5
2671.1;2671.5;52;4
2671.1;2671.5;40;4
2671.5;2671.7;53;5
2671.5;2671.7;41;5
2671.7;2672.1;54;6
2671.7;2672.1;42;6
2672.1;2672.3;58;10
2672.1;2672.3;46;10
2672.3;2672.7;61;1
2672.3;2672.7;49;1
2672.7;2673;63;3
2672.7;2673;51;3
2673;2674.2;64;4
2673;2674.2;52;4
2675;2675.3;52;4
2675.3;2675.6;52;4
2675.6;2676.5;52;4
2676.5;2676.9;53;5
2676.9;2677.2;55;7
2677.7;2677.9;55;7
2677.9;2678.1;56;8
2678.1;2678.3;58;10
2678.3;2678.9;58;10
2678.9;2679.2;52;4
2680.9;2681.4;53;5
2681.4;2683.1;54;6
2683.1;2683.4;53;5
2683.4;2683.9;51;3
2683.9;2684.4;49;1
2684.4;2684.6;48;0
2684.6;2686.4;46;10
2684.6;2686.4;34;10
2686.4;2686.7;44;8
2686.4;2686.7;32;8
2686.7;2687.1;42;6
2686.7;2687.1;30;6
2687.1;2687.3;41;5
2687.1;2687.3;29;5
2687.3;2689.7;51;3
2687.3;2689.7;39;3
2689.7;2690.7;37;1
2689.7;2690.7;49;1
2690.7;2693.5;58;10
2690.7;2693.5;64;4
2690.7;2693.5;67;7
2690.7;2693.5;36;0
2690.7;2693.5;48;0
2691.7;2692.3;70;10
2692.3;2693.2;70;10
2693.2;2693.5;70;10
2693.5;2694.1;70;10
2693.5;2696.8;58;10
2693.5;2694.1;63;3
2693.5;2696.8;41;5
2693.5;2696.8;48;0
2693.5;2696.8;54;6
2694.1;2694.4;63;3
2694.6;2695.1;63;3
2695.1;2695.7;66;6
2695.7;2696.1;65;5
2696.1;2696.8;63;3
2696.8;2697.8;69;9
2696.8;2699.5;60;0
2696.8;2699.5;63;3
2696.8;2699.5;41;5
2696.8;2699.5;48;0
2696.8;2699.5;53;5
2697.8;2698.2;69;9
2698.2;2698.8;70;10
2698.8;2699.5;72;0
2699.5;2701.7;61;1
2699.5;2701.7;68;8
2699.5;2701.7;70;10
2699.5;2701.7;73;1
2699.5;2701.7;40;4
2699.5;2701.7;52;4
2701.7;2702.3;64;4
2702.3;2703;64;4
2702.3;2704.4;49;1
2702.3;2705;43;7
2702.3;2705;46;10
2702.6;2703;58;10
2703;2703.6;63;3
2703;2703.3;61;1
2703.3;2703.6;58;10
2703.6;2703.9;56;8
2703.9;2704.4;55;7
2704.4;2704.7;56;8
2704.4;2705;51;3
2704.7;2705;63;3
2704.7;2705;58;10
2705;2706;64;4
2705;2706;59;11
2705;2706;44;8
2705.3;2705.6;47;11
2705.6;2705.9;51;3
2705.9;2706;52;4
2706;2707.2;61;1
2706;2707.2;46;10
2706.3;2706.6;67;7
2706.3;2706.6;49;1
2706.6;2707;67;7
2706.6;2706.9;56;8
2706.9;2707.2;55;7
2707;2707.2;67;7
2707.2;2707.6;70;10
2707.2;2708.2;63;3
2707.2;2708.2;47;11
2707.5;2707.6;51;3
2707.6;2707.9;68;8
2707.6;2707.9;55;7
2707.9;2708.2;68;8
2707.9;2708.2;56;8
2708.2;2708.8;71;11
2708.2;2709.4;64;4
2708.2;2709.4;49;1
2708.5;2708.8;52;4
2708.8;2709.1;70;10
2708.8;2709.1;59;11
2709.1;2709.4;58;10
2709.4;2712;65;5
2709.4;2713.2;56;8
2709.4;2713.2;59;11
2709.4;2712;50;2
2709.8;2710.1;68;8
2710.1;2710.7;68;8
2710.7;2711.3;71;11
2711.3;2711.6;70;10
2711.6;2712;68;8
2712;2713.2;76;4
2712;2713.2;64;4
2712;2713.2;52;4
2713.2;2714.2;64;4
2714.2;2714.9;63;3
2714.9;2717;63;3
2714.9;2717;75;3
2714.9;2716.7;51;3
2714.9;2716.7;55;7
2714.9;2716.7;58;10
2714.9;2716.7;61;1
2717;2717.6;61;1
2717;2717.6;73;1
2717.6;2718.8;59;11
2717.6;2718.8;71;11
2718.8;2719.9;58;10
2718.8;2719.9;70;10
2719.9;2720.2;59;11
2719.9;2720.2;71;11
2720.2;2720.8;58;10
2720.2;2720.8;70;10
2720.8;2721.6;56;8
2720.8;2721.6;68;8
2720.8;2721.6;44;8
2721.6;2721.9;54;6
2721.6;2721.9;42;6
2721.9;2722.5;52;4
2721.9;2722.5;40;4
2722.5;2722.6;51;3
2722.5;2722.6;39;3
2722.6;2722.9;59;11
2722.6;2722.9;47;11
2722.9;2723.1;58;10
2722.9;2723.1;46;10
2723.1;2723.5;56;8
2723.1;2723.5;44;8
2723.5;2723.6;55;7
2723.5;2723.6;43;7
2723.6;2724.1;64;4
2723.6;2724.1;52;4
2724.1;2724.3;63;3
2724.1;2724.3;51;3
2724.3;2724.7;61;1
2724.3;2724.7;49;1
2724.7;2725;60;0
2724.7;2725;48;0
2725;2726.9;69;9
2725;2726.9;45;9
2725;2726.9;57;9
2726.9;2727.5;68;8
2726.9;2727.5;44;8
2726.9;2727.5;56;8
2727.5;2728;66;6
2727.5;2728;42;6
2727.5;2728;54;6
2728;2729.4;64;4
2728;2729.4;40;4
2728;2729.4;52;4
2729.4;2730.2;63;3
2729.4;2730.2;39;3
2729.4;2730.2;51;3
2730.2;2730.9;61;1
2730.2;2730.9;37;1
2730.2;2730.9;49;1
2730.9;2731;63;3
2730.9;2731;39;3
2730.9;2731;51;3
2731;2735.2;61;1
2731;2735.2;49;1
2731;2735.2;37;1
2734;2738.7;68;8
2735.2;2736;60;0
2735.2;2736;48;0
2735.2;2736;36;0
2738.7;2739.2;66;6
2739.2;2739.8;64;4
2739.8;2740;63;3
2740;2743.8;73;1
2740;2745.4;68;8
2740;2744.4;64;4
2743.8;2744.4;71;11
2744.4;2745.4;70;10
2744.4;2746;62;2
2744.4;2746;65;5
2745.4;2746;71;11
2746;2746.9;70;10
2746;2750;62;2
2746;2750;46;10
2746;2750;56;8
2746.9;2747.7;68;8
2747.7;2748.5;68;8
2748.5;2749.2;66;6
2749.2;2750;65;5
2750;2751.3;63;3
2750;2752.3;47;11
2750;2752.3;57;9
2751.3;2752.3;62;2
2752.3;2753.4;65;5
2752.3;2754;62;2
2752.3;2754;56;8
2752.3;2755.1;46;10
2753.7;2754;65;5
2754;2754.5;67;7
2754;2755.1;61;1
2754;2755.1;52;4
2754.5;2754.8;68;8
2754.8;2755.1;70;10
2755.1;2755.6;71;11
2755.1;2755.6;62;2
2755.1;2757.5;53;5
2755.1;2757.5;56;8
2755.1;2759;46;10
2755.6;2757.2;62;2
2757.5;2758.1;69;9
2757.5;2759;63;3
2757.5;2759;54;6
2758.1;2758.4;70;10
2758.4;2759;72;0
2759;2759.6;73;1
2759;2760.6;64;4
2759;2760.6;55;7
2759;2762.6;46;10
2759.6;2760.4;72;0
2760.4;2760.6;72;0
2760.6;2762.1;74;2
2760.6;2762.6;65;5
2760.6;2762.6;56;8
2762.1;2762.6;74;2
2762.6;2763.2;75;3
2762.6;2767.5;66;6
2762.6;2765.9;54;6
2762.6;2767.5;46;10
2763.2;2763.5;74;2
2763.5;2765.9;75;3
2765.9;2767;78;6
2765.9;2767.5;57;9
2765.9;2767.5;60;0
2767;2767.1;77;5
2767.1;2767.5;75;3
2767.5;2770;74;2
2767.5;2771.8;65;5
2767.5;2771.8;56;8
2767.5;2769.3;46;10
2769.3;2771.8;68;8
2769.3;2771.8;47;11
2771.4;2771.8;74;2
2771.8;2774.5;75;3
2771.8;2779.9;65;5
2771.8;2780.5;49;1
2771.8;2780.5;56;8
2771.8;2780.5;59;11
2774.5;2774.8;68;8
2774.8;2776.7;70;10
2776.7;2779.9;71;11
2779.9;2780.4;65;5
2780.4;2780.5;66;6
2780.5;2782.2;82;10
2780.5;2789.3;54;6
2780.5;2789.3;58;10
2780.5;2789.3;61;1
2782.2;2782.5;73;1
2782.5;2785.1;75;3
2785.1;2788.3;76;4
2788.3;2791;70;10
2789.3;2790.5;73;1
2789.3;2791;67;7
2789.3;2791;51;3
2789.3;2791;61;1
2790.5;2791.6;76;4
2791;2794.5;67;7
2791;2794.5;51;3
2791;2794.5;58;10
2791;2794.5;61;1
2791.6;2792;75;3
2792;2792.6;73;1
2792.6;2793.3;71;11
2793.3;2793.9;70;10
2794.3;2794.5;70;10
2794.5;2795.3;68;8
2794.5;2795.6;62;2
2794.5;2795.6;52;4
2795.3;2795.6;67;7
2795.6;2796.2;71;11
2795.6;2796.8;67;7
2795.6;2796.8;61;1
2795.6;2798.4;51;3
2796.2;2796.5;70;10
2796.8;2798.4;66;6
2796.8;2798.4;57;9
2796.8;2798.4;60;0
2797.5;2798.1;72;0
2798.1;2798.4;72;0
2798.4;2798.9;73;1
2798.4;2799.7;64;4
2798.4;2799.7;55;7
2798.4;2799.7;58;10
2798.4;2803.2;51;3
2798.9;2799.5;67;7
2799.6;2799.7;73;1
2799.7;2800.5;74;2
2799.7;2801.4;65;5
2799.7;2801.4;56;8
2799.7;2801.4;59;11
2800.5;2800.8;75;3
2800.8;2801.4;77;5
2801.4;2802.9;66;6
2801.4;2802.9;69;9
2801.4;2804.3;57;9
2801.4;2804.3;60;0
2802.9;2803.2;66;6
2803.2;2804.1;69;9
2803.2;2804.3;50;2
2804.1;2804.3;66;6
2804.3;2804.9;78;6
2804.3;2805.6;49;1
2804.3;2805.6;54;6
2804.3;2805.6;57;9
2804.3;2805.6;61;1
2804.9;2805.3;66;6
2805.6;2806.3;69;9
2805.6;2810.8;54;6
2805.6;2810.8;57;9
2805.6;2807.4;48;0
2806.3;2806.6;68;8
2806.6;2807.4;66;6
2807.4;2807.9;76;4
2807.4;2808.5;47;11
2807.9;2809.3;75;3
2808.5;2810.8;48;0
2809.3;2810.8;75;3
2810.8;2812;76;4
2810.8;2813.2;66;6
2810.8;2814;50;2
2810.8;2814;57;9
2810.8;2814;60;0
2812;2812.5;69;9
2812.5;2813.2;72;0
2813.2;2813.5;66;6
2813.5;2814;66;6
2814;2814.7;69;9
2814;2815.6;52;4
2814;2815.6;55;7
2814;2815.6;59;11
2814.7;2816.5;67;7
2815.6;2817.2;59;11
2815.6;2817.2;62;2
2815.6;2817.2;41;5
2815.6;2817.2;53;5
2816.5;2817.2;68;8
2816.5;2817.2;71;11
2817.2;2819.2;77;5
2817.2;2820.6;65;5
2817.2;2820.6;69;9
2817.2;2820.6;43;7
2817.3;2820.6;50;2
2817.3;2820.6;59;11
2820.2;2820.6;71;11
2820.6;2822.3;65;5
2820.6;2822.3;74;2
2820.6;2823;55;7
2820.6;2823;59;11
2822.3;2823.5;65;5
2823.5;2823.6;64;4
2823.5;2823.7;42;6
2823.6;2823.7;60;0
2823.7;2824.2;64;4
2823.7;2824.4;43;7
2824.2;2824.4;60;0
2824.4;2824.5;64;4
2824.4;2824.8;45;9
2824.5;2824.6;60;0
2824.6;2824.8;64;4
2824.8;2824.9;60;0
2824.8;2824.9;47;11
2824.9;2825.1;64;4
2824.9;2826;48;0
2825.1;2825.2;60;0
2825.2;2825.3;64;4
2825.3;2825.5;60;0
2825.5;2825.6;64;4
2825.6;2825.8;60;0
2825.8;2825.9;64;4
2825.9;2826;60;0
2826;2827.9;66;6
2826;2826;64;4
2826;2826.1;45;9
2826;2826.1;60;0
2826.1;2826.2;64;4
2826.1;2826.4;47;11
2826.2;2826.4;60;0
2826.4;2826.5;64;4
2826.4;2826.7;48;0
2826.5;2826.7;60;0
2826.7;2826.7;64;4
2826.7;2826.8;60;0
2826.7;2826.8;50;2
2826.8;2827;64;4
2826.8;2827.9;52;4
2827;2827.1;60;0
2827.1;2827.2;64;4
2827.2;2827.4;60;0
2827.4;2827.5;64;4
2827.5;2827.7;60;0
2827.7;2827.8;64;4
2827.8;2827.9;60;0
2827.9;2830.3;67;7
2827.9;2828.1;64;4
2827.9;2828.2;48;0
2828.1;2828.2;60;0
2828.2;2828.4;64;4
2828.2;2828.5;50;2
2828.4;2828.5;60;0
2828.5;2828.6;64;4
2828.5;2828.9;52;4
2828.6;2828.8;60;0
2828.8;2828.9;64;4
2828.9;2829;60;0
2828.9;2829;54;6
2829;2829.2;64;4
2829;2830.3;55;7
2829.2;2829.3;60;0
2829.3;2829.5;64;4
2829.5;2829.6;60;0
2829.6;2829.7;64;4
2829.7;2829.9;60;0
2829.9;2830;64;4
2830;2830.3;60;0
2830.3;2832.3;70;10
2830.3;2830.4;52;4
2830.4;2830.4;61;1
2830.4;2830.5;64;4
2830.4;2830.5;67;7
2830.4;2830.7;54;6
2830.5;2830.7;61;1
2830.7;2830.8;64;4
2830.7;2830.8;67;7
2830.7;2831.1;55;7
2830.8;2831;61;1
2831;2831.1;64;4
2831;2831.1;67;7
2831.1;2831.2;61;1
2831.1;2831.2;57;9
2831.2;2831.4;64;4
2831.2;2831.4;67;7
2831.2;2832.3;58;10
2831.4;2831.5;61;1
2831.5;2831.6;64;4
2831.5;2831.6;67;7
2831.6;2831.8;61;1
2831.8;2831.9;64;4
2831.8;2831.9;67;7
2831.9;2832.1;61;1
2832.1;2832.2;64;4
2832.1;2832.2;67;7
2832.2;2832.3;61;1
2832.3;2834.3;73;1
2832.3;2832.6;55;7
2832.4;2832.6;64;4
2832.6;2832.7;67;7
2832.6;2832.7;70;10
2832.6;2832.9;57;9
2832.7;2832.9;64;4
2832.9;2833;67;7
2832.9;2833;70;10
2832.9;2833.1;58;10
2833;2833;64;4
2833;2833.1;67;7
2833;2833.1;70;10
2833.1;2833.2;64;4
2833.1;2833.2;60;0
2833.2;2833.3;67;7
2833.2;2833.3;70;10
2833.2;2834.3;61;1
2833.3;2833.5;64;4
2833.5;2833.6;67;7
2833.5;2833.6;70;10
2833.6;2833.7;64;4
2833.7;2833.9;67;7
2833.7;2833.9;70;10
2833.9;2834;64;4
2834;2834.2;67;7
2834;2834.2;70;10
2834.2;2834.3;64;4
2834.3;2835.4;76;4
2834.3;2834.6;58;10
2834.5;2834.6;67;7
2834.6;2834.7;70;10
2834.6;2834.7;73;1
2834.6;2834.9;59;11
2834.7;2834.9;67;7
2834.9;2835;70;10
2834.9;2835;73;1
2834.9;2835.3;61;1
2835;2835.2;67;7
2835.2;2835.3;70;10
2835.2;2835.3;73;1
2835.3;2835.4;67;7
2835.3;2835.4;62;2
2835.4;2836.6;79;7
2835.4;2835.8;64;4
2835.6;2835.7;70;10
2835.7;2835.8;73;1
2835.7;2835.8;76;4
2835.8;2836;70;10
2835.8;2836;66;6
2836;2836.2;73;1
2836;2836.2;76;4
2836;2836.2;67;7
2836.2;2836.3;70;10
2836.2;2836.4;66;6
2836.3;2836.5;73;1
2836.3;2836.5;76;4
2836.4;2836.6;64;4
2836.5;2836.6;70;10
2836.6;2836.7;76;4
2836.6;2837.2;59;11
2836.6;2837.2;71;11
2836.7;2836.9;73;1
2836.9;2837.1;76;4
2837.1;2837.2;79;7
2837.2;2837.5;76;4
2837.2;2837.5;85;1
2837.2;2837.8;58;10
2837.2;2837.8;70;10
2837.5;2837.8;73;1
2837.8;2839.1;76;4
2838.9;2839.4;45;9
2838.9;2839.4;49;1
2838.9;2839.4;52;4
2838.9;2839.4;55;7
2838.9;2839.4;57;9
2839.4;2840.5;71;11
2840.5;2840.8;69;9
2840.8;2841;67;7
2841;2841.9;67;7
2841.9;2842.2;66;6
2841.9;2842.2;45;9
2841.9;2842.2;50;2
2841.9;2842.2;54;6
2842.4;2843.3;65;5
2843;2843.3;45;9
2843;2843.3;50;2
2843;2843.3;53;5
2843.3;2843.4;64;4
2843.4;2843.6;62;2
2843.6;2844.8;74;2
2844.1;2845.7;62;2
2844.1;2845.7;68;8
2844.1;2845.7;46;10
2844.1;2845.7;52;4
2844.1;2845.7;56;8
2844.8;2845.7;74;2
2845.7;2846;73;1
2846;2846.7;76;4
2846.7;2847.3;45;9
2846.7;2847.3;49;1
2846.7;2847.3;55;7
2846.8;2846.9;64;4
2846.9;2847;67;7
2847;2847.3;70;10
2847.3;2847.4;74;2
2847.3;2849.3;57;9
2847.3;2849.3;61;1
2847.3;2849.3;64;4
2847.3;2849.3;67;7
2847.4;2847.5;73;1
2847.5;2847.7;77;5
2847.7;2847.9;76;4
2847.9;2848;82;10
2848;2848.2;81;9
2848.2;2848.4;86;2
2848.4;2848.5;85;1
2848.5;2848.7;89;5
2848.7;2849.3;88;4
2849.3;2852.7;45;9
2852.7;2853.2;46;10
2853.2;2854;47;11
2854;2854.8;42;6
2854.8;2857.4;45;9
2857.4;2859.1;43;7
2858;2858.5;59;11
2858.5;2860.7;59;11
2859.1;2860.1;42;6
2860.1;2861;40;4
2860.7;2861.4;59;11
2861;2861.4;38;2
2861.4;2863.4;61;1
2861.4;2867.3;37;1
2861.4;2864.4;53;5
2861.4;2864.4;56;8
2861.4;2864.4;59;11
2863.4;2863.9;63;3
2863.9;2864.4;65;5
2864.4;2866.8;69;9
2864.4;2867.3;59;11
2864.4;2867.3;65;5
2864.4;2869.9;49;1
2866.8;2867.3;68;8
2867.3;2868.5;66;6
2867.3;2869.9;57;9
2867.3;2869.9;42;6
2869.9;2870.9;69;9
2869.9;2872.6;59;11
2869.9;2872.6;51;3
2869.9;2872.6;41;5
2870.9;2871.4;69;9
2871.4;2872.6;69;9
2872.6;2873.6;64;4
2873.6;2875;57;9
2873.6;2875;60;0
2873.6;2875;40;4
2873.6;2875;52;4
2875;2875.3;60;0
2875.3;2875.7;62;2
2875.7;2877.2;64;4
2876.7;2877.2;56;8
2876.7;2877.2;59;11
2876.7;2877.2;40;4
2876.7;2877.2;52;4
2877.2;2879.1;64;4
2879.1;2880.1;57;9
2879.4;2879.6;44;8
2879.6;2879.9;45;9
2879.9;2880.1;47;11
2880.1;2881.3;50;2
2881.3;2881.6;48;0
2881.6;2882.2;52;4
2882.2;2882.5;53;5
2882.5;2883;72;0
2882.5;2884.6;63;3
2882.5;2884.6;66;6
2882.5;2884.6;57;9
2883;2883.2;71;11
2883.2;2883.5;69;9
2883.5;2884.1;67;7
2884.1;2884.6;69;9
2884.6;2885.1;64;4
2884.6;2885.1;71;11
2884.6;2884.8;55;7
2884.8;2885.1;43;7
2885.1;2885.9;64;4
2885.1;2885.4;47;11
2885.4;2885.9;48;0
2885.9;2886.2;51;3
2886.2;2886.4;52;4
2886.4;2886.9;71;11
2886.4;2886.7;54;6
2886.7;2886.9;55;7
2886.9;2887.4;74;2
2886.9;2889;68;8
2886.9;2889;65;5
2886.9;2889;59;11
2887.4;2887.7;73;1
2887.7;2887.9;71;11
2887.9;2888.4;69;9
2888.4;2888.7;71;11
2888.7;2889;71;11
2889;2889.5;73;1
2889;2889.5;66;6
2889;2889.3;57;9
2889.3;2889.5;45;9
2889.5;2890;66;6
2889.5;2889.8;47;11
2889.8;2890;49;1
2890;2890.3;52;4
2890.3;2890.6;50;2
2890.6;2890.8;54;6
2890.8;2891.1;56;8
2891.1;2891.2;57;9
2891.1;2891.2;62;2
2891.2;2891.3;66;6
2891.3;2891.6;69;9
2891.3;2891.5;57;9
2891.3;2891.5;62;2
2891.5;2891.6;66;6
2891.6;2892.3;74;2
2891.6;2891.7;57;9
2891.6;2891.7;62;2
2891.7;2891.8;66;6
2891.8;2892;57;9
2891.8;2892;62;2
2892;2892.1;66;6
2892.1;2892.2;57;9
2892.1;2892.2;62;2
2892.2;2892.3;66;6
2892.3;2892.6;69;9
2892.3;2892.5;57;9
2892.3;2892.5;62;2
2892.5;2892.6;66;6
2892.6;2893.1;71;11
2892.6;2892.7;59;11
2892.6;2892.7;62;2
2892.7;2892.8;66;6
2892.8;2893;59;11
2892.8;2893;62;2
2893;2893.1;66;6
2893.1;2894.1;65;5
2893.1;2894.1;68;8
2893.1;2894.1;73;1
2893.1;2893.3;61;1
2893.3;2893.6;48;0
2893.6;2893.8;49;1
2893.8;2894.1;51;3
2894.1;2894.6;61;1
2894.1;2894.3;53;5
2894.3;2894.6;54;6
2894.6;2894.8;56;8
2894.8;2895.1;58;10
2895.1;2895.2;59;11
2895.1;2895.2;64;4
2895.2;2895.3;67;7
2895.3;2895.4;71;11
2895.3;2895.4;59;11
2895.3;2895.4;64;4
2895.4;2895.4;67;7
2895.4;2896.1;76;4
2895.4;2895.5;59;11
2895.4;2895.5;64;4
2895.5;2895.7;67;7
2895.7;2895.8;59;11
2895.7;2895.8;64;4
2895.8;2895.9;67;7
2895.9;2896;59;11
2895.9;2896;64;4
2896;2896.1;67;7
2896.1;2896.4;71;11
2896.1;2896.2;59;11
2896.1;2896.2;64;4
2896.2;2896.4;67;7
2896.4;2896.9;73;1
2896.4;2896.5;61;1
2896.4;2896.5;64;4
2896.5;2896.6;67;7
2896.6;2896.7;61;1
2896.6;2896.7;64;4
2896.7;2896.9;67;7
2896.9;2897.4;75;3
2896.9;2898;63;3
2897.2;2897.7;67;7
2897.2;2897.7;71;11
2897.7;2898;75;3
2897.7;2898;67;7
2897.7;2898;71;11
2898;2898.7;78;6
2898;2899;59;11
2898.2;2898.5;63;3
2898.2;2898.5;66;6
2898.2;2898.5;69;9
2898.5;2898.7;63;3
2898.5;2898.7;66;6
2898.5;2898.7;69;9
2898.7;2899;71;11
2898.7;2899;63;3
2898.7;2899;66;6
2898.7;2899;69;9
2899;2899.8;67;7
2899;2899.8;71;11
2899;2899.8;76;4
2899;2899.8;79;7
2899;2899.2;52;4
2899;2899.2;55;7
2899.2;2899.3;59;11
2899.3;2899.4;52;4
2899.3;2899.4;55;7
2899.4;2899.5;59;11
2899.5;2899.7;52;4
2899.5;2899.7;55;7
2899.7;2899.8;59;11
2899.8;2900.1;64;4
2899.8;2899.9;52;4
2899.8;2899.9;55;7
2899.9;2900.1;59;11
2900.1;2900.9;67;7
2900.1;2900.5;52;4
2900.1;2900.5;55;7
2900.5;2900.6;59;11
2900.6;2900.7;52;4
2900.6;2900.7;55;7
2900.7;2900.9;59;11
2900.9;2901.2;66;6
2900.9;2901;52;4
2900.9;2901;55;7
2901;2901.2;59;11
2901.2;2901.5;64;4
2901.2;2901.3;52;4
2901.2;2901.3;55;7
2901.3;2901.5;59;11
2901.5;2902.5;72;0
2901.5;2901.6;52;4
2901.5;2901.6;55;7
2901.6;2901.7;60;0
2901.7;2901.8;52;4
2901.7;2901.8;55;7
2901.8;2902;60;0
2902;2902.1;52;4
2902;2902.1;55;7
2902.1;2902.2;60;0
2902.2;2902.3;52;4
2902.2;2902.3;55;7
2902.3;2902.5;60;0
2902.5;2902.6;52;4
2902.5;2902.6;55;7
2902.6;2902.7;59;11
2902.7;2903.2;52;4
2902.7;2903.2;55;7
2903.2;2903.4;59;11
2903.4;2903.9;71;11
2903.4;2903.5;52;4
2903.4;2903.5;55;7
2903.5;2903.6;59;11
2903.6;2903.8;52;4
2903.6;2903.8;55;7
2903.8;2903.9;59;11
2903.9;2905;70;10
2903.9;2906.6;54;6
2903.9;2906.6;58;10
2903.9;2906.6;61;1
2903.9;2906.6;64;4
2905;2906.1;76;4
2906.1;2906.6;75;3
2906.6;2907.1;73;1
2907.1;2907.9;71;11
2907.9;2908.6;68;8
2908.6;2909;70;10
2909;2909.2;71;11
2909.2;2909.7;58;10
2909.2;2909.7;46;10
2909.7;2910;59;11
2909.7;2910;47;11
2910;2910.2;60;0
2910;2910.2;48;0
2910.2;2910.5;64;4
2910.2;2910.5;52;4
2910.5;2910.7;63;3
2910.5;2910.7;51;3
2910.7;2911;66;6
2910.7;2911;54;6
2911;2911.2;67;7
2911;2911.2;55;7
2911.2;2912.3;72;0
2911.2;2913.4;63;3
2911.2;2913.1;66;6
2911.2;2913.4;57;9
2912.3;2913.1;69;9
2913.1;2913.4;66;6
2913.4;2914.1;71;11
2913.4;2914.5;64;4
2913.4;2914.5;52;4
2913.4;2914.5;55;7
2914.1;2914.5;67;7
2914.5;2915;64;4
2915.7;2918;60;0
2915.7;2918;48;0
2915.7;2918;52;4
2915.7;2918;55;7
2916.5;2917;64;4
2917;2918.5;67;7
2918;2918.5;58;10
2918;2919.3;42;6
2918;2919.3;49;1
2918;2919.3;52;4
2918.5;2919;58;10
2919;2919.6;64;4
2919.6;2920.1;62;2
2920.1;2920.6;61;1
2920.6;2921.1;59;11
2920.6;2921.1;47;11
2920.6;2921.1;50;2
2921.1;2922.6;50;2
2921.1;2922.6;54;6
2921.1;2922.6;59;11
2921.1;2922.6;35;11
2921.1;2922.6;47;11
2922.6;2922.9;49;1
2922.6;2922.9;54;6
2922.6;2922.9;42;6
2922.6;2922.9;46;10
2922.9;2923.1;49;1
2922.9;2923.1;54;6
2922.9;2923.1;42;6
2922.9;2923.1;46;10
2923.1;2923.4;50;2
2923.1;2923.4;54;6
2923.1;2923.4;59;11
2923.1;2923.4;35;11
2923.1;2923.4;47;11
2923.4;2923.6;54;6
2923.4;2923.6;58;10
2923.4;2923.6;61;1
2923.4;2923.6;42;6
2923.6;2924.6;54;6
2923.6;2924.6;59;11
2923.6;2924.6;62;2
2923.6;2924.6;47;11
2924.6;2925.1;59;11
2925.1;2925.7;64;4
2925.1;2925.7;55;7
2925.1;2925.7;47;11
2925.2;2925.7;59;11
2925.7;2926.1;64;4
2926.1;2926.3;64;4
2926.3;2926.8;66;6
2926.3;2926.8;57;9
2926.3;2926.8;47;11
2926.4;2926.8;63;3
2926.8;2927.4;66;6
2927.4;2927.5;66;6
2927.5;2928.5;67;7
2927.5;2928.5;59;11
2927.5;2928.5;40;4
2927.6;2928.5;64;4
2928.5;2929.6;55;7
2928.5;2929.6;59;11
2928.5;2929.6;64;4
2928.5;2929.6;40;4
2928.5;2929.6;52;4
2929.6;2930;54;6
2929.6;2930;57;9
2929.6;2930;59;11
2929.6;2930;47;11
2929.6;2930;51;3
2930;2930.1;54;6
2930;2930.1;57;9
2930;2930.1;59;11
2930;2930.1;47;11
2930;2930.1;51;3
2930.1;2930.5;55;7
2930.1;2930.5;59;11
2930.1;2930.5;64;4
2930.1;2930.5;40;4
2930.1;2930.5;52;4
2930.5;2930.6;59;11
2930.5;2930.6;63;3
2930.5;2930.6;66;6
2930.5;2930.6;47;11
2930.6;2931.8;59;11
2930.6;2931.8;64;4
2930.6;2931.8;67;7
2930.6;2931.8;52;4
2931.8;2932.4;64;4
2932.4;2932.9;72;0
2932.4;2932.9;60;0
2932.4;2932.9;45;9
2932.5;2932.9;64;4
2932.5;2932.9;52;4
2932.5;2932.9;57;9
2932.9;2933.2;72;0
2933.2;2933.4;71;11
2933.4;2934.2;69;9
2933.4;2934.2;64;4
2933.4;2934.2;48;0
2933.5;2934.2;52;4
2933.7;2934.2;57;9
2934.2;2934.7;69;9
2934.7;2934.8;67;7
2934.8;2935.3;67;7
2935;2935.3;62;2
2935.3;2935.8;66;6
2935.3;2935.5;62;2
2935.3;2935.7;50;2
2935.5;2935.8;62;2
2935.7;2935.8;50;2
2935.8;2936;62;2
2935.8;2936;66;6
2935.8;2936;74;2
2935.8;2936.3;50;2
2935.8;2936.3;57;9
2935.8;2936.3;60;0
2936;2936.3;62;2
2936;2936.3;74;2
2936.3;2936.5;62;2
2936.3;2936.5;74;2
2936.3;2936.9;50;2
2936.5;2936.9;62;2
2936.5;2936.9;74;2
2936.9;2937.3;62;2
2936.9;2937.3;67;7
2936.9;2937.3;71;11
2936.9;2937.3;74;2
2936.9;2937.9;55;7
2937.3;2937.7;62;2
2937.3;2937.7;67;7
2937.3;2937.7;71;11
2937.3;2937.7;74;2
2937.7;2937.9;62;2
2937.7;2937.9;67;7
2937.7;2937.9;71;11
2937.7;2937.9;74;2
2937.9;2938.2;62;2
2937.9;2938.2;67;7
2937.9;2938.2;71;11
2937.9;2938.2;74;2
2937.9;2938.2;55;7
2938.2;2938.4;62;2
2938.2;2938.4;67;7
2938.2;2938.4;70;10
2938.2;2938.4;74;2
2938.2;2938.9;58;10
2938.4;2938.7;62;2
2938.4;2938.7;67;7
2938.4;2938.7;70;10
2938.4;2938.7;74;2
2938.7;2938.9;62;2
2938.7;2938.9;67;7
2938.7;2938.9;70;10
2938.7;2938.9;74;2
2938.9;2939.2;62;2
2938.9;2939.2;67;7
2938.9;2939.2;70;10
2938.9;2939.2;74;2
2938.9;2939.1;57;9
2939.1;2939.2;55;7
2939.2;2939.4;67;7
2939.2;2939.4;70;10
2939.2;2939.4;75;3
2939.2;2940.2;63;3
2939.4;2939.7;67;7
2939.4;2939.7;70;10
2939.4;2939.7;75;3
2939.7;2939.9;67;7
2939.7;2939.9;70;10
2939.7;2939.9;75;3
2939.9;2940.2;67;7
2939.9;2940.2;70;10
2939.9;2940.2;75;3
2940.2;2940.5;67;7
2940.2;2940.5;70;10
2940.2;2940.5;75;3
2940.2;2940.7;55;7
2940.5;2940.7;67;7
2940.5;2940.7;70;10
2940.5;2940.7;75;3
2940.7;2941;67;7
2940.7;2941;70;10
2940.7;2941;75;3
2940.7;2941.1;53;5
2941;2941.3;67;7
2941;2941.3;70;10
2941;2941.3;75;3
2941.1;2941.3;51;3
2941.3;2941.6;65;5
2941.3;2941.6;70;10
2941.3;2941.6;74;2
2941.3;2941.6;77;5
2941.3;2942.1;58;10
2941.6;2941.8;65;5
2941.6;2941.8;70;10
2941.6;2941.8;74;2
2941.6;2941.8;77;5
2941.8;2942.1;65;5
2941.8;2942.1;70;10
2941.8;2942.1;74;2
2941.8;2942.1;77;5
2942.1;2942.3;65;5
2942.1;2942.3;70;10
2942.1;2942.3;74;2
2942.1;2942.3;77;5
2942.1;2942.3;58;10
2942.3;2942.7;65;5
2942.3;2942.7;70;10
2942.3;2942.7;75;3
2942.3;2942.7;77;5
2942.3;2943.2;60;0
2942.3;2943.6;53;5
2942.7;2943;65;5
2942.7;2943;70;10
2942.7;2943;75;3
2942.7;2943;77;5
2943;2943.2;65;5
2943;2943.2;69;9
2943;2943.2;75;3
2943;2943.2;77;5
2943.2;2943.3;55;7
2943.2;2943.6;65;5
2943.2;2943.6;72;0
2943.2;2943.6;75;3
2943.2;2943.6;77;5
2943.3;2943.6;57;9
2943.6;2943.9;65;5
2943.6;2943.9;70;10
2943.6;2943.9;74;2
2943.6;2943.9;77;5
2943.6;2944.9;58;10
2943.9;2944.1;65;5
2943.9;2944.1;70;10
2943.9;2944.1;74;2
2943.9;2944.1;77;5
2944.1;2944.3;65;5
2944.1;2944.3;70;10
2944.1;2944.3;74;2
2944.1;2944.3;77;5
2944.3;2944.5;65;5
2944.3;2944.5;70;10
2944.3;2944.5;74;2
2944.3;2944.5;77;5
2944.5;2944.7;65;5
2944.5;2944.7;70;10
2944.5;2944.7;74;2
2944.5;2944.7;77;5
2944.7;2944.9;65;5
2944.7;2944.9;70;10
2944.7;2944.9;74;2
2944.7;2944.9;77;5
2944.9;2945.6;74;2
2944.9;2945.9;65;5
2944.9;2945.9;68;8
2944.9;2945.9;47;11
2944.9;2945.9;59;11
2945.6;2945.7;74;2
2945.7;2945.9;74;2
2945.9;2946.8;74;2
2945.9;2947.3;67;7
2945.9;2947.3;51;3
2946;2946.2;54;6
2946.2;2946.2;55;7
2946.2;2946.3;60;0
2946.3;2946.8;58;10
2946.8;2947;72;0
2946.8;2947;56;8
2947;2947.3;72;0
2947;2947.1;55;7
2947.3;2948;70;10
2947.3;2948.3;61;1
2947.3;2948;67;7
2947.3;2948.3;52;4
2947.4;2947.5;54;6
2947.5;2947.6;55;7
2947.6;2947.7;60;0
2947.7;2947.8;58;10
2947.8;2948;57;9
2948;2948.3;67;7
2948;2948.1;55;7
2948.3;2949;70;10
2948.3;2949.3;62;2
2948.3;2949.3;67;7
2948.3;2949.3;50;2
2948.4;2948.5;54;6
2948.5;2948.6;55;7
2948.6;2948.7;60;0
2948.7;2948.8;58;10
2948.8;2949;57;9
2949;2949.3;70;10
2949;2949.1;55;7
2949.3;2949.8;70;10
2949.3;2950.5;64;4
2949.3;2950.5;49;1
2949.4;2949.5;54;6
2949.5;2949.6;55;7
2949.6;2949.7;60;0
2949.7;2949.8;58;10
2949.8;2950.5;69;9
2949.8;2950.1;57;9
2950.1;2950.2;55;7
2950.5;2951;69;9
2950.5;2951.3;62;2
2950.5;2951.6;46;10
2950.6;2950.7;49;1
2950.7;2950.8;50;2
2950.8;2950.9;55;7
2950.9;2951;53;5
2951;2951.3;67;7
2951;2951.3;52;4
2951.3;2951.6;62;2
2951.3;2951.4;50;2
2951.6;2952.6;65;5
2951.6;2952.7;62;2
2951.6;2952.7;45;9
2951.8;2951.9;49;1
2951.9;2952;50;2
2952;2952.1;55;7
2952.1;2952.2;53;5
2952.2;2952.5;52;4
2952.5;2952.6;50;2
2952.6;2952.7;64;4
2952.7;2953.5;63;3
2952.7;2953.8;58;10
2952.7;2953.8;43;7
2952.9;2953;46;10
2953;2953.1;51;3
2953.1;2953.1;55;7
2953.1;2953.2;53;5
2953.2;2953.5;51;3
2953.5;2953.8;63;3
2953.5;2953.7;50;2
2953.8;2954.3;63;3
2953.8;2954.8;59;11
2953.8;2954.8;44;8
2953.9;2954;52;4
2954;2954.1;53;5
2954.1;2954.2;58;10
2954.2;2954.3;56;8
2954.3;2954.7;62;2
2954.3;2954.5;54;6
2954.5;2954.7;53;5
2954.7;2955;62;2
2954.8;2955;69;9
2954.8;2955.8;55;7
2954.8;2957.2;45;9
2955;2955.1;56;8
2955.1;2955.3;57;9
2955.3;2955.5;58;10
2955.5;2955.6;65;5
2955.6;2955.8;64;4
2955.8;2956.6;62;2
2956;2956.1;52;4
2956.1;2956.6;53;5
2956.6;2957.2;61;1
2956.6;2956.8;55;7
2956.8;2957;58;10
2957;2957.2;57;9
2957.2;2957.7;55;7
2957.2;2959.5;45;9
2957.4;2957.5;57;9
2957.5;2957.7;58;10
2957.7;2957.9;62;2
2957.7;2958.2;53;5
2957.9;2958;69;9
2958;2958.2;67;7
2958.2;2958.7;65;5
2958.4;2958.5;55;7
2958.5;2958.7;57;9
2958.7;2959.5;64;4
2958.7;2958.9;58;10
2958.9;2959;67;7
2959;2959.5;66;6
2959.5;2960.1;64;4
2959.5;2960.3;56;8
2959.5;2960.6;46;10
2959.7;2959.9;61;1
2959.9;2960.6;62;2
2960.1;2960.2;65;5
2960.2;2960.4;70;10
2960.3;2960.6;57;9
2960.4;2960.6;69;9
2960.6;2961.6;68;8
2960.6;2961.6;62;2
2960.6;2961.3;52;4
2960.6;2961.3;59;11
2960.6;2961.6;76;4
2961.3;2961.6;52;4
2961.6;2962.3;57;9
2961.7;2962.2;69;9
2961.7;2962.2;73;1
2961.7;2962.2;76;4
2962.2;2962.4;69;9
2962.2;2962.4;73;1
2962.2;2962.4;76;4
2962.3;2962.8;57;9
2962.4;2962.8;69;9
2962.4;2962.8;73;1
2962.4;2962.8;76;4
2962.8;2963.5;60;0
2962.9;2963.4;69;9
2962.9;2963.4;72;0
2962.9;2963.4;76;4
2963.4;2963.6;69;9
2963.4;2963.6;72;0
2963.4;2963.6;76;4
2963.5;2963.6;59;11
2963.6;2963.8;69;9
2963.6;2963.8;72;0
2963.6;2963.8;76;4
2963.6;2963.8;57;9
2963.8;2964.8;65;5
2964;2964.5;69;9
2964;2964.5;72;0
2964;2964.5;78;6
2964.5;2964.7;69;9
2964.5;2964.7;72;0
2964.5;2964.7;78;6
2964.7;2964.8;69;9
2964.7;2964.8;72;0
2964.7;2964.8;78;6
2964.8;2965.4;57;9
2965;2965.7;69;9
2965;2965.7;72;0
2965;2965.7;78;6
2965;2965.7;81;9
2965.4;2966;55;7
2965.7;2966;69;9
2965.7;2966;72;0
2965.7;2966;78;6
2965.7;2966;81;9
2966;2966.2;69;9
2966;2966.2;72;0
2966;2966.2;78;6
2966;2966.2;81;9
2966;2966.2;53;5
2966.2;2966.9;60;0
2966.3;2966.8;72;0
2966.3;2966.8;76;4
2966.3;2966.8;79;7
2966.8;2967;72;0
2966.8;2967;76;4
2966.8;2967;79;7
2966.9;2967.2;60;0
2967;2967.2;72;0
2967;2967.2;76;4
2967;2967.2;79;7
2967.2;2967.9;62;2
2967.3;2967.8;69;9
2967.3;2967.8;74;2
2967.3;2967.8;79;7
2967.8;2968;69;9
2967.8;2968;74;2
2967.8;2968;77;5
2967.9;2968;60;0
2968;2968.2;69;9
2968;2968.2;74;2
2968;2968.2;77;5
2968;2968.2;62;2
2968.2;2969.8;64;4
2968.4;2968.9;68;8
2968.4;2968.9;71;11
2968.4;2968.9;76;4
2968.9;2969;68;8
2968.9;2969;71;11
2968.9;2969;76;4
2969;2969.2;68;8
2969;2969.2;71;11
2969;2969.2;76;4
2969.2;2970.1;77;5
2969.5;2970;69;9
2969.5;2970;72;0
2969.8;2970.4;52;4
2970;2970.2;69;9
2970;2970.2;72;0
2970.1;2970.4;77;5
2970.2;2970.4;69;9
2970.2;2970.4;72;0
2970.4;2970.9;77;5
2970.4;2970.9;56;8
2970.6;2971.2;71;11
2970.6;2971.2;74;2
2970.9;2971.2;76;4
2971.2;2971.5;76;4
2971.2;2971.5;56;8
2971.5;2972.1;76;4
2971.5;2972.1;53;5
2971.8;2972.3;69;9
2971.8;2972.3;72;0
2972.1;2972.3;74;2
2972.3;2972.7;69;9
2972.3;2972.7;53;5
2972.7;2973.5;72;0
2972.7;2973.2;54;6
2972.9;2973.4;60;0
2972.9;2973.4;66;6
2973.4;2973.5;63;3
2973.4;2973.5;66;6
2973.5;2973.7;71;11
2973.5;2973.7;54;6
2973.5;2973.7;63;3
2973.5;2973.7;66;6
2973.7;2974.5;70;10
2973.7;2974.2;50;2
2973.9;2974.4;62;2
2973.9;2974.4;65;5
2974.4;2974.7;62;2
2974.4;2974.7;65;5
2974.5;2975;70;10
2974.5;2976.2;50;2
2974.7;2975;62;2
2974.7;2975;65;5
2975;2975.7;70;10
2975;2975.6;51;3
2975.2;2975.7;60;0
2975.2;2975.7;66;6
2975.7;2976;69;9
2975.7;2976;60;0
2975.7;2976;66;6
2976;2976.2;69;9
2976;2976.2;60;0
2976;2976.2;66;6
2976.2;2977;72;0
2976.2;2976.7;52;4
2976.4;2977;62;2
2976.4;2977;68;8
2977;2977.1;62;2
2977;2977.1;68;8
2977;2977.4;71;11
2977;2977.4;40;4
2977;2977.4;52;4
2977.1;2977.4;62;2
2977.1;2977.4;68;8
2977.4;2978;69;9
2977.4;2978.2;41;5
2977.4;2978.2;53;5
2978;2978.1;60;0
2978;2978.1;65;5
2978;2978.1;69;9
2978.1;2978.3;60;0
2978.1;2978.3;65;5
2978.1;2978.3;69;9
2978.2;2978.5;53;5
2978.3;2978.5;60;0
2978.3;2978.5;65;5
2978.3;2978.5;69;9
2978.5;2978.6;65;5
2978.5;2978.6;69;9
2978.5;2978.6;72;0
2978.5;2979.2;45;9
2978.5;2979.2;57;9
2978.6;2978.8;65;5
2978.6;2978.8;69;9
2978.6;2978.8;72;0
2978.8;2979;65;5
2978.8;2979;69;9
2978.8;2979;72;0
2979;2979.1;69;9
2979;2979.1;72;0
2979;2979.1;77;5
2979.1;2979.3;69;9
2979.1;2979.3;72;0
2979.1;2979.3;77;5
2979.2;2979.3;55;7
2979.3;2979.5;69;9
2979.3;2979.5;72;0
2979.3;2979.5;77;5
2979.3;2979.5;53;5
2979.5;2979.8;69;9
2979.5;2979.8;77;5
2979.5;2979.8;81;9
2979.5;2980.7;61;1
2979.5;2980.7;49;1
2979.8;2980.3;65;5
2979.8;2980.3;69;9
2980.3;2980.5;65;5
2980.5;2980.7;69;9
2980.7;2981.5;49;1
2980.7;2981.7;37;1
2980.9;2981.4;65;5
2980.9;2981.4;69;9
2981.4;2981.6;57;9
2981.5;2981.7;49;1
2981.6;2981.7;65;5
2981.6;2981.7;69;9
2981.7;2982.8;38;2
2981.7;2982.8;50;2
2982.1;2982.4;58;10
2982.1;2982.4;65;5
2982.4;2982.6;58;10
2982.4;2982.6;62;2
2982.6;2982.8;58;10
2982.6;2982.8;65;5
2982.8;2983.4;41;5
2982.8;2983.4;53;5
2983;2983.6;58;10
2983;2983.6;62;2
2983.4;2983.6;40;4
2983.4;2983.6;52;4
2983.6;2983.7;58;10
2983.6;2983.9;38;2
2983.6;2983.9;50;2
2983.7;2983.9;58;10
2983.7;2983.9;65;5
2983.9;2985.1;46;10
2983.9;2985.1;58;10
2984.1;2984.6;62;2
2984.1;2984.6;64;4
2984.6;2984.8;55;7
2984.6;2984.8;62;2
2984.8;2985.1;62;2
2984.8;2985.1;64;4
2985.1;2985.3;45;9
2985.1;2985.3;57;9
2985.3;2985.9;62;2
2985.3;2985.9;66;6
2985.3;2985.7;43;7
2985.3;2985.7;55;7
2985.7;2986.1;41;5
2985.7;2986.1;53;5
2985.9;2986;57;9
2985.9;2986;62;2
2986;2986.2;62;2
2986;2986.2;66;6
2986.1;2986.2;40;4
2986.1;2986.2;52;4
2986.2;2986.3;59;11
2986.2;2986.3;65;5
2986.2;2986.9;38;2
2986.2;2986.9;50;2
2986.3;2986.4;56;8
2986.4;2986.6;59;11
2986.4;2986.6;65;5
2986.6;2986.7;56;8
2986.7;2986.8;60;0
2986.7;2986.8;65;5
2986.8;2986.9;56;8
2986.9;2987.1;60;0
2986.9;2987.1;65;5
2986.9;2987.3;36;0
2986.9;2987.3;48;0
2987.1;2987.3;56;8
2987.3;2987.4;62;2
2987.3;2987.4;65;5
2987.3;2988.3;35;11
2987.3;2988.3;47;11
2987.4;2987.6;56;8
2987.6;2987.7;62;2
2987.6;2987.7;65;5
2987.7;2987.8;56;8
2987.8;2988.1;62;2
2987.8;2988.1;65;5
2988.1;2988.3;67;7
2988.3;2989.1;60;0
2988.3;2989.1;64;4
2988.3;2989.1;72;0
2988.3;2988.6;31;7
2988.3;2988.6;43;7
2989.1;2989.5;60;0
2989.1;2989.6;48;0
2989.1;2989.6;52;4
2989.1;2989.6;55;7
2989.5;2989.6;64;4
2989.6;2990;67;7
2989.6;2990.1;52;4
2989.6;2990.1;55;7
2989.6;2990.1;60;0
2990;2990.1;72;0
2990.1;2991.3;76;4
2990.1;2990.7;55;7
2990.1;2990.7;60;0
2990.1;2990.7;64;4
2990.7;2990.8;43;7
2990.8;2990.9;55;7
2990.8;2991.4;65;5
2990.8;2991.4;69;9
2990.9;2991;43;7
2991;2991.2;55;7
2991.3;2992.3;74;2
2991.3;2991.4;43;7
2991.4;2991.5;55;7
2991.4;2991.6;65;5
2991.4;2991.6;69;9
2991.5;2991.6;43;7
2991.6;2991.8;65;5
2991.6;2991.8;69;9
2991.6;2991.8;55;7
2991.8;2991.9;43;7
2991.9;2992;55;7
2992;2992.5;65;5
2992;2992.5;68;8
2992;2992.1;43;7
2992.2;2992.3;55;7
2992.3;2992.8;72;0
2992.3;2992.4;43;7
2992.4;2992.5;55;7
2992.5;2992.6;65;5
2992.5;2992.6;68;8
2992.5;2992.6;43;7
2992.6;2992.8;65;5
2992.6;2992.8;68;8
2992.7;2992.8;55;7
2992.8;2993.4;72;0
2992.8;2993;43;7
2993;2993.7;65;5
2993;2993.5;55;7
2993;2993.5;62;2
2993.4;2993.7;71;11
2993.5;2993.8;55;7
2993.5;2993.8;62;2
2993.5;2993.8;65;5
2993.7;2994;67;7
2993.8;2994;55;7
2993.8;2994;62;2
2993.8;2994;65;5
2994;2994.2;69;9
2994;2994.1;55;7
2994;2994.1;62;2
2994;2994.1;65;5
2994.1;2994.3;55;7
2994.1;2994.3;62;2
2994.1;2994.3;65;5
2994.2;2994.5;71;11
2994.3;2994.5;55;7
2994.3;2994.5;62;2
2994.3;2994.5;65;5
2994.5;2994.7;72;0
2994.5;2994.6;55;7
2994.5;2994.6;62;2
2994.5;2994.6;65;5
2994.6;2994.8;55;7
2994.6;2994.8;62;2
2994.6;2994.8;65;5
2994.7;2995;74;2
2994.8;2995;55;7
2994.8;2995;62;2
2994.8;2995;65;5
2995;2995.3;66;6
2995;2995.3;72;0
2995;2995.3;75;3
2995;2995.2;45;9
2995;2995.2;57;9
2995.3;2995.5;66;6
2995.5;2995.9;66;6
2995.9;2996.1;72;0
2995.9;2996.1;75;3
2995.9;2996.1;78;6
2995.9;2996.1;84;0
2996.1;2997.1;72;0
2996.1;2997.1;75;3
2996.1;2997.1;78;6
2996.1;2997.1;84;0
2996.1;2996.4;57;9
2996.1;2996.4;63;3
2996.1;2996.4;66;6
2996.4;2996.6;45;9
2996.6;2997.6;57;9
2996.6;2997.6;60;0
2997.1;2997.2;83;11
2997.2;2997.2;81;9
2997.2;2997.3;79;7
2997.3;2997.4;78;6
2997.4;2997.4;76;4
2997.4;2997.5;74;2
2997.5;2997.6;72;0
2997.6;2997.8;71;11
2997.6;2997.8;50;2
2997.6;2997.8;54;6
2997.6;2997.8;59;11
2997.6;3007.3;47;11
3005.6;3007.3;35;11
3007.3;3009.6;34;10
3007.3;3009.6;46;10
3009.6;3012.7;38;2
3009.6;3012.7;50;2
3012.7;3015.6;50;2
3012.7;3015.6;38;2
3015.6;3016.1;49;1
3015.6;3016.1;37;1
3016.1;3017.6;53;5
3016.1;3019.3;41;5
3017.8;3019.3;65;5
3019.3;3020.3;64;4
3020.1;3020.2;52;4
3020.1;3020.2;56;8
3020.1;3020.2;40;4
3020.1;3020.2;47;11
3020.2;3020.3;52;4
3020.2;3020.3;56;8
3020.2;3020.3;40;4
3020.2;3020.3;47;11
3020.3;3020.8;52;4
3020.3;3020.8;56;8
3020.3;3020.8;40;4
3020.3;3020.8;47;11
3021.8;3022.1;64;4
3022.1;3023.1;62;2
3022.8;3022.9;57;9
3022.8;3022.9;41;5
3022.8;3022.9;45;9
3022.8;3022.9;50;2
3022.9;3023.1;57;9
3022.9;3023.1;41;5
3022.9;3023.1;45;9
3022.9;3023.1;50;2
3023.1;3023.5;57;9
3023.1;3023.5;41;5
3023.1;3023.5;45;9
3023.1;3023.5;50;2
3024.7;3025.1;62;2
3025.1;3026.1;60;0
3025.8;3025.9;57;9
3025.8;3025.9;42;6
3025.8;3025.9;48;0
3025.8;3025.9;51;3
3025.9;3026.1;57;9
3025.9;3026.1;42;6
3025.9;3026.1;48;0
3025.9;3026.1;51;3
3026.1;3027.5;60;0
3026.1;3026.6;57;9
3026.1;3026.6;42;6
3026.1;3026.6;48;0
3026.1;3026.6;51;3
3027.5;3027.9;62;2
3027.9;3028.4;60;0
3028.4;3028.9;58;10
3028.7;3028.8;43;7
3028.7;3028.8;46;10
3028.7;3028.8;51;3
3028.8;3028.9;43;7
3028.8;3028.9;46;10
3028.8;3028.9;51;3
3028.9;3029.2;43;7
3028.9;3029.2;50;2
3028.9;3029.2;52;4
3030.4;3030.7;58;10
3030.7;3031.8;57;9
3031.6;3031.7;45;9
3031.6;3031.7;50;2
3031.6;3031.7;53;5
3031.7;3031.8;45;9
3031.7;3031.8;50;2
3031.7;3031.8;53;5
3031.8;3032.6;57;9
3031.8;3032.3;45;9
3031.8;3032.3;50;2
3031.8;3032.3;53;5
3032.8;3033.7;57;9
3033.7;3035.2;62;2
3034.4;3034.5;50;2
3034.4;3034.5;57;9
3034.4;3034.5;34;10
3034.4;3034.5;46;10
3034.5;3034.7;50;2
3034.5;3034.7;57;9
3034.5;3034.7;34;10
3034.5;3034.7;46;10
3034.7;3034.9;50;2
3034.7;3034.9;57;9
3034.7;3034.9;34;10
3034.7;3034.9;46;10
3036.7;3038;65;5
3037.5;3037.7;56;8
3037.5;3037.7;62;2
3037.5;3037.7;35;11
3037.5;3037.7;47;11
3037.7;3038;56;8
3037.7;3038;62;2
3037.7;3038;35;11
3037.7;3038;47;11
3038;3039;65;5
3038;3038.2;56;8
3038;3038.2;62;2
3038;3038.2;35;11
3038;3038.2;47;11
3039;3039.3;65;5
3039.3;3040.4;68;8
3040.1;3040.2;56;8
3040.1;3040.2;60;0
3040.1;3040.2;63;3
3040.1;3040.2;36;0
3040.1;3040.2;48;0
3040.2;3040.4;56;8
3040.2;3040.4;60;0
3040.2;3040.4;63;3
3040.2;3040.4;36;0
3040.2;3040.4;48;0
3040.4;3041;56;8
3040.4;3041;60;0
3040.4;3041;63;3
3040.4;3041;36;0
3040.4;3041;48;0
3042;3042.4;68;8
3042.4;3045.3;67;7
3043.4;3043.5;55;7
3043.4;3043.5;58;10
3043.4;3043.5;64;4
3043.4;3043.5;37;1
3043.4;3043.5;49;1
3043.5;3043.6;55;7
3043.5;3043.6;58;10
3043.5;3043.6;64;4
3043.5;3043.6;37;1
3043.5;3043.6;49;1
3043.6;3043.9;55;7
3043.6;3043.9;58;10
3043.6;3043.9;64;4
3043.6;3043.9;37;1
3043.6;3043.9;49;1
3045.3;3045.9;61;1
3045.9;3046.4;62;2
3047.7;3049.1;62;2
3047.7;3048;54;6
3047.7;3048;57;9
3047.7;3048;38;2
3047.7;3048;50;2
3049.1;3049.5;62;2
3049.5;3050.4;55;7
3049.5;3052;31;7
3049.5;3052;43;7
3052;3054.1;30;6
3052;3054.1;42;6
3054.1;3057.4;34;10
3054.1;3057.4;46;10
3055.3;3055.7;49;1
3055.3;3055.7;61;1
3055.7;3056;49;1
3055.7;3056;61;1
3056;3056.9;49;1
3056;3056.9;61;1
3057.4;3057.7;61;1
3057.7;3058.3;61;1
3058.6;3058.7;61;1
3058.7;3058.8;61;1
3058.8;3059.4;58;10
3060.1;3060.8;61;1
3061.1;3061.2;61;1
3061.2;3061.5;62;2
3061.5;3062.1;64;4
3062.7;3063.1;64;4
3063.1;3063.9;67;7
3063.1;3063.4;42;6
3063.1;3063.4;46;10
3063.1;3063.4;49;1
3063.1;3063.4;52;4
3063.9;3064.1;66;6
3064.6;3065.2;66;6
3065.2;3065.3;61;1
3065.3;3065.9;61;1
3065.9;3066.5;62;2
3066.5;3066.7;47;11
3066.5;3066.7;50;2
3066.5;3066.7;54;6
3066.7;3066.9;62;2
3066.9;3067;62;2
3067;3067.7;67;7
3067.7;3067.9;67;7
3067.7;3067.9;47;11
3067.7;3067.9;50;2
3067.7;3067.9;55;7
3067.9;3067.9;67;7
3067.9;3068.8;67;7
3068.8;3069.7;67;7
3069.4;3069.7;48;0
3069.4;3069.7;51;3
3069.4;3069.7;55;7
3069.7;3069.8;67;7
3069.8;3070;67;7
3070;3071.1;68;8
3071.1;3071.3;48;0
3071.1;3071.3;52;4
3071.1;3071.3;56;8
3071.3;3071.6;68;8
3071.6;3072;69;9
3072;3072.2;64;4
3072.2;3072.9;64;4
3072.2;3072.5;48;0
3072.2;3072.5;52;4
3072.2;3072.5;57;9
3072.9;3073.7;69;9
3073.5;3073.8;49;1
3073.5;3073.8;53;5
3073.5;3073.8;57;9
3073.7;3073.8;69;9
3073.8;3074.3;69;9
3074.3;3075.2;70;10
3075.2;3075.5;50;2
3075.2;3075.5;54;6
3075.2;3075.5;58;10
3075.5;3075.8;70;10
3075.8;3078.2;71;11
3077.2;3077.4;47;11
3077.2;3077.4;50;2
3077.2;3077.4;54;6
3077.2;3077.4;59;11
3077.4;3080.8;47;11
3077.4;3080.8;50;2
3077.4;3080.8;54;6
3077.4;3080.8;59;11
3078.2;3078.5;66;6
3078.5;3080.8;62;2
3080.8;3081.1;55;7
3080.8;3081.1;60;0
3080.8;3081.1;40;4
3080.8;3081.1;52;4
3081.7;3082.3;67;7
3082.3;3082.8;67;7
3082.8;3083.9;66;6
3082.8;3083.1;54;6
3082.8;3083.1;58;10
3082.8;3083.1;42;6
3082.8;3083.1;49;1
3083.9;3084.6;66;6
3084.6;3084.9;59;11
3084.6;3084.9;43;7
3084.6;3084.9;47;11
3085;3085.2;71;11
3085.2;3085.3;71;11
3085.3;3085.5;73;1
3085.5;3086.4;74;2
3086.4;3086.7;74;2
3086.8;3087;74;2
3087;3087.4;76;4
3087.4;3087.7;77;5
3087.7;3088.3;77;5
3087.7;3088;52;4
3087.7;3088;56;8
3087.7;3088;59;11
3087.7;3088;62;2
3088.3;3088.6;68;8
3088.6;3088.6;52;4
3088.6;3088.7;40;4
3088.7;3088.8;52;4
3088.8;3089.4;40;4
3089.7;3091.3;40;4
3091.3;3092.2;40;4
3092.5;3092.5;52;4
3092.5;3092.6;40;4
3092.6;3092.7;52;4
3092.7;3093.3;40;4
3093.6;3093.8;40;4
3093.8;3095;64;4
3093.8;3095;67;7
3093.8;3095;72;0
3093.8;3094.7;43;7
3093.8;3094.1;40;4
3094.7;3095;45;9
3095;3097.6;63;3
3095;3097.6;66;6
3095;3097.6;71;11
3095;3097.6;47;11
3097.6;3099.5;70;10
3097.6;3098.9;62;2
3097.6;3098.9;65;5
3097.6;3098.9;50;2
3098.9;3100.6;60;0
3098.9;3100.6;66;6
3098.9;3100.6;51;3
3099.5;3100.6;69;9
3100.6;3101.9;59;11
3100.6;3101.9;64;4
3100.6;3101.9;68;8
3100.6;3101.9;40;4
3100.6;3101.9;52;4
3101.9;3103.5;59;11
3101.9;3103.5;63;3
3101.9;3103.5;67;7
3101.9;3103.5;43;7
3103.5;3106.4;66;6
3103.5;3105.8;57;9
3103.5;3105.8;63;3
3103.5;3105.8;46;10
3105.8;3107;56;8
3105.8;3107;62;2
3105.8;3107;47;11
3106.4;3107;65;5
3107;3109.1;60;0
3107;3109.1;64;4
3107;3109.4;55;7
3107;3107.6;48;0
3107;3109.1;36;0
3107.6;3107.8;48;0
3107.8;3108.1;48;0
3108.1;3108.4;48;0
3108.4;3108.8;48;0
3109.1;3110.3;59;11
3109.1;3110.3;62;2
3109.1;3110.3;43;7
3109.4;3110;55;7
3110;3110.1;55;7
3110.1;3110.3;55;7
3110.3;3112.6;60;0
3110.3;3112.6;64;4
3110.3;3114;55;7
3110.3;3112.6;36;0
3111.1;3111.3;48;0
3111.3;3111.9;48;0
3111.9;3112.1;48;0
3112.1;3112.3;48;0
3112.6;3114;59;11
3112.6;3114;62;2
3112.6;3114;43;7
3114;3115;55;7
3114;3115;60;0
3114;3115;64;4
3114;3115;36;0
3115;3115.3;59;11
3115;3115.3;62;2
3115;3115.3;43;7
3115.3;3116.6;55;7
3115.3;3116.6;60;0
3115.3;3116.6;64;4
3115.3;3115.5;48;0
3115.5;3115.7;48;0
3115.7;3116;48;0
3116;3116.6;48;0
3116.6;3117.5;59;11
3116.6;3117.5;62;2
3116.6;3117.5;43;7
3117.5;3118.2;55;7
3117.5;3118.2;60;0
3117.5;3118.2;64;4
3117.5;3118.2;36;0
3118.2;3118.8;59;11
3118.2;3118.8;62;2
3118.2;3118.4;43;7
3118.4;3118.6;43;7
3118.6;3118.8;43;7
3118.8;3119.9;55;7
3118.8;3119.9;60;0
3118.8;3119.9;64;4
3118.8;3119;48;0
3119;3119.2;48;0
3119.2;3119.9;48;0
3119.9;3120.9;59;11
3119.9;3120.9;62;2
3119.9;3121;43;7
3120.9;3121;58;10
3120.9;3121;64;4
3121;3122.7;57;9
3121;3122.7;62;2
3121;3122.7;65;5
3121;3122.7;38;2
3121.3;3121.4;45;9
3121.4;3121.6;50;2
3121.6;3122.7;45;9
3122.7;3125.1;56;8
3122.7;3125.1;59;11
3122.7;3125.1;64;4
3122.7;3125.1;40;4
3123.7;3123.9;47;11
3123.9;3124.3;52;4
3124.3;3125.1;47;11
3125.1;3126.5;55;7
3125.1;3126.5;58;10
3125.1;3126.5;63;3
3125.1;3126.5;43;7
3125.6;3125.8;46;10
3125.8;3125.9;51;3
3125.9;3126.5;46;10
3126.5;3127.6;62;2
3126.5;3128;53;5
3126.5;3128;59;11
3126.5;3128;44;8
3127;3127.5;47;11
3127.5;3127.6;51;3
3127.6;3128;62;2
3127.6;3128;47;11
3128;3130.5;62;2
3128;3130.2;53;5
3128;3130.2;57;9
3128;3131.7;45;9
3128.4;3129.2;50;2
3129.2;3129.4;53;5
3129.4;3129.9;50;2
3130.2;3131.7;52;4
3130.2;3131.7;55;7
3130.5;3130.8;61;1
3130.8;3131.4;59;11
3131.4;3131.7;61;1
3131.7;3132;56;8
3131.7;3132;62;2
3131.7;3132.3;35;11
3132;3132.3;68;8
3132.3;3132.7;67;7
3132.3;3132.5;50;2
3132.5;3132.7;44;8
3132.7;3132.9;41;5
3132.7;3132.9;65;5
3132.9;3133.2;72;0
3132.9;3133.4;38;2
3133.2;3133.4;71;11
3133.4;3133.5;68;8
3133.4;3133.5;53;5
3133.5;3133.5;47;11
3133.5;3133.6;44;8
3133.5;3133.6;77;5
3133.6;3133.6;75;3
3133.6;3133.6;41;5
3133.6;3133.6;74;2
3133.6;3134;80;8
3133.6;3133.8;56;8
3133.8;3134;50;2
3134;3134.2;47;11
3134;3134.2;79;7
3134.2;3134.8;77;5
3134.2;3134.8;44;8
3134.2;3134.8;56;8
3134.5;3134.8;86;2
3134.8;3135.2;84;0
3134.8;3135.4;74;2
3134.8;3135.1;43;7
3134.8;3135.1;55;7
3135.2;3135.4;83;11
3135.4;3136.2;67;7
3135.4;3136.6;48;0
3135.6;3135.8;51;3
3135.8;3136;53;5
3136;3136.6;55;7
3136.2;3136.4;63;3
3136.4;3136.6;67;7
3136.6;3137.1;72;0
3136.6;3137.1;63;3
3136.6;3137.2;48;0
3136.8;3137;54;6
3137;3137.1;55;7
3137.1;3137.1;60;0
3137.1;3137.2;56;8
3137.1;3137.1;63;3
3137.1;3137.2;72;0
3137.2;3137.8;68;8
3137.2;3138;75;3
3137.2;3138;48;0
3137.4;3137.6;51;3
3137.6;3137.8;56;8
3137.8;3138;67;7
3137.8;3138;60;0
3138;3138;72;0
3138;3138.2;75;3
3138;3138.2;79;7
3138;3139.1;48;0
3138.1;3138.3;51;3
3138.2;3138.5;75;3
3138.3;3138.5;55;7
3138.5;3139;72;0
3138.5;3139.1;60;0
3139;3139.1;67;7
3139.1;3140;65;5
3139.1;3140;68;8
3139.1;3140;48;0
3139.3;3139.5;53;5
3139.5;3139.7;55;7
3139.7;3140;56;8
3140;3140;65;5
3140;3140.4;72;0
3140;3140.9;62;2
3140;3140.9;48;0
3140;3140.2;53;5
3140.2;3140.4;56;8
3140.4;3140.6;71;11
3140.4;3140.9;59;11
3140.6;3140.9;71;11
3140.9;3141.8;75;3
3140.9;3141.9;65;5
3140.9;3141.9;48;0
3141.1;3141.3;53;5
3141.3;3141.5;56;8
3141.5;3141.9;59;11
3141.8;3141.9;74;2
3141.9;3142.5;68;8
3141.9;3142.5;77;5
3141.9;3142.1;53;5
3141.9;3142.8;48;0
3142.1;3142.3;56;8
3142.3;3142.5;59;11
3142.5;3142.8;67;7
3142.5;3142.8;71;11
3142.5;3142.7;53;5
3142.7;3142.7;55;7
3142.7;3142.8;59;11
3142.8;3143;72;0
3142.8;3142.8;60;0
3142.8;3142.8;39;3
3142.8;3144.8;36;0
3142.8;3142.8;48;0
3142.8;3142.8;39;3
3142.8;3142.8;63;3
3142.8;3142.8;48;0
3142.8;3142.8;39;3
3142.8;3142.8;48;0
3142.8;3143;67;7
3142.8;3142.9;39;3
3142.9;3143;48;0
3143;3143.6;68;8
3143;3143;39;3
3143;3143.1;48;0
3143.1;3143.2;39;3
3143.2;3143.3;48;0
3143.3;3143.3;39;3
3143.3;3143.4;48;0
3143.4;3143.5;39;3
3143.5;3143.6;48;0
3143.6;3144.2;67;7
3143.6;3143.6;39;3
3143.6;3143.7;48;0
3143.7;3143.8;39;3
3143.8;3143.9;48;0
3143.9;3143.9;39;3
3143.9;3144;48;0
3144;3144.1;39;3
3144.1;3144.2;48;0
3144.2;3144.8;67;7
3144.2;3144.6;63;3
3144.2;3144.2;39;3
3144.2;3144.3;48;0
3144.3;3144.4;39;3
3144.4;3144.5;48;0
3144.5;3144.5;39;3
3144.5;3144.6;48;0
3144.6;3144.8;62;2
3144.6;3144.7;39;3
3144.7;3144.8;48;0
3144.8;3146.1;72;0
3144.8;3145.4;60;0
3144.8;3144.8;39;3
3144.8;3146.7;36;0
3144.8;3144.9;48;0
3144.9;3145;39;3
3145;3145.2;63;3
3145;3145.1;48;0
3145.1;3145.1;39;3
3145.1;3145.2;48;0
3145.2;3145.4;67;7
3145.2;3145.3;39;3
3145.3;3145.4;48;0
3145.4;3146;68;8
3145.4;3145.4;39;3
3145.4;3145.5;48;0
3145.5;3145.6;39;3
3145.6;3145.7;48;0
3145.7;3145.7;39;3
3145.7;3145.8;48;0
3145.8;3145.9;39;3
3145.9;3146;48;0
3146;3146.1;67;7
3146;3146;39;3
3146;3146;48;0
3146;3146;39;3
3146;3146;48;0
3146;3146;39;3
3146;3146;48;0
3146;3146;39;3
3146;3146.1;48;0
3146.1;3146.7;67;7
3146.1;3146.5;63;3
3146.1;3146.1;39;3
3146.1;3146.2;48;0
3146.2;3146.3;39;3
3146.3;3146.4;48;0
3146.4;3146.4;39;3
3146.4;3146.5;48;0
3146.5;3146.7;62;2
3146.5;3146.6;39;3
3146.6;3146.7;48;0
3146.7;3148.2;75;3
3146.7;3147.2;60;0
3146.7;3147.2;36;0
3146.7;3147.2;39;3
3147.2;3147.7;68;8
3147.7;3148.2;67;7
3148.2;3148.6;74;2
3148.2;3148.6;65;5
3148.6;3148.7;72;0
3148.6;3148.7;63;3
3148.7;3149.3;72;0
3148.7;3148.9;62;2
3148.7;3149.9;60;0
3148.7;3150.7;53;5
3148.7;3150.7;56;8
3148.9;3149.1;65;5
3149.1;3149.3;68;8
3149.3;3149.9;72;0
3149.9;3150.4;70;10
3149.9;3150.7;58;10
3150.4;3150.6;68;8
3150.6;3150.7;65;5
3150.7;3151;63;3
3150.7;3150.9;64;4
3150.7;3151.5;61;1
3150.7;3152.7;55;7
3150.7;3152.7;58;10
3150.9;3150.9;67;7
3150.9;3151;70;10
3151;3151.5;73;1
3151.5;3152.7;72;0
3151.5;3153.7;60;0
3152.1;3152.6;68;8
3152.6;3152.7;67;7
3152.7;3153.2;65;5
3152.7;3154.8;56;8
3152.9;3153.1;68;8
3153.1;3153.2;72;0
3153.2;3153.7;75;3
3153.7;3154.8;77;5
3153.7;3154;73;1
3153.7;3155.7;61;1
3154;3154.3;72;0
3154.3;3154.7;70;10
3154.7;3154.8;68;8
3154.8;3156.5;67;7
3154.8;3156.5;58;10
3155;3155.2;70;10
3155.2;3155.4;73;1
3155.4;3155.7;77;5
3155.7;3155.9;75;3
3155.7;3157.5;63;3
3155.9;3156.4;73;1
3156.4;3156.5;70;10
3156.5;3157;68;8
3156.5;3156.6;69;9
3156.5;3157.5;60;0
3156.6;3156.8;72;0
3156.8;3157;75;3
3157;3157.5;78;6
3157.5;3157.7;77;5
3157.5;3158.3;53;5
3157.5;3158.3;57;9
3157.5;3158.3;60;0
3157.5;3158.3;63;3
3157.7;3158;75;3
3158;3158.6;77;5
3158;3158.5;73;1
3158.3;3158.6;53;5
3158.3;3158.6;57;9
3158.3;3158.6;60;0
3158.3;3158.6;63;3
3158.5;3158.6;72;0
3158.6;3158.8;77;5
3158.6;3159.2;73;1
3158.6;3159.8;58;10
3158.6;3159.8;61;1
3158.8;3158.9;65;5
3158.9;3159.1;77;5
3159.1;3159.2;65;5
3159.2;3159.4;77;5
3159.4;3159.5;65;5
3159.5;3159.7;77;5
3159.7;3159.8;65;5
3159.8;3160;77;5
3159.8;3161.1;56;8
3159.8;3161.1;60;0
3160;3160.1;65;5
3160.1;3160.3;77;5
3160.3;3160.4;65;5
3160.4;3160.7;77;5
3160.7;3160.8;65;5
3160.8;3161;77;5
3161;3161.1;65;5
3161.1;3161.7;65;5
3161.1;3161.7;71;11
3161.1;3161.7;77;5
3161.1;3162.7;55;7
3161.1;3162.7;59;11
3161.7;3162.3;68;8
3161.7;3162.3;80;8
3162.3;3162.4;67;7
3162.3;3162.4;79;7
3162.4;3162.7;65;5
3162.4;3162.7;77;5
3162.7;3163.1;75;3
3162.7;3163.3;65;5
3162.7;3163.3;71;11
3162.7;3163.1;63;3
3162.7;3163.3;55;7
3162.7;3163.3;59;11
3163.1;3163.3;74;2
3163.1;3163.3;62;2
3163.3;3163.4;77;5
3163.3;3163.8;73;1
3163.3;3164.3;58;10
3163.3;3164.3;61;1
3163.4;3163.6;65;5
3163.6;3163.7;77;5
3163.7;3163.8;65;5
3163.8;3163.9;77;5
3163.9;3164;65;5
3164;3164.2;77;5
3164.2;3164.3;65;5
3164.3;3164.5;77;5
3164.3;3165.4;56;8
3164.3;3165.4;60;0
3164.5;3164.6;65;5
3164.6;3164.8;77;5
3164.8;3164.9;65;5
3164.9;3165.1;77;5
3165.1;3165.2;65;5
3165.2;3165.3;77;5
3165.3;3165.4;65;5
3165.4;3166;65;5
3165.4;3166;71;11
3165.4;3166;77;5
3165.4;3166.6;55;7
3165.4;3166.6;59;11
3165.4;3166.6;62;2
3166;3166.6;69;9
3166;3166.6;81;9
3166.6;3166.7;79;7
3166.6;3166.9;67;7
3166.6;3166.9;55;7
3166.6;3166.9;59;11
3166.6;3166.9;62;2
3166.6;3166.9;65;5
3166.7;3166.9;77;5
3166.9;3167.3;76;4
3166.9;3167.5;67;7
3166.9;3167.3;55;7
3167.3;3167.5;74;2
3167.3;3167.5;55;7
3167.5;3167.7;67;7
3167.5;3167.7;72;0
3167.5;3167.7;76;4
3167.5;3167.7;79;7
3167.5;3168.4;60;0
3167.7;3167.9;67;7
3167.7;3167.9;72;0
3167.7;3167.9;76;4
3167.7;3167.9;79;7
3167.9;3168.1;67;7
3167.9;3168.1;72;0
3167.9;3168.1;76;4
3167.9;3168.1;79;7
3168.1;3168.3;67;7
3168.1;3168.3;72;0
3168.1;3168.3;76;4
3168.1;3168.3;79;7
3168.3;3168.5;67;7
3168.3;3168.5;72;0
3168.3;3168.5;76;4
3168.3;3168.5;79;7
3168.4;3168.6;60;0
3168.5;3168.6;67;7
3168.5;3168.6;72;0
3168.5;3168.6;76;4
3168.5;3168.6;79;7
3168.6;3168.6;67;7
3168.6;3168.6;72;0
3168.6;3168.6;75;3
3168.6;3168.6;79;7
3168.6;3169.1;63;3
3168.6;3168.7;67;7
3168.6;3168.7;72;0
3168.6;3168.7;75;3
3168.6;3168.7;79;7
3168.7;3168.9;67;7
3168.7;3168.9;72;0
3168.7;3168.9;75;3
3168.7;3168.9;79;7
3168.9;3169.1;67;7
3168.9;3169.1;72;0
3168.9;3169.1;75;3
3168.9;3169.1;79;7
3169.1;3169.3;67;7
3169.1;3169.3;72;0
3169.1;3169.3;75;3
3169.1;3169.3;79;7
3169.1;3169.3;62;2
3169.3;3169.5;67;7
3169.3;3169.5;72;0
3169.3;3169.5;75;3
3169.3;3169.5;79;7
3169.3;3169.5;60;0
3169.5;3169.6;72;0
3169.5;3169.6;75;3
3169.5;3169.6;80;8
3169.5;3170.5;68;8
3169.6;3169.8;72;0
3169.6;3169.8;75;3
3169.6;3169.8;80;8
3169.8;3170;72;0
3169.8;3170;75;3
3169.8;3170;80;8
3170;3170.2;72;0
3170;3170.2;75;3
3170;3170.2;80;8
3170.2;3170.4;72;0
3170.2;3170.4;75;3
3170.2;3170.4;80;8
3170.4;3170.5;72;0
3170.4;3170.5;75;3
3170.4;3170.5;80;8
3170.5;3170.7;72;0
3170.5;3170.7;75;3
3170.5;3170.7;80;8
3170.5;3170.7;84;0
3170.5;3171.1;60;0
3170.7;3170.9;72;0
3170.7;3170.9;75;3
3170.7;3170.9;80;8
3170.7;3170.9;84;0
3170.9;3171.1;72;0
3170.9;3171.1;75;3
3170.9;3171.1;80;8
3170.9;3171.1;84;0
3171.1;3171.3;72;0
3171.1;3171.3;75;3
3171.1;3171.3;80;8
3171.1;3171.3;84;0
3171.1;3171.6;58;10
3171.3;3171.5;72;0
3171.3;3171.5;75;3
3171.3;3171.5;80;8
3171.3;3171.5;84;0
3171.5;3171.7;72;0
3171.5;3171.7;75;3
3171.5;3171.7;80;8
3171.5;3171.7;84;0
3171.6;3171.7;56;8
3171.7;3171.9;75;3
3171.7;3171.9;79;7
3171.7;3171.9;82;10
3171.7;3171.9;87;3
3171.7;3172.6;63;3
3171.9;3172.1;75;3
3171.9;3172.1;79;7
3171.9;3172.1;82;10
3171.9;3172.1;87;3
3172.1;3172.3;75;3
3172.1;3172.3;79;7
3172.1;3172.3;82;10
3172.1;3172.3;87;3
3172.3;3172.5;75;3
3172.3;3172.5;79;7
3172.3;3172.5;82;10
3172.3;3172.5;87;3
3172.5;3172.7;75;3
3172.5;3172.7;79;7
3172.5;3172.7;82;10
3172.5;3172.7;87;3
3172.6;3172.9;63;3
3172.7;3172.9;75;3
3172.7;3172.9;79;7
3172.7;3172.9;82;10
3172.7;3172.9;87;3
3172.9;3173.1;74;2
3172.9;3173.1;80;8
3172.9;3173.1;84;0
3172.9;3173.1;86;2
3172.9;3173.8;65;5
3173.1;3173.3;74;2
3173.1;3173.3;80;8
3173.1;3173.3;84;0
3173.1;3173.3;86;2
3173.3;3173.5;74;2
3173.3;3173.5;80;8
3173.3;3173.5;84;0
3173.3;3173.5;86;2
3173.5;3173.7;74;2
3173.5;3173.7;80;8
3173.5;3173.7;84;0
3173.5;3173.7;86;2
3173.7;3173.8;74;2
3173.7;3173.8;80;8
3173.7;3173.8;84;0
3173.7;3173.8;86;2
3173.8;3173.8;63;3
3173.8;3173.8;74;2
3173.8;3173.8;80;8
3173.8;3173.8;84;0
3173.8;3173.8;86;2
3173.8;3173.8;65;5
3173.8;3174;74;2
3173.8;3174;79;7
3173.8;3174;83;11
3173.8;3174;86;2
3173.8;3175;67;7
3174;3174.2;74;2
3174;3174.2;79;7
3174;3174.2;83;11
3174;3174.2;86;2
3174.2;3174.4;74;2
3174.2;3174.4;79;7
3174.2;3174.4;83;11
3174.2;3174.4;86;2
3174.4;3174.6;74;2
3174.4;3174.6;79;7
3174.4;3174.6;83;11
3174.4;3174.6;86;2
3174.6;3174.8;74;2
3174.6;3174.8;79;7
3174.6;3174.8;83;11
3174.6;3174.8;86;2
3174.8;3175;74;2
3174.8;3175;79;7
3174.8;3175;83;11
3174.8;3175;86;2
3175;3175.2;74;2
3175;3175.2;79;7
3175;3175.2;83;11
3175;3175.2;86;2
3175;3176.1;55;7
3175.2;3175.4;74;2
3175.2;3175.4;79;7
3175.2;3175.4;83;11
3175.2;3175.4;86;2
3175.4;3175.6;74;2
3175.4;3175.6;79;7
3175.4;3175.6;83;11
3175.4;3175.6;86;2
3175.6;3175.8;74;2
3175.6;3175.8;79;7
3175.6;3175.8;83;11
3175.6;3175.8;86;2
3175.8;3176;74;2
3175.8;3176;79;7
3175.8;3176;83;11
3175.8;3176;86;2
3176;3176.1;74;2
3176;3176.1;79;7
3176;3176.1;83;11
3176;3176.1;86;2
3176.1;3176.7;55;7
3176.1;3176.2;34;10
3176.1;3178.1;31;7
3176.2;3176.2;43;7
3176.3;3176.3;34;10
3176.3;3176.4;43;7
3176.4;3176.5;34;10
3176.5;3176.5;43;7
3176.6;3176.6;34;10
3176.6;3176.7;43;7
3176.7;3177.3;63;3
3176.7;3176.8;34;10
3176.8;3176.8;43;7
3176.9;3176.9;34;10
3176.9;3177;43;7
3177;3177.1;34;10
3177.1;3177.1;43;7
3177.2;3177.2;34;10
3177.2;3177.3;43;7
3177.3;3177.8;62;2
3177.3;3177.4;34;10
3177.4;3177.4;43;7
3177.5;3177.5;34;10
3177.5;3177.6;43;7
3177.6;3177.7;34;10
3177.7;3177.7;43;7
3177.8;3177.8;34;10
3177.8;3177.8;43;7
3177.8;3178;58;10
3177.8;3177.8;34;10
3177.8;3177.8;43;7
3177.8;3177.8;34;10
3177.8;3177.8;43;7
3177.8;3177.9;34;10
3177.9;3177.9;43;7
3178;3178.1;57;9
3178;3178;34;10
3178;3178.1;43;7
3178.1;3178.5;55;7
3178.1;3178.1;34;10
3178.1;3180.3;31;7
3178.1;3178.1;43;7
3178.1;3178.1;34;10
3178.1;3178.2;43;7
3178.2;3178.3;34;10
3178.3;3178.3;43;7
3178.4;3178.4;34;10
3178.4;3178.5;43;7
3178.5;3179.1;63;3
3178.5;3178.6;34;10
3178.6;3178.6;43;7
3178.7;3178.7;34;10
3178.7;3178.8;43;7
3178.8;3178.9;34;10
3178.9;3178.9;43;7
3179;3179;34;10
3179;3179.1;43;7
3179.1;3179.7;62;2
3179.1;3179.2;34;10
3179.2;3179.2;43;7
3179.3;3179.3;34;10
3179.3;3179.4;43;7
3179.4;3179.5;34;10
3179.5;3179.5;43;7
3179.6;3179.6;34;10
3179.6;3179.7;43;7
3179.7;3180.2;58;10
3179.7;3179.8;34;10
3179.8;3179.8;43;7
3179.9;3179.9;34;10
3179.9;3180;43;7
3180;3180.1;34;10
3180.1;3180.1;43;7
3180.2;3180.3;57;9
3180.2;3180.2;34;10
3180.2;3180.3;43;7
3180.3;3180.9;55;7
3180.3;3180.9;31;7
3180.3;3180.9;34;10
3180.9;3181.5;63;3
3181.5;3181.5;62;2
3181.5;3181.5;50;2
3181.5;3181.5;55;7
3181.5;3181.5;58;10
3181.5;3181.9;60;0
3181.9;3182;58;10
3182;3182.6;57;9
3182;3182.2;36;0
3182.2;3182.4;48;0
3182.4;3182.6;51;3
3182.6;3183.2;67;7
3182.6;3182.9;55;7
3183.2;3183.7;65;5
3183.2;3184;48;0
3183.4;3183.6;51;3
3183.6;3183.7;53;5
3183.7;3183.8;63;3
3183.7;3183.7;57;9
3183.8;3184;60;0
3184;3184.2;59;11
3184;3184;38;2
3184;3184;50;2
3184;3184.2;53;5
3184.2;3184.8;68;8
3184.2;3184.5;56;8
3184.8;3185.1;67;7
3184.8;3185.9;50;2
3185;3185.2;53;5
3185.1;3185.3;65;5
3185.2;3185.3;55;7
3185.3;3185.7;63;3
3185.3;3185.6;59;11
3185.7;3185.9;62;2
3185.9;3186.2;60;0
3185.9;3185.9;39;3
3185.9;3186.1;51;3
3186.1;3186.2;55;7
3186.2;3186.8;68;8
3186.2;3186.5;56;8
3186.8;3187.4;67;7
3186.8;3187.8;51;3
3187;3187.2;55;7
3187.2;3187.4;59;11
3187.4;3187.7;63;3
3187.4;3187.6;60;0
3187.7;3187.8;62;2
3187.8;3187.8;61;1
3187.8;3188.6;40;4
3187.8;3188.6;43;7
3187.8;3188.6;46;10
3187.8;3188.6;49;1
3187.8;3188;70;10
3188;3188.3;69;9
3188.3;3188.6;67;7
3188.6;3188.9;74;2
3188.6;3189.8;43;7
3188.6;3189.8;46;10
3188.6;3189.8;49;1
3188.6;3189.8;52;4
3188.9;3189.2;73;1
3189.2;3189.6;70;10
3189.6;3189.8;79;7
3189.8;3190.1;77;5
3189.8;3191;46;10
3189.8;3191;49;1
3189.8;3191;52;4
3189.8;3191;55;7
3190.1;3190.4;76;4
3190.4;3190.8;82;10
3190.8;3191;81;9
3191;3191.1;79;7
3191;3191.2;49;1
3191;3191.2;52;4
3191;3191.2;55;7
3191;3191.2;58;10
3191.1;3191.2;88;4
3191.2;3191.3;86;2
3191.2;3191.4;52;4
3191.2;3191.4;55;7
3191.2;3191.4;58;10
3191.2;3191.4;61;1
3191.3;3191.4;85;1
3191.4;3192.7;79;7
3191.4;3192.7;82;10
3191.4;3192.7;88;4
3191.4;3192.7;91;7
3191.4;3192.7;64;4
3191.4;3193.3;60;0
3192.7;3193.3;80;8
3192.7;3193.3;85;1
3192.7;3193.3;89;5
3192.7;3193.3;61;1
3192.7;3193.3;65;5
3193.3;3193.9;79;7
3193.3;3193.9;82;10
3193.3;3193.9;88;4
3193.3;3193.9;64;4
3193.3;3193.9;67;7
3193.3;3195.2;60;0
3193.9;3194.5;77;5
3193.9;3194.5;85;1
3193.9;3194.5;70;10
3194.5;3195.1;76;4
3194.5;3195.1;84;0
3194.5;3195.1;67;7
3195.1;3195.2;73;1
3195.1;3195.2;82;10
3195.1;3195.2;64;4
3195.2;3195.8;70;10
3195.2;3195.8;79;7
3195.2;3195.8;61;1
3195.8;3196;67;7
3195.8;3196;76;4
3195.8;3196;58;10
3196;3196.3;73;1
3196;3196.3;67;7
3196.3;3196.6;70;10
3196.3;3196.6;64;4
3196.6;3196.6;72;0
3196.6;3198.1;73;1
3196.6;3197;67;7
3196.6;3197;61;1
3197;3197.6;64;4
3197;3197.6;58;10
3197.6;3198.1;61;1
3197.6;3198.1;55;7
3197.6;3198.7;48;0
3198.1;3198.7;64;4
3198.1;3198.7;58;10
3198.1;3198.7;52;4
3198.7;3199;56;8
3198.7;3199;65;5
3198.7;3199.3;49;1
3198.9;3199.1;53;5
3199;3199.3;77;5
3199.1;3199.3;55;7
3199.3;3200.2;77;5
3199.3;3199.6;56;8
3199.9;3200.2;49;1
3200.1;3200.2;53;5
3200.2;3200.2;55;7
3200.2;3200.3;73;1
3200.2;3200.3;56;8
3200.3;3200.5;72;0
3200.5;3201.1;71;11
3200.5;3201.1;50;2
3200.7;3200.9;53;5
3200.9;3201.1;55;7
3201.1;3201.4;56;8
3201.4;3201.5;65;5
3201.5;3201.7;67;7
3201.7;3202;68;8
3201.7;3201.9;59;11
3201.7;3202;43;7
3201.8;3201.9;53;5
3201.9;3202;55;7
3202;3202;56;8
3202;3202.1;67;7
3202.1;3202.2;65;5
3202.2;3202.8;64;4
3202.2;3202.8;48;0
3202.4;3202.6;52;4
3202.6;3202.8;53;5
3202.8;3203.1;55;7
3203.1;3203.4;72;0
3203.4;3203.6;79;7
3203.4;3203.6;52;4
3203.6;3203.6;55;7
3203.6;3203.6;59;11
3203.6;3203.6;60;0
3203.6;3203.8;75;3
3203.8;3204.4;74;2
3203.8;3204.4;51;3
3203.8;3204;52;4
3204;3204.2;55;7
3204.2;3204.4;57;9
3204.4;3204.7;73;1
3204.4;3204.7;58;10
3204.9;3205;67;7
3205;3205.8;70;10
3205;3205.3;61;1
3205;3205.6;44;8
3205;3205.2;45;9
3205.2;3205.4;55;7
3205.4;3205.6;57;9
3205.6;3205.8;58;10
3205.8;3205.8;69;9
3205.8;3205.9;67;7
3205.9;3206.2;62;2
3205.9;3206.2;66;6
3205.9;3206.2;50;2
3206.1;3206.2;54;6
3206.2;3206.2;55;7
3206.2;3206.2;57;9
3206.2;3206.3;60;0
3206.3;3206.5;62;2
3206.5;3207.2;63;3
3206.7;3206.9;48;0
3206.9;3207;50;2
3207;3207.3;51;3
3207.2;3207.4;62;2
3207.4;3207.6;60;0
3207.6;3208.4;69;9
3207.8;3208;54;6
3208;3208.2;55;7
3208.2;3208.5;57;9
3208.4;3208.6;67;7
3208.6;3208.6;66;6
3208.6;3208.9;75;3
3208.8;3208.9;60;0
3208.9;3208.9;62;2
3208.9;3209;63;3
3208.9;3209.1;74;2
3209.1;3209.3;72;0
3209.3;3211.5;67;7
3209.3;3211.5;79;7
3209.7;3210;31;7
3209.7;3210;43;7
3210.3;3210.6;55;7
3210.3;3210.6;60;0
3210.3;3210.6;63;3
3210.3;3210.6;67;7
3210.6;3210.9;53;5
3210.6;3210.9;65;5
3210.9;3211.4;51;3
3210.9;3211.4;63;3
3211.4;3211.5;50;2
3211.4;3211.5;62;2
3211.5;3212.1;48;0
3211.5;3212.1;60;0
3212.1;3212.7;46;10
3212.1;3212.7;58;10
3212.7;3212.9;44;8
3212.7;3212.9;56;8
3212.9;3213.3;67;7
3212.9;3213.3;43;7
3212.9;3213.3;55;7
3213.3;3215.4;67;7
3213.3;3215.4;79;7
3213.3;3213.9;41;5
3213.3;3213.9;53;5
3213.9;3214.5;39;3
3213.9;3214.5;51;3
3214.5;3215.1;37;1
3214.5;3215.1;49;1
3215.1;3215.4;36;0
3215.1;3215.4;48;0
3215.4;3218.6;68;8
3215.4;3218.6;73;1
3215.4;3218.6;77;5
3215.4;3218.6;80;8
3215.4;3215.6;47;11
3215.6;3215.8;53;5
3215.8;3216;55;7
3216;3216.2;56;8
3216.2;3216.4;49;1
3216.4;3216.6;48;0
3216.6;3216.8;47;11
3216.8;3216.9;53;5
3216.9;3217.1;55;7
3217.1;3217.3;56;8
3217.3;3217.4;49;1
3217.4;3217.6;48;0
3217.6;3217.8;47;11
3217.8;3218;53;5
3218;3218.2;55;7
3218.2;3218.4;56;8
3218.4;3218.6;49;1
3218.6;3218.6;48;0
3218.6;3219.1;61;1
3218.6;3219.1;65;5
3218.6;3219.1;68;8
3218.6;3219.1;73;1
3218.6;3218.8;47;11
3218.8;3219;53;5
3219;3219.1;55;7
3219.1;3219.1;56;8
3219.1;3219.2;47;11
3219.1;3219.4;68;8
3219.2;3219.4;49;1
3219.4;3220.2;74;2
3219.4;3219.9;62;2
3219.4;3219.9;66;6
3219.4;3219.9;69;9
3219.4;3219.9;45;9
3219.4;3219.9;57;9
3220.2;3220.5;74;2
3220.5;3222.2;75;3
3221;3221.9;63;3
3221;3221.9;67;7
3221;3221.9;70;10
3221;3221.9;43;7
3221.2;3221.4;46;10
3221.4;3221.6;50;2
3221.6;3221.9;51;3
3222.2;3222.7;74;2
3222.7;3223;72;0
3223;3224;70;10
3224;3224.3;67;7
3224.3;3224.4;78;6
3224.3;3224.4;81;9
3224.4;3224.5;74;2
3224.5;3224.6;78;6
3224.5;3224.6;81;9
3224.6;3224.7;74;2
3224.7;3224.8;78;6
3224.7;3224.8;81;9
3224.7;3224.9;57;9
3224.8;3224.9;74;2
3224.9;3225;78;6
3224.9;3225;81;9
3224.9;3225.2;62;2
3225;3225.1;74;2
3225.1;3225.2;78;6
3225.1;3225.2;81;9
3225.2;3225.3;74;2
3225.2;3225.3;57;9
3225.3;3225.4;78;6
3225.3;3225.4;81;9
3225.3;3225.5;62;2
3225.4;3225.5;74;2
3225.5;3225.6;78;6
3225.5;3225.6;81;9
3225.5;3225.9;66;6
3225.6;3225.7;74;2
3225.7;3225.8;78;6
3225.7;3225.8;81;9
3225.8;3225.9;74;2
3225.9;3226.1;78;6
3225.9;3226.1;81;9
3225.9;3226.2;62;2
3226.1;3226.2;74;2
3226.2;3226.3;78;6
3226.2;3226.3;81;9
3226.2;3226.6;66;6
3226.3;3226.5;74;2
3226.5;3226.6;78;6
3226.5;3226.6;81;9
3226.6;3226.8;74;2
3226.6;3226.8;62;2
3226.8;3227;78;6
3226.8;3227;81;9
3226.8;3227.4;66;6
3227;3227.4;74;2
3227.4;3227.6;81;9
3227.4;3228.5;69;9
3227.6;3227.7;78;6
3227.7;3227.9;81;9
3227.9;3228.1;78;6
3228.1;3228.4;81;9
3228.4;3228.5;78;6
3228.5;3228.6;74;2
3228.5;3228.8;69;9
3228.6;3228.7;78;6
3228.7;3228.8;83;11
3228.8;3229;81;9
3228.8;3229.7;69;9
3229;3229.1;78;6
3229.1;3229.3;81;9
3229.3;3229.4;78;6
3229.4;3229.6;81;9
3229.6;3229.7;78;6
3229.7;3229.8;74;2
3229.7;3230.3;66;6
3229.8;3229.9;78;6
3229.9;3230.3;81;9
3230.3;3230.7;81;9
3230.3;3230.7;85;1
3230.3;3231.1;73;1
3230.7;3230.9;78;6
3230.9;3231;81;9
3230.9;3231;85;1
3231;3231.1;78;6
3231.1;3231.2;81;9
3231.1;3231.2;85;1
3231.1;3231.3;61;1
3231.2;3231.3;78;6
3231.3;3231.4;81;9
3231.3;3231.4;85;1
3231.3;3231.7;66;6
3231.4;3231.5;78;6
3231.5;3231.7;81;9
3231.5;3231.7;85;1
3231.7;3231.8;78;6
3231.7;3231.8;61;1
3231.8;3231.9;81;9
3231.8;3231.9;85;1
3231.8;3232;66;6
3231.9;3232;78;6
3232;3232.1;81;9
3232;3232.1;85;1
3232;3232.4;69;9
3232.1;3232.2;78;6
3232.2;3232.3;81;9
3232.2;3232.3;85;1
3232.3;3232.4;78;6
3232.4;3232.5;81;9
3232.4;3232.5;85;1
3232.4;3232.6;66;6
3232.5;3232.6;78;6
3232.6;3232.7;81;9
3232.6;3232.7;85;1
3232.6;3232.9;69;9
3232.7;3232.8;78;6
3232.8;3232.9;81;9
3232.8;3232.9;85;1
3232.9;3233;78;6
3232.9;3233;66;6
3233;3233.1;81;9
3233;3233.1;85;1
3233;3233.2;69;9
3233.1;3233.2;78;6
3233.2;3233.3;85;1
3233.2;3234.1;73;1
3233.3;3233.5;81;9
3233.5;3233.6;85;1
3233.6;3233.8;81;9
3233.8;3233.9;85;1
3233.9;3234;81;9
3234;3234.1;78;6
3234.1;3234.4;73;1
3234.1;3234.3;81;9
3234.3;3234.4;86;2
3234.4;3234.5;85;1
3234.4;3235.3;73;1
3234.5;3234.7;81;9
3234.7;3234.8;85;1
3234.8;3235;81;9
3235;3235.1;85;1
3235.1;3235.2;81;9
3235.2;3235.3;78;6
3235.3;3235.6;73;1
3235.3;3235.5;81;9
3235.5;3235.6;85;1
3235.6;3235.8;85;1
3235.6;3236.8;66;6
3235.6;3236.8;70;10
3235.6;3236.8;73;1
3235.8;3235.9;82;10
3235.9;3236.1;85;1
3236.1;3236.2;82;10
3236.2;3236.3;85;1
3236.3;3236.5;82;10
3236.5;3236.7;78;6
3236.7;3236.8;82;10
3236.8;3237;65;5
3236.8;3237;71;11
3236.8;3237;74;2
3236.8;3237;86;2
3237;3237.2;85;1
3237;3238.2;66;6
3237;3238.2;70;10
3237;3238.2;73;1
3237.2;3237.3;82;10
3237.3;3237.5;85;1
3237.5;3237.6;82;10
3237.6;3237.9;85;1
3237.9;3238;82;10
3238;3238.1;78;6
3238.1;3238.3;82;10
3238.2;3238.4;63;3
3238.2;3238.4;70;10
3238.2;3238.4;75;3
3238.3;3238.4;87;3
3238.4;3238.5;85;1
3238.4;3240.5;73;1
3238.4;3239.9;66;6
3238.4;3239.9;70;10
3238.5;3238.7;82;10
3238.7;3238.9;85;1
3238.9;3239.1;82;10
3239.1;3239.3;78;6
3239.3;3239.4;73;1
3239.4;3239.5;78;6
3239.5;3239.6;82;10
3239.6;3239.7;89;5
3239.7;3239.9;87;3
3239.9;3240.1;77;5
3239.9;3240.1;85;1
3239.9;3241.2;61;1
3239.9;3241.2;68;8
3239.9;3241.2;71;11
3240.1;3240.2;80;8
3240.2;3240.4;85;1
3240.4;3240.5;80;8
3240.5;3240.7;85;1
3240.5;3240.8;73;1
3240.7;3240.8;80;8
3240.8;3240.9;77;5
3240.9;3241;80;8
3241;3241.2;85;1
3241.2;3241.4;85;1
3241.2;3242.3;66;6
3241.2;3242.3;70;10
3241.2;3242.3;73;1
3241.4;3241.5;82;10
3241.5;3241.7;85;1
3241.7;3241.8;82;10
3241.8;3241.9;85;1
3241.9;3242;82;10
3242;3242.2;78;6
3242.2;3242.3;82;10
3242.3;3242.4;65;5
3242.3;3242.4;71;11
3242.3;3242.4;74;2
3242.3;3242.4;86;2
3242.4;3242.6;85;1
3242.4;3243.7;66;6
3242.4;3243.7;70;10
3242.4;3243.7;73;1
3242.6;3242.7;82;10
3242.7;3243;85;1
3243;3243.2;82;10
3243.2;3243.3;85;1
3243.3;3243.4;82;10
3243.4;3243.6;78;6
3243.6;3243.7;82;10
3243.7;3244;63;3
3243.7;3244;70;10
3243.7;3244;75;3
3243.7;3244;87;3
3244;3244.1;85;1
3244;3246;69;9
3244;3246;73;1
3244;3245.4;66;6
3244.1;3244.5;82;10
3244.5;3244.6;85;1
3244.6;3244.7;82;10
3244.7;3244.8;78;6
3244.8;3245;73;1
3245;3245.1;78;6
3245.1;3245.2;82;10
3245.2;3245.3;89;5
3245.3;3245.4;87;3
3245.4;3245.6;77;5
3245.4;3245.6;85;1
3245.4;3246.6;61;1
3245.4;3246.6;68;8
3245.6;3245.7;80;8
3245.7;3245.9;85;1
3245.9;3246;80;8
3246;3246.1;85;1
3246;3246.3;73;1
3246.1;3246.2;87;3
3246.2;3246.3;85;1
3246.3;3246.4;87;3
3246.4;3246.4;85;1
3246.5;3246.5;87;3
3246.5;3246.6;96;0
3246.6;3246.6;97;1
3246.6;3246.8;90;6
3246.6;3248.2;78;6
3246.6;3248.2;51;3
3246.6;3248.2;58;10
3246.6;3248.2;63;3
3246.8;3246.9;87;3
3246.9;3247.1;90;6
3247.1;3247.2;87;3
3247.2;3247.4;90;6
3247.4;3247.8;87;3
3247.8;3247.9;82;10
3247.9;3248;87;3
3248;3248.2;90;6
3248.2;3248.4;89;5
3248.2;3249.5;77;5
3248.2;3249.5;53;5
3248.2;3249.5;57;9
3248.2;3249.5;60;0
3248.4;3248.5;84;0
3248.5;3248.7;89;5
3248.7;3248.8;84;0
3248.8;3249;89;5
3249;3249.1;84;0
3249.1;3249.2;81;9
3249.2;3249.3;84;0
3249.3;3249.5;89;5
3249.5;3249.6;88;4
3249.5;3250.7;76;4
3249.5;3250.7;56;8
3249.5;3250.7;59;11
3249.5;3250.7;64;4
3249.6;3249.8;83;11
3249.8;3249.9;88;4
3249.9;3250.1;83;11
3250.1;3250.2;88;4
3250.2;3250.4;83;11
3250.4;3250.5;80;8
3250.5;3250.6;83;11
3250.6;3250.7;88;4
3250.7;3250.9;87;3
3250.7;3252.1;75;3
3250.7;3252.1;59;11
3250.7;3252.1;66;6
3250.7;3252.1;71;11
3250.9;3251.1;83;11
3251.1;3251.2;87;3
3251.2;3251.4;83;11
3251.4;3251.5;87;3
3251.5;3251.6;83;11
3251.6;3251.7;78;6
3251.7;3251.8;83;11
3251.8;3252.1;87;3
3252.1;3252.3;86;2
3252.1;3254.3;74;2
3252.1;3253.3;62;2
3252.1;3253.3;66;6
3252.1;3253.3;69;9
3252.3;3252.4;81;9
3252.4;3252.6;86;2
3252.6;3252.7;81;9
3252.7;3252.8;86;2
3252.8;3253;81;9
3253;3253.1;78;6
3253.1;3253.2;81;9
3253.2;3253.3;86;2
3253.3;3253.6;86;2
3253.3;3254.9;65;5
3253.3;3254.9;68;8
3253.3;3254.9;71;11
3253.6;3253.7;83;11
3253.7;3254;86;2
3254;3254.3;83;11
3254.3;3254.4;80;8
3254.3;3254.9;73;1
3254.4;3254.6;77;5
3254.6;3254.7;80;8
3254.7;3254.9;85;1
3254.9;3255;93;9
3254.9;3256;74;2
3254.9;3257.2;62;2
3254.9;3257.2;66;6
3254.9;3257.2;69;9
3255;3255.3;90;6
3255.3;3255.5;93;9
3255.5;3255.6;90;6
3255.6;3255.7;86;2
3255.7;3255.9;81;9
3255.9;3256.1;78;6
3256.1;3256.2;74;2
3256.2;3256.3;78;6
3256.3;3256.5;81;9
3256.5;3256.6;78;6
3256.6;3256.8;81;9
3256.8;3256.9;78;6
3256.9;3257.1;74;2
3257.1;3257.2;69;9
3257.2;3257.3;66;6
3257.3;3257.4;62;2
3257.4;3257.5;66;6
3257.5;3257.7;69;9
3257.5;3260.8;50;2
3257.5;3260.8;53;5
3257.5;3260.8;57;9
3257.7;3257.8;65;5
3257.8;3258;69;9
3258;3258.1;65;5
3258.1;3258.3;69;9
3258.3;3258.4;65;5
3258.4;3258.5;62;2
3258.5;3258.6;65;5
3258.6;3258.7;69;9
3258.7;3258.9;74;2
3258.9;3259;69;9
3259;3259.2;74;2
3259.2;3259.4;69;9
3259.4;3259.6;74;2
3259.6;3259.7;69;9
3259.7;3260.3;65;5
3260.3;3260.4;69;9
3260.4;3260.8;74;2
3260.8;3261;77;5
3260.8;3262.2;38;2
3260.8;3262.2;41;5
3260.8;3262.2;45;9
3260.8;3262.2;50;2
3261;3261.1;74;2
3261.1;3261.3;77;5
3261.3;3261.4;74;2
3261.4;3261.5;77;5
3261.5;3261.7;74;2
3261.7;3261.8;69;9
3261.8;3261.9;74;2
3261.9;3262.2;77;5
3262.2;3262.4;76;4
3262.2;3263.7;40;4
3262.2;3263.7;44;8
3262.2;3263.7;47;11
3262.2;3263.7;52;4
3262.4;3262.5;71;11
3262.5;3262.7;76;4
3262.7;3262.8;71;11
3262.8;3263;76;4
3263;3263.1;71;11
3263.1;3263.2;68;8
3263.2;3263.3;71;11
3263.3;3263.7;76;4
3263.7;3263.9;75;3
3263.7;3265.2;43;7
3263.7;3265.2;46;10
3263.7;3265.2;51;3
3263.7;3265.2;55;7
3263.9;3264;70;10
3264;3264.2;75;3
3264.2;3264.3;70;10
3264.3;3264.5;75;3
3264.5;3264.6;70;10
3264.6;3264.8;67;7
3264.8;3265.1;70;10
3265.1;3265.2;75;3
3265.2;3265.4;74;2
3265.2;3266.5;44;8
3265.2;3266.5;50;2
3265.2;3266.5;53;5
3265.2;3266.5;56;8
3265.4;3265.5;71;11
3265.5;3265.7;74;2
3265.7;3265.9;71;11
3265.9;3266;74;2
3266;3266.1;71;11
3266.1;3266.2;65;5
3266.2;3266.3;71;11
3266.3;3266.5;74;2
3266.5;3266.8;77;5
3266.5;3268.3;45;9
3266.5;3268.3;50;2
3266.5;3268.3;53;5
3266.5;3268.3;57;9
3266.8;3267;74;2
3267;3267.2;69;9
3267.2;3267.3;74;2
3267.3;3267.5;77;5
3267.5;3267.8;81;9
3267.8;3268;77;5
3268;3268.1;74;2
3268.1;3268.2;77;5
3268.2;3268.3;81;9
3268.3;3268.4;86;2
3268.3;3269.2;65;5
3268.4;3268.6;81;9
3268.6;3268.7;77;5
3268.7;3268.8;81;9
3268.8;3268.9;86;2
3268.9;3269;89;5
3269;3269.2;86;2
3269.2;3269.3;81;9
3269.2;3269.4;64;4
3269.3;3269.4;86;2
3269.4;3269.6;62;2
3269.4;3269.6;89;5
3269.6;3272.4;81;9
3269.6;3272.4;85;1
3269.6;3272.4;93;9
3269.6;3273.6;57;9
3269.6;3273.6;64;4
3269.6;3273.6;67;7
3269.6;3273.6;69;9
3272.4;3274.2;71;11
3272.4;3274.2;83;11
3274.2;3274.8;73;1
3274.2;3274.8;85;1
3274.8;3278.2;74;2
3274.8;3278.2;78;6
3274.8;3278.2;81;9
3274.8;3278.2;86;2
3274.8;3275.4;50;2
3274.8;3275.4;54;6
3274.8;3275.4;57;9
3274.8;3275.4;62;2
3275.7;3276.2;33;9
3275.7;3276.2;45;9
3276.2;3277.6;38;2
3276.2;3277.6;50;2
3277.6;3277.8;45;9
3277.8;3278.2;38;2
3277.8;3278.2;50;2
3278.2;3278.5;93;9
3278.2;3278.8;42;6
3278.2;3278.8;54;6
3278.5;3278.8;90;6
3278.8;3279;85;1
3278.8;3279.4;69;9
3278.8;3279.4;74;2
3278.8;3279.4;78;6
3279;3279.2;88;4
3279.2;3279.4;86;2
3279.4;3279.8;86;2
3279.4;3280.8;66;6
3279.4;3280.8;69;9
3279.4;3280.8;74;2
3279.8;3280;80;8
3280;3280.5;83;11
3280.5;3280.7;81;9
3280.7;3280.9;78;6
3280.8;3281.1;62;2
3280.8;3281.1;66;6
3280.8;3281.1;69;9
3280.9;3281.1;74;2
3281.1;3284.4;78;6
3281.1;3284.4;81;9
3281.1;3284.4;86;2
3281.1;3284.4;90;6
3281.1;3281.7;66;6
3281.1;3281.7;69;9
3281.1;3281.7;74;2
3282;3282.3;38;2
3282;3282.3;50;2
3282.3;3283.7;42;6
3282.3;3283.7;54;6
3283.7;3283.9;50;2
3283.9;3284.4;42;6
3283.9;3284.4;54;6
3284.4;3284.7;90;6
3284.4;3285.4;45;9
3284.4;3285.4;57;9
3284.7;3285.4;86;2
3285.4;3285.7;80;8
3285.4;3286.1;66;6
3285.4;3286.1;69;9
3285.4;3286.1;74;2
3285.7;3285.9;83;11
3285.9;3286.1;81;9
3286.1;3286.3;81;9
3286.1;3287;62;2
3286.1;3287;66;6
3286.1;3287;69;9
3286.3;3286.5;77;5
3286.5;3286.7;79;7
3286.7;3286.9;78;6
3286.9;3287.1;74;2
3287;3287.4;57;9
3287;3287.4;62;2
3287;3287.4;66;6
3287.1;3287.4;69;9
3287.4;3290.4;74;2
3287.4;3290.4;78;6
3287.4;3290.4;81;9
3287.4;3290.4;86;2
3287.4;3288.2;62;2
3287.4;3288.2;66;6
3287.4;3288.2;69;9
3288.9;3289.2;38;2
3288.9;3289.2;50;2
3289.2;3289.8;42;6
3289.2;3289.8;54;6
3289.8;3290;50;2
3290;3290.4;42;6
3290;3290.4;54;6
3290.4;3290.7;78;6
3290.4;3290.7;86;2
3290.4;3291;45;9
3290.4;3291;57;9
3290.7;3291;81;9
3291;3291.3;77;5
3291;3291.3;54;6
3291.3;3291.5;79;7
3291.3;3291.9;45;9
3291.3;3291.9;57;9
3291.5;3291.9;78;6
3291.9;3292.2;69;9
3291.9;3292.2;78;6
3291.9;3292.7;50;2
3291.9;3292.7;62;2
3292.2;3292.7;74;2
3292.7;3292.9;68;8
3292.7;3292.9;57;9
3292.9;3293.1;71;11
3292.9;3293.3;50;2
3292.9;3293.3;62;2
3293.1;3293.3;69;9
3293.3;3293.6;74;2
3293.3;3293.6;81;9
3293.3;3294;54;6
3293.3;3294;66;6
3293.6;3294;78;6
3294;3294.2;73;1
3294;3294.2;62;2
3294.2;3294.4;76;4
3294.2;3294.7;54;6
3294.2;3294.7;66;6
3294.4;3294.7;74;2
3294.7;3294.9;74;2
3294.7;3295.5;57;9
3294.7;3295.5;69;9
3294.9;3295.3;73;1
3295.3;3295.5;74;2
3295.5;3295.7;77;5
3295.5;3295.7;66;6
3295.7;3296;78;6
3295.7;3296.2;57;9
3295.7;3296.2;69;9
3296;3296.2;81;9
3296.2;3296.8;74;2
3296.2;3296.8;78;6
3296.2;3296.8;86;2
3296.2;3296.8;62;2
3296.2;3296.8;66;6
3296.2;3296.8;69;9
3296.8;3297.4;83;11
3296.8;3297.4;95;11
3296.8;3296.9;50;2
3296.8;3296.9;54;6
3296.8;3296.9;57;9
3296.9;3297.1;62;2
3297.1;3297.2;50;2
3297.1;3297.2;54;6
3297.1;3297.2;57;9
3297.2;3297.4;62;2
3297.4;3298.2;81;9
3297.4;3298.2;93;9
3297.4;3297.5;50;2
3297.4;3297.5;54;6
3297.4;3297.5;57;9
3297.5;3297.7;62;2
3297.7;3297.9;50;2
3297.7;3297.9;54;6
3297.7;3297.9;57;9
3297.9;3298.2;62;2
3298.2;3298.6;78;6
3298.2;3298.6;90;6
3298.2;3298.3;50;2
3298.2;3298.3;54;6
3298.2;3298.3;57;9
3298.3;3298.5;62;2
3298.5;3298.6;50;2
3298.5;3298.6;54;6
3298.5;3298.6;57;9
3298.6;3298.8;76;4
3298.6;3298.8;88;4
3298.6;3298.8;62;2
3298.8;3299.4;74;2
3298.8;3299.4;86;2
3298.8;3300.7;54;6
3298.8;3300.7;50;2
3299.4;3300.1;71;11
3299.4;3300.1;59;11
3300.1;3300.4;69;9
3300.1;3300.4;57;9
3300.4;3300.7;68;8
3300.4;3300.7;56;8
3300.7;3301.3;67;7
3300.7;3301.5;58;10
3300.7;3301.5;70;10
3300.7;3301.3;55;7
3300.7;3301.5;50;2
3301.3;3301.5;66;6
3301.3;3301.5;54;6
3301.5;3301.7;66;6
3301.5;3301.7;71;11
3301.5;3302;54;6
3301.5;3302.6;43;7
3301.5;3302.6;47;11
3301.7;3302;59;11
3302;3302.2;64;4
3302;3302.6;52;4
3302.2;3302.4;67;7
3302.4;3302.6;70;10
3302.6;3302.9;71;11
3302.6;3303.5;52;4
3302.6;3303.5;55;7
3302.9;3303.2;75;3
3303.2;3303.4;76;4
3303.4;3303.6;79;7
3303.5;3303.8;52;4
3303.5;3303.8;55;7
3303.5;3303.8;59;11
3303.6;3303.8;83;11
3303.8;3305.8;76;4
3303.8;3305.8;88;4
3303.8;3304;55;7
3303.8;3304;59;11
3304;3304.2;64;4
3304.2;3304.4;55;7
3304.2;3304.4;59;11
3304.4;3304.5;64;4
3304.5;3304.7;55;7
3304.5;3304.7;59;11
3304.7;3304.9;64;4
3304.9;3305;55;7
3304.9;3305;59;11
3305;3305.2;64;4
3305.2;3305.3;55;7
3305.2;3305.3;59;11
3305.3;3305.5;64;4
3305.5;3305.6;55;7
3305.5;3305.6;59;11
3305.6;3305.8;64;4
3305.8;3305.9;55;7
3305.8;3305.9;59;11
3305.9;3306.1;64;4
3306.1;3306.4;74;2
3306.1;3306.4;86;2
3306.1;3306.2;55;7
3306.1;3306.2;59;11
3306.2;3306.4;64;4
3306.4;3307.4;74;2
3306.4;3307.4;86;2
3306.4;3306.5;55;7
3306.4;3306.5;59;11
3306.5;3306.7;64;4
3306.7;3306.8;55;7
3306.7;3306.8;59;11
3306.8;3307;64;4
3307;3307.1;55;7
3307;3307.1;59;11
3307.1;3307.3;64;4
3307.3;3307.4;55;7
3307.3;3307.4;59;11
3307.4;3307.4;64;4
3307.4;3307.7;73;1
3307.4;3307.7;85;1
3307.4;3307.4;55;7
3307.4;3307.4;59;11
3307.4;3307.4;64;4
3307.4;3307.6;55;7
3307.4;3307.6;59;11
3307.6;3307.7;64;4
3307.7;3307.9;55;7
3307.7;3307.9;59;11
3307.9;3308;64;4
3308;3308.2;55;7
3308;3308.2;59;11
3308.2;3308.3;64;4
3308.3;3310.3;71;11
3308.3;3310.3;83;11
3308.3;3308.6;49;1
3308.3;3308.6;52;4
3308.6;3308.8;59;11
3308.8;3309;49;1
3308.8;3309;52;4
3309;3309.1;59;11
3309.1;3309.3;49;1
3309.1;3309.3;52;4
3309.3;3309.4;59;11
3309.4;3309.6;49;1
3309.4;3309.6;52;4
3309.6;3309.7;59;11
3309.7;3309.9;49;1
3309.7;3309.9;52;4
3309.9;3310;59;11
3310;3310.2;49;1
3310;3310.2;52;4
3310.2;3310.3;59;11
3310.3;3310.6;69;9
3310.3;3310.6;81;9
3310.3;3310.6;49;1
3310.3;3310.6;52;4
3310.6;3311;67;7
3310.6;3311;79;7
3311;3311.6;66;6
3311;3311.6;78;6
3311;3311.1;54;6
3311;3311.1;59;11
3311.1;3311.3;61;1
3311.3;3311.4;54;6
3311.3;3311.4;59;11
3311.4;3311.6;61;1
3311.6;3311.8;64;4
3311.6;3311.7;54;6
3311.6;3311.7;58;10
3311.7;3311.9;61;1
3311.8;3312;67;7
3311.9;3312;54;6
3311.9;3312;58;10
3312;3312.1;66;6
3312;3312.1;61;1
3312.1;3312.4;70;10
3312.1;3312.2;54;6
3312.1;3312.2;58;10
3312.1;3312.2;61;1
3312.2;3312.4;64;4
3312.4;3312.7;73;1
3312.4;3312.5;54;6
3312.4;3312.5;58;10
3312.4;3312.5;61;1
3312.5;3312.7;64;4
3312.7;3312.9;76;4
3312.7;3312.8;54;6
3312.7;3312.8;58;10
3312.7;3312.8;61;1
3312.8;3313;64;4
3312.9;3313.1;82;10
3313;3313.1;54;6
3313;3313.1;58;10
3313;3313.1;61;1
3313.1;3313.3;85;1
3313.1;3313.3;64;4
3313.3;3313.9;76;4
3313.3;3313.9;82;10
3313.3;3313.9;88;4
3313.3;3313.4;54;6
3313.3;3313.4;58;10
3313.3;3313.4;61;1
3313.4;3313.6;64;4
3313.6;3313.7;54;6
3313.6;3313.7;58;10
3313.6;3313.7;61;1
3313.7;3313.9;64;4
3313.9;3314.5;66;6
3313.9;3314.5;78;6
3313.9;3314;54;6
3313.9;3314;58;10
3313.9;3314;61;1
3314;3314.2;64;4
3314.2;3314.3;54;6
3314.2;3314.3;58;10
3314.2;3314.3;61;1
3314.3;3314.5;64;4
3314.5;3315.2;70;10
3314.5;3315.2;82;10
3314.5;3314.6;54;6
3314.5;3314.6;58;10
3314.5;3314.6;61;1
3314.6;3314.8;64;4
3314.8;3314.9;54;6
3314.8;3314.9;58;10
3314.8;3314.9;61;1
3314.9;3315.1;64;4
3315.1;3315.2;54;6
3315.1;3315.2;58;10
3315.1;3315.2;61;1
3315.2;3315.2;64;4
3315.2;3315.3;73;1
3315.2;3315.3;85;1
3315.2;3315.2;54;6
3315.2;3315.2;58;10
3315.2;3315.2;61;1
3315.2;3315.3;64;4
3315.3;3317.1;76;4
3315.3;3317.1;88;4
3315.3;3315.4;56;8
3315.3;3315.4;59;11
3315.3;3315.4;62;2
3315.4;3315.6;64;4
3315.6;3315.7;56;8
3315.6;3315.7;59;11
3315.6;3315.7;62;2
3315.7;3315.9;64;4
3315.9;3316;56;8
3315.9;3316;59;11
3315.9;3316;62;2
3316;3316.2;64;4
3316.2;3316.3;56;8
3316.2;3316.3;59;11
3316.2;3316.3;62;2
3316.3;3316.5;64;4
3316.5;3316.6;56;8
3316.5;3316.6;59;11
3316.5;3316.6;62;2
3316.6;3316.8;64;4
3316.8;3316.9;56;8
3316.8;3316.9;59;11
3316.8;3316.9;62;2
3316.9;3317.1;64;4
3317.1;3317.6;74;2
3317.1;3317.6;86;2
3317.1;3317.2;56;8
3317.1;3317.2;59;11
3317.1;3317.2;62;2
3317.2;3317.4;64;4
3317.4;3317.5;56;8
3317.4;3317.5;59;11
3317.4;3317.5;62;2
3317.5;3317.6;64;4
3317.6;3319.3;73;1
3317.6;3319.3;85;1
3317.6;3317.7;53;5
3317.6;3317.7;56;8
3317.6;3317.7;59;11
3317.7;3317.9;61;1
3317.9;3318;53;5
3317.9;3318;56;8
3317.9;3318;59;11
3318;3318.2;61;1
3318.2;3318.3;53;5
3318.2;3318.3;56;8
3318.2;3318.3;59;11
3318.3;3318.5;61;1
3318.5;3318.6;53;5
3318.5;3318.6;56;8
3318.5;3318.6;59;11
3318.6;3318.8;61;1
3318.8;3318.9;53;5
3318.8;3318.9;56;8
3318.8;3318.9;59;11
3318.9;3319;61;1
3319;3319.2;53;5
3319;3319.2;56;8
3319;3319.2;59;11
3319.2;3319.3;61;1
3319.3;3319.8;71;11
3319.3;3319.8;83;11
3319.3;3319.5;53;5
3319.3;3319.5;56;8
3319.3;3319.5;59;11
3319.5;3319.6;61;1
3319.6;3319.8;53;5
3319.6;3319.8;56;8
3319.6;3319.8;59;11
3319.8;3319.9;68;8
3319.8;3319.9;80;8
3319.8;3319.9;61;1
3319.9;3320.5;69;9
3319.9;3320.5;81;9
3319.9;3320.1;54;6
3319.9;3320.1;57;9
3320.1;3320.2;61;1
3320.2;3320.4;54;6
3320.2;3320.4;57;9
3320.4;3320.5;61;1
3320.5;3320.5;69;9
3320.5;3320.5;54;6
3320.5;3320.5;57;9
3320.5;3320.6;61;1
3320.5;3320.7;68;8
3320.6;3320.8;54;6
3320.6;3320.8;57;9
3320.7;3320.9;66;6
3320.8;3320.9;61;1
3320.9;3321.2;73;1
3320.9;3321.1;54;6
3320.9;3321.1;57;9
3321.1;3321.2;61;1
3321.2;3321.5;68;8
3321.2;3321.4;54;6
3321.2;3321.4;57;9
3321.4;3321.5;61;1
3321.5;3321.7;69;9
3321.5;3321.8;54;6
3321.6;3321.8;57;9
3321.6;3321.8;61;1
3321.7;3321.9;73;1
3321.9;3322;78;6
3322;3322.5;69;9
3322;3322.5;75;3
3322;3322.5;81;9
3322;3322;35;11
3322;3322.2;47;11
3322.2;3322.3;51;3
3322.3;3322.5;54;6
3322.5;3322.6;57;9
3322.6;3322.8;54;6
3322.8;3322.9;51;3
3322.9;3323.1;47;11
3323.1;3324.3;71;11
3323.1;3323.2;35;11
3323.2;3323.4;47;11
3323.4;3323.5;51;3
3323.5;3323.7;54;6
3323.7;3324.6;83;11
3323.7;3323.8;57;9
3323.8;3324;54;6
3324;3324.1;51;3
3324.1;3324.3;47;11
3324.3;3326.5;67;7
3324.3;3324.4;40;4
3324.4;3324.6;47;11
3324.6;3324.9;79;7
3324.6;3324.7;52;4
3324.7;3324.9;55;7
3324.9;3325.1;75;3
3324.9;3325;59;11
3325;3325.2;55;7
3325.1;3325.3;78;6
3325.2;3325.3;52;4
3325.3;3325.5;76;4
3325.3;3325.5;47;11
3325.5;3326.5;76;4
3325.5;3325.6;40;4
3325.6;3325.8;47;11
3325.8;3325.9;52;4
3325.9;3326.1;55;7
3326.1;3326.2;59;11
3326.2;3326.4;55;7
3326.4;3326.5;52;4
3326.5;3326.5;47;11
3326.5;3326.7;37;1
3326.7;3326.8;49;1
3326.8;3327;53;5
3327;3327.1;56;8
3327.1;3327.3;59;11
3327.3;3327.4;56;8
3327.4;3327.4;53;5
3327.4;3327.5;49;1
3327.5;3328.7;73;1
3327.5;3327.6;37;1
3327.6;3327.8;49;1
3327.8;3327.9;53;5
3327.9;3328.1;56;8
3328.1;3329;85;1
3328.1;3328.2;59;11
3328.2;3328.4;56;8
3328.4;3328.5;53;5
3328.5;3328.7;49;1
3328.7;3331;69;9
3328.7;3328.8;42;6
3328.8;3329;49;1
3329;3329.3;81;9
3329;3329.1;54;6
3329.1;3329.3;57;9
3329.3;3329.5;77;5
3329.3;3329.4;61;1
3329.4;3329.6;57;9
3329.5;3329.7;80;8
3329.6;3329.7;54;6
3329.7;3329.9;78;6
3329.7;3329.9;49;1
3329.9;3331;78;6
3329.9;3330;42;6
3330;3330.2;49;1
3330.2;3330.3;54;6
3330.3;3330.5;57;9
3330.5;3330.6;61;1
3330.6;3330.8;57;9
3330.8;3330.9;54;6
3330.9;3331;49;1
3331;3331;35;11
3331;3331.1;47;11
3331.1;3331.2;50;2
3331.2;3331.4;55;7
3331.4;3333.1;74;2
3331.4;3331.5;59;11
3331.5;3331.7;55;7
3331.7;3331.8;50;2
3331.8;3332;47;11
3332;3333.1;86;2
3332;3332.8;79;7
3332;3332.1;35;11
3332.1;3332.3;47;11
3332.3;3332.4;50;2
3332.4;3332.5;55;7
3332.5;3332.6;59;11
3332.6;3332.8;55;7
3332.8;3333.1;78;6
3332.8;3332.9;50;2
3332.9;3333.1;47;11
3333.1;3336.3;73;1
3333.1;3336.3;77;5
3333.1;3336.3;83;11
3333.1;3336.3;85;1
3333.1;3333.3;37;1
3333.3;3333.5;49;1
3333.5;3333.7;53;5
3333.7;3333.8;56;8
3333.8;3334;61;1
3334;3334.1;56;8
3334.1;3334.3;53;5
3334.3;3334.4;49;1
3334.6;3334.7;59;11
3334.7;3334.9;61;1
3334.9;3335;65;5
3335;3335.2;68;8
3335.2;3335.3;65;5
3335.3;3335.5;61;1
3335.5;3335.7;59;11
3335.8;3336;56;8
3336;3336.1;59;11
3336.1;3336.3;61;1
3336.3;3338.2;68;8
3336.3;3336.4;65;5
3336.4;3336.6;61;1
3336.6;3336.7;59;11
3336.7;3336.8;56;8
3337;3337.1;53;5
3337.1;3337.3;56;8
3337.3;3337.4;59;11
3337.4;3337.6;62;2
3337.6;3337.7;59;11
3337.7;3337.9;56;8
3337.9;3338;53;5
3338.2;3338.2;49;1
3338.2;3338.3;65;5
3338.2;3338.3;53;5
3338.3;3338.3;56;8
3338.3;3338.5;59;11
3338.3;3338.5;59;11
3338.5;3338.6;56;8
3338.5;3338.7;62;2
3338.6;3338.8;53;5
3338.7;3338.9;61;1
3338.8;3338.9;49;1
3338.9;3340.1;61;1
3339.1;3339.2;47;11
3339.2;3339.4;49;1
3339.4;3339.5;53;5
3339.5;3339.7;56;8
3339.7;3339.8;53;5
3339.8;3340;49;1
3340;3340.1;47;11
3340.1;3341.7;61;1
3340.3;3340.4;44;8
3340.4;3340.6;47;11
3340.6;3340.7;49;1
3340.7;3340.9;53;5
3340.9;3341;49;1
3341;3341.2;47;11
3341.2;3341.4;44;8
3341.6;3341.7;41;5
3341.7;3341.9;44;8
3341.9;3342;47;11
3342;3342.2;49;1
3342.2;3342.3;47;11
3342.3;3342.5;44;8
3342.5;3342.6;37;1
3342.6;3344.2;61;1
3342.6;3342.7;42;6
3342.7;3342.9;49;1
3342.9;3342.9;54;6
3342.9;3343;56;8
3343;3343.2;57;9
3343.2;3343.3;54;6
3343.3;3343.5;48;0
3343.5;3343.6;50;2
3343.6;3344.8;57;9
3343.6;3344.5;49;1
3343.6;3344.8;42;6
3344.2;3344.5;61;1
3344.5;3344.8;63;3
3344.5;3344.8;51;3
3344.8;3346.2;64;4
3344.8;3346.2;61;1
3344.8;3345.1;37;1
3345.1;3345.3;49;1
3345.3;3345.5;49;1
3345.5;3345.6;52;4
3345.6;3346.2;57;9
3345.8;3345.9;52;4
3345.9;3346.2;69;9
3345.9;3347.5;49;1
3346.1;3346.2;52;4
3346.2;3346.9;68;8
3346.2;3346.9;56;8
3346.9;3347.5;61;1
3346.9;3347.4;52;4
3347.4;3347.5;51;3
3347.5;3349.3;61;1
3347.5;3347.8;49;1
3347.5;3348.1;45;9
3347.8;3348;51;3
3348;3348.1;52;4
3348.1;3348.3;57;9
3348.3;3348.4;52;4
3348.4;3348.6;48;0
3348.6;3348.7;51;3
3348.7;3349.5;49;1
3348.7;3349.6;45;9
3349.3;3349.5;61;1
3349.5;3349.6;63;3
3349.5;3349.6;51;3
3349.6;3350.5;64;4
3349.6;3349.9;56;8
3349.6;3349.7;40;4
3349.7;3349.9;47;11
3349.9;3350;52;4
3350;3350.2;56;8
3350.2;3350.8;61;1
3350.3;3350.5;56;8
3350.5;3350.8;66;6
3350.5;3350.6;52;4
3350.6;3350.8;56;8
3350.8;3351.4;68;8
3350.8;3351.4;59;11
3350.8;3351.9;52;4
3351.4;3351.9;69;9
3351.4;3351.8;56;8
3351.8;3351.9;54;6
3351.9;3352.6;71;11
3351.9;3353.2;67;7
3351.9;3352.1;40;4
3352.1;3352.3;47;11
3352.3;3352.5;52;4
3352.5;3352.6;54;6
3352.6;3354.1;72;0
3352.6;3352.8;55;7
3352.8;3352.9;52;4
3352.9;3353.1;51;3
3353.1;3353.2;54;6
3353.2;3354.4;64;4
3353.2;3354.4;52;4
3353.2;3354.4;48;0
3354.1;3354.4;71;11
3354.4;3355.6;71;11
3354.4;3355.8;60;0
3354.4;3356.2;66;6
3354.4;3354.6;38;2
3354.6;3354.7;48;0
3354.7;3354.9;49;1
3354.9;3355;50;2
3355;3355.2;52;4
3355.2;3355.3;54;6
3355.3;3355.5;55;7
3355.5;3355.6;56;8
3355.6;3356.2;69;9
3355.6;3356.2;57;9
3355.6;3356.6;50;2
3355.8;3356;61;1
3356;3356.2;62;2
3356.2;3356.2;62;2
3356.2;3356.6;54;6
3356.2;3356.4;63;3
3356.4;3356.6;60;0
3356.6;3358.4;62;2
3356.6;3357.2;58;10
3356.6;3356.7;43;7
3356.7;3356.9;50;2
3356.9;3357;55;7
3357;3357.2;57;9
3357.2;3357.3;58;10
3357.3;3357.5;55;7
3357.5;3357.6;49;1
3357.6;3357.8;51;3
3357.8;3359.1;58;10
3357.8;3358.7;50;2
3357.8;3359.1;43;7
3358.4;3358.7;62;2
3358.7;3359.1;64;4
3358.7;3359.1;52;4
3359.1;3360.6;65;5
3359.1;3360.6;62;2
3359.1;3359.2;38;2
3359.2;3359.4;50;2
3359.4;3359.5;50;2
3359.5;3359.7;53;5
3359.7;3360.3;58;10
3359.8;3360;53;5
3360;3360.3;70;10
3360;3360.9;50;2
3360.1;3360.3;53;5
3360.3;3360.9;69;9
3360.3;3360.6;57;9
3360.6;3360.8;53;5
3360.8;3360.9;52;4
3360.9;3362.5;62;2
3360.9;3361.2;50;2
3360.9;3361.5;46;10
3361.2;3361.3;52;4
3361.3;3361.5;53;5
3361.5;3361.6;58;10
3361.6;3361.8;53;5
3361.8;3361.8;49;1
3361.8;3361.9;52;4
3361.9;3362.8;50;2
3361.9;3363;46;10
3362.5;3362.8;62;2
3362.8;3363;64;4
3362.8;3363;52;4
3363;3363.8;65;5
3363;3363.2;57;9
3363;3363.1;41;5
3363.1;3363.2;48;0
3363.2;3363.4;53;5
3363.4;3363.5;57;9
3363.5;3364.1;62;2
3363.7;3363.8;57;9
3363.8;3364.1;67;7
3363.8;3365.2;53;5
3364;3364.1;57;9
3364.1;3364.7;69;9
3364.1;3364.7;60;0
3364.7;3365.2;70;10
3364.7;3365.1;57;9
3365.1;3365.2;55;7
3365.2;3365.8;68;8
3365.2;3365.8;72;0
3365.2;3365.4;41;5
3365.4;3365.5;48;0
3365.5;3365.7;53;5
3365.7;3365.8;55;7
3365.8;3366.5;65;5
3365.8;3366;56;8
3366;3366.1;53;5
3366.1;3366.3;52;4
3366.3;3366.5;55;7
3366.5;3367.5;73;1
3366.5;3367.9;65;5
3366.5;3367.9;53;5
3366.5;3367.9;49;1
3367.5;3367.9;72;0
3367.9;3369;72;0
3367.9;3369.2;61;1
3367.9;3369.2;67;7
3367.9;3368;39;3
3368;3368.1;49;1
3368.1;3368.3;50;2
3368.3;3368.4;51;3
3368.4;3368.6;53;5
3368.6;3368.7;55;7
3368.7;3368.9;56;8
3368.9;3369;57;9
3369;3369.6;70;10
3369;3369.3;58;10
3369.2;3369.4;62;2
3369.3;3369.6;55;7
3369.4;3369.6;63;3
3369.6;3369.8;63;3
3369.6;3370.2;51;3
3369.8;3370;65;5
3370;3370.2;55;7
3370.2;3371.8;68;8
3370.2;3370.3;56;8
3370.2;3370.3;40;4
3370.3;3370.9;56;8
3370.6;3372.4;61;1
3370.9;3371.2;52;4
3371.2;3371.4;48;0
3371.2;3372.4;40;4
3371.4;3371.6;51;3
3371.6;3371.8;49;1
3371.8;3372.1;66;6
3371.8;3372.4;49;1
3372.1;3372.4;64;4
3372.4;3374.1;63;3
3372.4;3372.7;43;7
3372.7;3373.3;58;10
3373.3;3373.6;70;10
3373.3;3373.6;55;7
3373.6;3374.4;70;10
3373.6;3373.8;50;2
3373.6;3374.4;43;7
3373.8;3374;52;4
3374;3374.1;51;3
3374.1;3374.4;61;1
3374.1;3374.4;51;3
3374.4;3376.2;71;11
3374.4;3374.7;44;8
3374.7;3375.3;59;11
3375;3376.2;63;3
3375.3;3375.6;56;8
3375.6;3375.8;51;3
3375.6;3376.5;44;8
3375.8;3376;54;6
3376;3376.2;52;4
3376.2;3376.5;69;9
3376.2;3376.5;52;4
3376.5;3376.5;68;8
3376.5;3378.4;66;6
3376.5;3376.9;45;9
3376.9;3377.5;61;1
3377.5;3377.8;73;1
3377.5;3377.8;57;9
3377.8;3378.4;73;1
3377.8;3378;53;5
3377.8;3379;45;9
3378;3378.2;56;8
3378.2;3378.4;54;6
3378.4;3379;64;4
3378.4;3379;54;6
3378.7;3379;73;1
3379;3379;61;1
3379;3380.6;76;4
3379;3379.3;42;6
3379.3;3379.9;64;4
3379.9;3380.2;61;1
3380.2;3381.4;64;4
3380.2;3381.4;69;9
3380.2;3380.4;56;8
3380.2;3381.4;54;6
3380.4;3380.6;59;11
3380.6;3381;75;3
3380.6;3380.8;57;9
3380.8;3381.4;57;9
3381;3381.4;73;1
3381.4;3383;72;0
3381.4;3381.7;64;4
3381.4;3381.7;66;6
3381.4;3381.7;45;9
3381.7;3382.3;66;6
3382.3;3382.6;64;4
3382.6;3383.8;64;4
3382.6;3383.8;66;6
3382.6;3382.8;59;11
3382.6;3383.8;57;9
3382.8;3383;62;2
3383;3383.4;71;11
3383;3383.2;60;0
3383.2;3383.8;60;0
3383.4;3383.8;72;0
3383.8;3386.2;63;3
3383.8;3386.2;66;6
3383.8;3385;73;1
3383.8;3386.8;47;11
3383.8;3386.8;54;6
3383.8;3386.8;57;9
3384.1;3384.7;81;9
3384.7;3385;78;6
3385;3385.2;73;1
3385.2;3385.4;76;4
3385.4;3385.6;75;3
3385.6;3385.8;75;3
3385.8;3386;80;8
3386;3386.2;78;6
3386.2;3386.4;78;6
3386.2;3386.8;63;3
3386.4;3386.6;85;1
3386.6;3386.8;83;11
3386.8;3387;83;11
3387;3387.2;88;4
3387.2;3387.4;87;3
3387.4;3387.6;87;3
3387.6;3387.8;92;8
3387.8;3388;90;6
3388;3388.1;90;6
3388;3388.9;47;11
3388.1;3388.2;83;11
3388.2;3388.3;85;1
3388.3;3388.4;87;3
3388.4;3388.5;88;4
3388.5;3388.9;90;6
3388.9;3389.1;92;8
3388.9;3390;52;4
3389.1;3389.3;88;4
3389.3;3389.4;92;8
3389.4;3389.6;88;4
3389.6;3389.7;92;8
3389.7;3389.9;88;4
3389.9;3390;83;11
3390;3390.1;51;3
3390;3390.1;88;4
3390.1;3390.3;52;4
3390.1;3390.3;92;8
3390.3;3390.4;91;7
3390.3;3391.5;55;7
3390.4;3390.6;87;3
3390.6;3390.9;91;7
3390.9;3391.1;87;3
3391.1;3391.2;91;7
3391.2;3391.4;87;3
3391.4;3391.6;82;10
3391.5;3391.7;54;6
3391.6;3391.8;87;3
3391.7;3391.9;55;7
3391.8;3391.9;91;7
3391.9;3392;90;6
3391.9;3392.8;58;10
3392;3392.2;85;1
3392.2;3392.3;90;6
3392.3;3392.5;85;1
3392.5;3392.6;90;6
3392.6;3392.7;85;1
3392.7;3392.8;82;10
3392.8;3392.9;57;9
3392.8;3393;85;1
3392.9;3393.1;58;10
3393;3393.1;90;6
3393.1;3393.3;89;5
3393.1;3394.1;59;11
3393.3;3393.4;86;2
3393.4;3393.6;89;5
3393.6;3393.7;86;2
3393.7;3393.8;89;5
3393.8;3394;86;2
3394;3394.1;80;8
3394.1;3394.2;58;10
3394.1;3394.2;86;2
3394.2;3394.4;59;11
3394.2;3394.4;89;5
3394.4;3394.5;88;4
3394.4;3395.3;60;0
3394.5;3394.7;84;0
3394.7;3394.8;88;4
3394.8;3395;84;0
3395;3395.1;88;4
3395.1;3395.2;84;0
3395.2;3395.3;79;7
3395.3;3395.4;59;11
3395.3;3395.4;84;0
3395.4;3395.6;60;0
3395.4;3395.6;88;4
3395.6;3395.7;87;3
3395.6;3396.5;61;1
3395.7;3395.9;82;10
3395.9;3396;87;3
3396;3396.2;82;10
3396.2;3396.3;87;3
3396.3;3396.4;82;10
3396.4;3396.6;79;7
3396.5;3396.7;60;0
3396.6;3396.7;82;10
3396.7;3396.8;61;1
3396.7;3396.8;87;3
3396.8;3397;86;2
3396.8;3397.6;62;2
3397;3397.1;81;9
3397.1;3397.2;86;2
3397.2;3397.3;81;9
3397.3;3397.5;86;2
3397.5;3397.6;81;9
3397.6;3397.7;78;6
3397.6;3397.8;61;1
3397.7;3397.8;81;9
3397.8;3397.9;62;2
3397.8;3397.9;86;2
3397.9;3398;80;8
3397.9;3397.9;65;5
3397.9;3398;66;6
3398;3398.1;86;2
3398;3398.1;65;5
3398.1;3398.1;66;6
3398.1;3398.3;83;11
3398.2;3398.2;65;5
3398.2;3398.3;66;6
3398.3;3398.4;86;2
3398.3;3398.4;65;5
3398.4;3398.5;66;6
3398.4;3398.6;80;8
3398.5;3398.5;65;5
3398.6;3398.6;66;6
3398.6;3398.7;85;1
3398.6;3398.7;65;5
3398.7;3398.9;83;11
3398.7;3398.8;66;6
3398.8;3398.9;65;5
3398.9;3399;85;1
3398.9;3398.9;85;1
3398.9;3399;85;1
3399;3399.2;85;1
3399;3400.1;66;6
3399;3400.1;70;10
3399;3400.1;73;1
3399.2;3399.3;82;10
3399.3;3399.5;85;1
3399.5;3399.6;82;10
3399.6;3399.7;85;1
3399.7;3399.9;82;10
3399.9;3400;78;6
3400;3400.1;82;10
3400.1;3400.3;65;5
3400.1;3400.3;71;11
3400.1;3400.3;74;2
3400.1;3400.3;86;2
3400.3;3400.4;85;1
3400.3;3401.3;66;6
3400.3;3401.3;70;10
3400.3;3401.3;73;1
3400.4;3400.6;82;10
3400.6;3400.7;85;1
3400.7;3400.9;82;10
3400.9;3401;85;1
3401;3401.1;82;10
3401.1;3401.2;78;6
3401.2;3401.3;82;10
3401.3;3401.5;63;3
3401.3;3401.5;70;10
3401.3;3401.5;75;3
3401.3;3401.5;87;3
3401.5;3401.6;85;1
3401.5;3402.1;66;6
3401.5;3402.1;69;9
3401.5;3402.1;73;1
3401.6;3401.7;82;10
3401.7;3401.8;78;6
3401.8;3401.9;82;10
3401.9;3402.1;85;1
3402.1;3402.2;90;6
3402.1;3402.7;63;3
3402.1;3402.7;69;9
3402.2;3402.4;87;3
3402.2;3402.7;78;6
3402.4;3402.5;82;10
3402.5;3402.7;87;3
3402.7;3402.8;89;5
3402.7;3403.7;65;5
3402.7;3403.7;69;9
3402.7;3403.7;72;0
3402.7;3403.7;77;5
3402.8;3403;84;0
3403;3403.1;81;9
3403.1;3403.3;84;0
3403.3;3403.4;89;5
3403.4;3403.6;84;0
3403.6;3403.7;81;9
3403.7;3403.8;88;4
3403.7;3403.8;67;7
3403.7;3403.8;70;10
3403.7;3403.8;73;1
3403.7;3403.8;76;4
3403.8;3404;87;3
3403.8;3404.9;68;8
3403.8;3404.9;72;0
3403.8;3404.9;75;3
3404;3404.1;84;0
3404.1;3404.3;87;3
3404.3;3404.4;84;0
3404.4;3404.5;87;3
3404.5;3404.7;84;0
3404.7;3404.8;80;8
3404.8;3405;84;0
3404.9;3405.1;67;7
3404.9;3405.1;73;1
3404.9;3405.1;76;4
3405;3405.1;88;4
3405.1;3405.2;87;3
3405.1;3406.1;68;8
3405.1;3406.1;72;0
3405.1;3406.1;75;3
3405.2;3405.4;84;0
3405.4;3405.5;87;3
3405.5;3405.7;84;0
3405.7;3405.8;87;3
3405.8;3405.9;84;0
3405.9;3406;80;8
3406;3406.2;84;0
3406.1;3406.3;65;5
3406.1;3406.3;72;0
3406.1;3406.3;77;5
3406.2;3406.3;89;5
3406.3;3406.4;87;3
3406.3;3406.9;68;8
3406.3;3406.9;72;0
3406.3;3406.9;75;3
3406.4;3406.5;84;0
3406.5;3406.6;80;8
3406.6;3406.8;84;0
3406.8;3406.9;87;3
3406.9;3407;92;8
3406.9;3407.5;65;5
3406.9;3407.5;72;0
3406.9;3407.5;80;8
3407;3407.2;89;5
3407.2;3407.3;84;0
3407.3;3407.5;89;5
3407.5;3407.7;91;7
3407.5;3408.4;67;7
3407.5;3408.4;71;11
3407.5;3408.4;74;2
3407.5;3408.4;79;7
3407.7;3407.8;86;2
3407.8;3408;83;11
3408;3408.1;86;2
3408.1;3408.3;91;7
3408.3;3408.4;86;2
3408.4;3408.6;83;11
3408.6;3408.7;90;6
3408.7;3408.9;82;10
3408.7;3408.9;86;2
3408.7;3408.9;89;5
3408.7;3409.6;34;10
3408.7;3409.6;46;10
3408.9;3409;77;5
3409;3409.2;82;10
3409.2;3409.3;86;2
3409.3;3409.5;89;5
3409.5;3409.6;86;2
3409.6;3409.8;82;10
3409.6;3409.8;48;0
3409.8;3409.9;77;5
3409.8;3409.9;50;2
3409.9;3410;80;8
3409.9;3410;83;11
3409.9;3410;88;4
3409.9;3411;40;4
3409.9;3411;52;4
3410;3410.1;76;4
3410.1;3410.3;80;8
3410.3;3410.4;83;11
3410.4;3410.6;88;4
3410.6;3410.7;83;11
3410.7;3410.9;80;8
3410.9;3411;64;4
3411;3411.2;79;7
3411;3411.2;82;10
3411;3411.2;87;3
3411;3411.9;43;7
3411;3411.9;55;7
3411.2;3411.3;75;3
3411.3;3411.5;79;7
3411.5;3411.6;82;10
3411.6;3411.8;87;3
3411.8;3411.9;82;10
3411.9;3412.1;79;7
3411.9;3412.1;58;10
3412.1;3412.2;75;3
3412.1;3412.2;60;0
3412.2;3412.4;78;6
3412.2;3412.4;81;9
3412.2;3412.4;86;2
3412.2;3413.4;50;2
3412.2;3413.4;62;2
3412.4;3412.5;74;2
3412.5;3412.7;78;6
3412.7;3412.8;81;9
3412.8;3413;86;2
3413;3413.1;81;9
3413.1;3413.3;78;6
3413.3;3413.4;74;2
3413.4;3413.6;77;5
3413.4;3413.6;80;8
3413.4;3413.6;85;1
3413.4;3414.3;53;5
3413.4;3414.3;65;5
3413.6;3413.7;73;1
3413.7;3413.9;77;5
3413.9;3414;80;8
3414;3414.2;85;1
3414.2;3414.3;80;8
3414.3;3414.5;77;5
3414.3;3414.5;68;8
3414.5;3414.6;73;1
3414.5;3414.6;70;10
3414.6;3414.8;76;4
3414.6;3414.8;79;7
3414.6;3414.8;84;0
3414.6;3415;60;0
3414.6;3415;72;0
3414.8;3415;72;0
3415;3415.1;76;4
3415;3415.1;43;7
3415.1;3415.3;79;7
3415.1;3415.3;48;0
3415.3;3415.4;84;0
3415.3;3415.7;52;4
3415.4;3415.7;79;7
3415.7;3415.8;76;4
3415.7;3415.8;48;0
3415.8;3415.9;71;11
3415.8;3415.9;52;4
3415.9;3416.5;70;10
3415.9;3416.2;55;7
3416;3416.5;76;4
3416.1;3416.5;79;7
3416.1;3416.5;84;0
3416.2;3416.4;52;4
3416.4;3416.5;55;7
3416.5;3417.1;70;10
3416.5;3416.8;60;0
3416.6;3417.1;76;4
3416.7;3417.1;79;7
3416.7;3417.1;84;0
3416.8;3417;55;7
3417;3417.1;60;0
3417.1;3417.7;70;10
3417.1;3417.4;64;4
3417.2;3417.7;76;4
3417.2;3417.7;79;7
3417.3;3417.7;84;0
3417.4;3417.5;60;0
3417.5;3417.7;64;4
3417.7;3418.3;70;10
3417.7;3418;67;7
3417.8;3418.3;76;4
3417.8;3418.3;79;7
3417.9;3418.3;84;0
3418;3418.1;64;4
3418.1;3418.3;67;7
3418.3;3418.9;71;11
3418.3;3418.9;75;3
3418.3;3418.9;78;6
3418.3;3418.9;83;11
3418.3;3418.9;59;11
3418.3;3418.9;63;3
3418.3;3418.9;66;6
3418.9;3418.9;71;11
3418.9;3419;83;11
3419;3419.1;71;11
3419.1;3419.2;83;11
3419.2;3419.2;71;11
3419.2;3419.3;83;11
3419.3;3419.4;71;11
3419.4;3419.5;83;11
3419.5;3419.5;71;11
3419.5;3419.6;83;11
3419.6;3419.7;71;11
3419.7;3419.8;83;11
3419.8;3419.8;71;11
3419.8;3419.9;83;11
3419.9;3420;71;11
3420;3420.1;83;11
3420.1;3420.1;71;11
3420.1;3420.2;83;11
3420.2;3420.3;71;11
3420.3;3420.4;83;11
3420.4;3420.4;71;11
3420.4;3420.5;83;11
3420.5;3420.6;71;11
3420.5;3420.7;59;11
3420.6;3420.7;83;11
3420.7;3420.7;71;11
3420.7;3423.2;59;11
3420.7;3420.8;83;11
3420.8;3420.9;71;11
3420.9;3421;83;11
3421;3421;71;11
3421;3421.1;83;11
3421.1;3421.2;71;11
3421.2;3421.3;83;11
3421.3;3421.3;71;11
3421.3;3421.4;83;11
3421.4;3421.5;71;11
3421.5;3421.6;83;11
3421.6;3421.8;71;11
3421.8;3421.9;83;11
3421.9;3422.1;71;11
3422.1;3422.3;83;11
3422.3;3422.4;71;11
3422.4;3422.5;83;11
3422.5;3422.6;71;11
3422.6;3422.6;83;11
3422.6;3422.7;71;11
3422.7;3422.8;83;11
3422.8;3423.1;71;11
3423.1;3423.2;83;11
3423.2;3423.3;71;11
3423.2;3423.8;47;11
3423.3;3423.3;83;11
3423.4;3423.4;71;11
3423.4;3423.5;83;11
3423.5;3423.6;71;11
3423.6;3423.6;83;11
3423.7;3423.7;71;11
3423.7;3423.8;83;11
3423.8;3423.9;71;11
3423.8;3423.9;76;4
3423.8;3423.9;80;8
3423.8;3425.1;52;4
3423.9;3424;83;11
3424;3424;71;11
3424;3424;76;4
3424;3424;80;8
3424.1;3424.1;83;11
3424.1;3424.2;71;11
3424.1;3424.2;76;4
3424.1;3424.2;80;8
3424.2;3424.3;83;11
3424.3;3424.4;71;11
3424.3;3424.4;76;4
3424.3;3424.4;80;8
3424.4;3424.5;83;11
3424.5;3424.7;71;11
3424.5;3424.7;76;4
3424.5;3424.7;80;8
3424.7;3424.8;83;11
3424.8;3425;71;11
3424.8;3425;76;4
3424.8;3425;80;8
3425;3425.1;83;11
3425.1;3425.2;71;11
3425.1;3425.2;76;4
3425.1;3425.2;80;8
3425.1;3425.4;52;4
3425.2;3425.3;83;11
3425.3;3425.3;71;11
3425.3;3425.3;76;4
3425.3;3425.3;80;8
3425.4;3425.4;83;11
3425.4;3425.7;71;11
3425.4;3425.7;76;4
3425.4;3425.7;79;7
3425.4;3426.9;55;7
3425.7;3426.1;83;11
3426.1;3426.2;71;11
3426.1;3426.2;76;4
3426.1;3426.2;79;7
3426.2;3426.3;83;11
3426.3;3426.3;71;11
3426.3;3426.3;76;4
3426.3;3426.3;79;7
3426.4;3426.4;83;11
3426.4;3426.5;71;11
3426.4;3426.5;76;4
3426.4;3426.5;79;7
3426.5;3426.6;83;11
3426.6;3426.7;71;11
3426.6;3426.7;76;4
3426.6;3426.7;79;7
3426.7;3426.8;83;11
3426.8;3426.8;71;11
3426.8;3426.8;76;4
3426.8;3426.8;79;7
3426.9;3426.9;83;11
3426.9;3427;71;11
3426.9;3427;76;4
3426.9;3427;79;7
3426.9;3427.1;54;6
3427;3427.1;83;11
3427.1;3427.2;71;11
3427.1;3427.2;76;4
3427.1;3427.2;79;7
3427.1;3427.3;52;4
3427.2;3427.3;83;11
3427.3;3427.4;72;0
3427.3;3427.4;76;4
3427.3;3427.4;79;7
3427.3;3428.9;60;0
3427.4;3427.5;84;0
3427.5;3427.6;72;0
3427.5;3427.6;76;4
3427.5;3427.6;79;7
3427.6;3427.7;84;0
3427.8;3427.9;72;0
3427.8;3427.9;76;4
3427.8;3427.9;79;7
3427.9;3427.9;84;0
3428;3428;72;0
3428;3428;76;4
3428;3428;79;7
3428;3428.1;84;0
3428.1;3428.2;72;0
3428.1;3428.2;76;4
3428.1;3428.2;79;7
3428.2;3428.3;84;0
3428.3;3428.4;72;0
3428.3;3428.4;76;4
3428.3;3428.4;79;7
3428.5;3428.5;84;0
3428.5;3428.6;72;0
3428.5;3428.6;76;4
3428.5;3428.6;79;7
3428.7;3428.7;84;0
3428.7;3428.8;72;0
3428.7;3428.8;76;4
3428.7;3428.8;79;7
3428.8;3428.9;84;0
3428.9;3429;76;4
3428.9;3429;79;7
3428.9;3429;84;0
3428.9;3429.8;52;4
3429;3429.1;88;4
3429.1;3429.1;76;4
3429.1;3429.1;79;7
3429.1;3429.1;84;0
3429.2;3429.2;88;4
3429.2;3429.3;76;4
3429.2;3429.3;79;7
3429.2;3429.3;84;0
3429.4;3429.6;88;4
3429.6;3429.7;76;4
3429.6;3429.7;79;7
3429.6;3429.7;84;0
3429.7;3429.7;88;4
3429.8;3429.8;76;4
3429.8;3429.8;79;7
3429.8;3429.8;84;0
3429.8;3430.4;50;2
3429.9;3429.9;88;4
3429.9;3430;76;4
3429.9;3430;79;7
3429.9;3430;84;0
3430;3430.2;88;4
3430.2;3430.3;76;4
3430.2;3430.3;79;7
3430.2;3430.3;84;0
3430.3;3430.4;88;4
3430.4;3430.5;76;4
3430.4;3430.5;79;7
3430.4;3430.5;84;0
3430.4;3430.6;48;0
3430.5;3430.6;88;4
3430.6;3430.7;79;7
3430.6;3430.7;83;11
3430.6;3430.7;86;2
3430.6;3431.6;55;7
3430.7;3430.8;91;7
3430.8;3430.9;79;7
3430.8;3430.9;83;11
3430.8;3430.9;86;2
3430.9;3431;91;7
3431;3431;79;7
3431;3431;83;11
3431;3431;86;2
3431.1;3431.1;91;7
3431.1;3431.2;79;7
3431.1;3431.2;83;11
3431.1;3431.2;86;2
3431.2;3431.3;91;7
3431.3;3431.4;79;7
3431.3;3431.4;83;11
3431.3;3431.4;86;2
3431.4;3431.5;91;7
3431.5;3431.5;79;7
3431.5;3431.5;83;11
3431.5;3431.5;86;2
3431.6;3431.6;91;7
3431.6;3431.7;79;7
3431.6;3431.7;83;11
3431.6;3431.7;86;2
3431.6;3432.1;55;7
3431.7;3431.8;91;7
3431.8;3432;79;7
3431.8;3432;83;11
3431.8;3432;86;2
3432.1;3432.1;91;7
3432.1;3432.2;78;6
3432.1;3432.2;84;0
3432.1;3432.2;88;4
3432.1;3433.3;57;9
3432.2;3432.3;90;6
3432.3;3432.4;78;6
3432.3;3432.4;84;0
3432.3;3432.4;88;4
3432.4;3432.5;90;6
3432.5;3432.6;78;6
3432.5;3432.6;84;0
3432.5;3432.6;88;4
3432.6;3432.7;90;6
3432.7;3432.7;78;6
3432.7;3432.7;84;0
3432.7;3432.7;88;4
3432.8;3432.8;90;6
3432.8;3432.9;78;6
3432.8;3432.9;84;0
3432.8;3432.9;88;4
3432.9;3433.1;90;6
3433.1;3433.2;78;6
3433.1;3433.2;84;0
3433.1;3433.2;88;4
3433.2;3433.3;90;6
3433.3;3433.7;78;6
3433.3;3433.7;84;0
3433.3;3433.7;88;4
3433.3;3434;55;7
3433.8;3433.9;90;6
3434;3434.1;78;6
3434;3434.1;84;0
3434;3434.1;88;4
3434;3434.2;57;9
3434.1;3434.2;90;6
3434.2;3434.3;78;6
3434.2;3434.3;83;11
3434.2;3434.3;87;3
3434.2;3435.2;47;11
3434.2;3435.2;59;11
3434.3;3434.4;90;6
3434.4;3434.4;78;6
3434.4;3434.4;83;11
3434.4;3434.4;87;3
3434.5;3434.5;90;6
3434.5;3434.6;78;6
3434.5;3434.6;83;11
3434.5;3434.6;87;3
3434.6;3434.7;90;6
3434.7;3434.8;78;6
3434.7;3434.8;83;11
3434.7;3434.8;87;3
3434.8;3434.9;90;6
3434.9;3434.9;78;6
3434.9;3434.9;83;11
3434.9;3434.9;87;3
3435;3435;90;6
3435;3435.1;78;6
3435;3435.1;83;11
3435;3435.1;87;3
3435.1;3435.2;90;6
3435.2;3435.3;78;6
3435.2;3435.3;83;11
3435.2;3435.3;87;3
3435.2;3435.5;47;11
3435.2;3435.5;59;11
3435.3;3435.4;90;6
3435.4;3435.4;78;6
3435.4;3435.4;83;11
3435.4;3435.4;87;3
3435.5;3435.5;90;6
3435.5;3435.6;78;6
3435.5;3435.6;83;11
3435.5;3435.6;86;2
3435.5;3436.8;50;2
3435.5;3436.8;62;2
3435.6;3435.7;90;6
3435.7;3435.8;78;6
3435.7;3435.8;83;11
3435.7;3435.8;86;2
3435.8;3435.9;90;6
3435.9;3435.9;78;6
3435.9;3435.9;83;11
3435.9;3435.9;86;2
3436;3436;90;6
3436;3436.1;78;6
3436;3436.1;83;11
3436;3436.1;86;2
3436.1;3436.2;90;6
3436.2;3436.3;78;6
3436.2;3436.3;83;11
3436.2;3436.3;86;2
3436.3;3436.4;90;6
3436.4;3436.5;78;6
3436.4;3436.5;83;11
3436.4;3436.5;86;2
3436.5;3436.5;90;6
3436.8;3437.1;78;6
3436.8;3437.1;83;11
3436.8;3437.1;86;2
3436.8;3437.3;49;1
3436.8;3437.3;61;1
3437.2;3437.2;90;6
3437.3;3437.5;78;6
3437.3;3437.5;83;11
3437.3;3437.5;86;2
3437.3;3437.6;47;11
3437.3;3437.6;59;11
3437.5;3437.6;90;6
3437.6;3437.7;79;7
3437.6;3437.7;83;11
3437.6;3437.7;88;4
3437.6;3438.3;55;7
3437.6;3438.3;67;7
3437.7;3437.8;91;7
3437.8;3437.8;79;7
3437.8;3437.8;83;11
3437.8;3437.8;88;4
3437.9;3437.9;91;7
3437.9;3438;79;7
3437.9;3438;83;11
3437.9;3438;88;4
3438;3438.1;91;7
3438.1;3438.2;79;7
3438.1;3438.2;83;11
3438.1;3438.2;88;4
3438.2;3438.3;91;7
3438.3;3438.3;79;7
3438.3;3438.3;83;11
3438.3;3438.3;88;4
3438.3;3439.2;40;4
3438.3;3439.2;52;4
3438.4;3438.4;91;7
3438.4;3438.5;79;7
3438.4;3438.5;83;11
3438.4;3438.5;88;4
3438.5;3438.6;91;7
3438.6;3438.7;79;7
3438.6;3438.7;83;11
3438.6;3438.7;88;4
3438.8;3438.9;91;7
3438.9;3439.1;79;7
3438.9;3439.1;83;11
3438.9;3439.1;88;4
3439.1;3439.1;91;7
3439.2;3439.2;79;7
3439.2;3439.2;84;0
3439.2;3439.2;88;4
3439.2;3440.8;45;9
3439.2;3440.8;57;9
3439.3;3439.3;91;7
3439.3;3439.4;79;7
3439.3;3439.4;84;0
3439.3;3439.4;88;4
3439.4;3439.8;91;7
3439.8;3440.3;79;7
3439.8;3440.3;84;0
3439.8;3440.3;88;4
3440.3;3440.3;91;7
3440.4;3440.4;79;7
3440.4;3440.4;84;0
3440.4;3440.4;88;4
3440.5;3440.8;91;7
3440.8;3441.2;78;6
3440.8;3441.2;86;2
3440.8;3441.2;90;6
3440.8;3441.3;47;11
3440.8;3441.3;59;11
3441.2;3441.6;76;4
3441.2;3441.6;84;0
3441.2;3441.6;88;4
3441.3;3441.6;48;0
3441.3;3441.6;60;0
3441.6;3441.7;74;2
3441.6;3441.7;83;11
3441.6;3445.9;50;2
3441.6;3444.7;62;2
3441.7;3441.7;86;2
3441.7;3441.9;74;2
3441.7;3441.9;83;11
3441.9;3442;86;2
3442;3442;74;2
3442;3442;79;7
3442;3442.1;83;11
3442.1;3442.2;74;2
3442.1;3442.2;79;7
3442.2;3442.3;83;11
3442.3;3442.4;71;11
3442.3;3442.4;74;2
3442.4;3442.5;79;7
3442.5;3442.6;71;11
3442.5;3442.6;74;2
3442.6;3442.7;79;7
3442.7;3442.9;67;7
3442.7;3442.9;71;11
3442.9;3443.1;74;2
3443.1;3443.3;67;7
3443.1;3443.3;71;11
3443.3;3444;74;2
3444;3444.7;67;7
3444.7;3445.9;59;11
3445.9;3446.8;69;9
3446.8;3451.3;71;11
3446.8;3446.8;63;3
3446.8;3451.3;57;9
3446.8;3451.3;47;11
3446.8;3451.3;54;6
3446.9;3446.9;59;11
3446.9;3447;63;3
3447;3447.1;59;11
3447.1;3447.2;63;3
3447.2;3447.2;59;11
3447.3;3447.3;63;3
3447.4;3447.4;59;11
3447.4;3447.5;63;3
3447.5;3447.6;59;11
3447.7;3447.7;63;3
3447.7;3447.8;59;11
3447.9;3448.4;63;3
3448.5;3450;59;11
3450.4;3450.5;63;3
3450.5;3450.6;59;11
3450.6;3451.3;63;3
3451.6;3452.9;63;3
3452.9;3454.6;64;4
3452.9;3454.6;68;8
3452.9;3454.6;71;11
3452.9;3454.6;76;4
3452.9;3453;28;4
3453;3453.1;40;4
3453.1;3453.2;28;4
3453.2;3453.2;40;4
3453.3;3453.3;28;4
3453.4;3453.4;40;4
3453.4;3453.5;28;4
3453.5;3453.6;40;4
3453.6;3453.7;28;4
3453.7;3453.8;40;4
3453.8;3453.9;28;4
3453.9;3454;40;4
3454;3454;28;4
3454.1;3454.1;40;4
3454.1;3454.2;28;4
3454.2;3454.3;40;4
3454.3;3454.4;28;4
3454.4;3454.5;40;4
3454.5;3454.5;28;4
3454.6;3454.6;40;4
3454.6;3455;63;3
3454.6;3455;75;3
3454.6;3454.7;28;4
3454.7;3454.8;40;4
3454.8;3454.9;28;4
3454.9;3455;40;4
3455;3456.5;61;1
3455;3456.5;73;1
3455;3455.1;28;4
3455.3;3455.7;40;4
3455.7;3455.9;28;4
3456;3456.3;40;4
3456.3;3456.4;28;4
3456.4;3456.5;40;4
3456.5;3458.6;59;11
3456.5;3458.6;71;11
3456.5;3456.6;28;4
3456.6;3457.8;40;4
3458.6;3461.4;69;9
3458.6;3461.4;71;11
3458.6;3461.4;76;4
3458.6;3461.4;81;9
3458.6;3458.7;28;4
3458.7;3458.7;40;4
3458.8;3458.8;28;4
3458.9;3458.9;40;4
3458.9;3459;28;4
3459;3459.1;40;4
3459.1;3459.2;28;4
3459.2;3459.2;40;4
3459.3;3459.3;28;4
3459.4;3459.4;40;4
3459.5;3459.5;28;4
3459.6;3459.6;40;4
3459.6;3459.7;28;4
3459.7;3459.8;40;4
3459.8;3459.9;28;4
3459.9;3460;40;4
3460;3460.1;28;4
3460.2;3460.5;40;4
3460.6;3460.8;28;4
3460.8;3460.8;40;4
3460.9;3461;28;4
3461;3461.1;40;4
3461.2;3461.3;28;4
3461.3;3461.4;40;4
3461.4;3462.7;68;8
3461.4;3462.7;80;8
3461.4;3461.5;28;4
3461.5;3461.6;40;4
3461.6;3461.7;28;4
3461.7;3461.7;40;4
3461.8;3461.8;28;4
3461.8;3461.9;40;4
3461.9;3462;28;4
3462;3462.6;40;4
3462.7;3462.9;66;6
3462.7;3462.9;73;1
3462.7;3462.9;78;6
3462.7;3464.9;33;9
3462.7;3464.9;45;9
3462.9;3463.7;61;1
3463.7;3464.5;57;9
3464.5;3464.6;53;5
3464.6;3464.8;56;8
3464.8;3464.9;54;6
3464.9;3465.1;54;6
3465.1;3465.2;49;1
3465.2;3465.3;42;6
3465.3;3466.3;45;9
3465.4;3465.8;66;6
3465.8;3465.9;61;1
3465.9;3466.1;56;8
3466.1;3466.2;59;11
3466.2;3466.3;57;9
3466.3;3466.5;57;9
3466.5;3466.6;54;6
3466.6;3467.3;45;9
3467.3;3469.2;49;1
3467.7;3468.4;69;9
3468.4;3468.5;66;6
3468.5;3468.7;60;0
3468.7;3468.9;63;3
3468.9;3469.2;61;1
3469.2;3469.3;61;1
3469.3;3469.4;57;9
3469.4;3469.5;49;1
3469.5;3470.5;54;6
3469.7;3470;73;1
3470;3470.2;69;9
3470.2;3470.3;65;5
3470.3;3470.4;68;8
3470.4;3470.5;66;6
3470.5;3472.5;57;9
3470.5;3472.5;61;1
3470.5;3472.5;66;6
3472.5;3475.8;66;6
3472.5;3475.8;73;1
3472.5;3475.8;78;6
3472.5;3472.7;33;9
3472.5;3472.7;42;6
3472.8;3472.8;45;9
3472.9;3472.9;33;9
3472.9;3472.9;42;6
3473;3473;45;9
3473;3473.1;33;9
3473;3473.1;42;6
3473.1;3473.2;45;9
3473.2;3473.3;33;9
3473.2;3473.3;42;6
3473.3;3473.8;45;9
3473.8;3473.9;33;9
3473.8;3473.9;42;6
3473.9;3474;45;9
3474;3474.1;33;9
3474;3474.1;42;6
3474.1;3474.1;45;9
3474.2;3474.2;33;9
3474.2;3474.2;42;6
3474.2;3474.3;45;9
3474.3;3474.4;33;9
3474.3;3474.4;42;6
3474.4;3474.5;45;9
3474.5;3474.6;33;9
3474.5;3474.6;42;6
3474.6;3475.3;45;9
3475.7;3475.7;33;9
3475.7;3475.7;42;6
3475.7;3475.8;45;9
3475.8;3476.2;64;4
3475.8;3476.2;76;4
3475.8;3475.9;33;9
3475.8;3475.9;42;6
3475.9;3476;45;9
3476;3476.1;33;9
3476;3476.1;42;6
3476.1;3476.1;45;9
3476.2;3476.9;63;3
3476.2;3476.9;75;3
3476.2;3476.2;33;9
3476.2;3476.2;42;6
3476.2;3476.3;45;9
3476.3;3476.4;33;9
3476.3;3476.4;42;6
3476.4;3476.5;45;9
3476.6;3476.8;33;9
3476.6;3476.8;42;6
3476.8;3476.8;45;9
3476.9;3477;61;1
3476.9;3477;73;1
3476.9;3476.9;33;9
3476.9;3476.9;42;6
3476.9;3477;45;9
3477;3480.9;75;3
3477;3480.9;78;6
3477;3480.9;87;3
3477;3477.1;33;9
3477;3477.1;42;6
3477.1;3477.2;45;9
3477.2;3477.3;33;9
3477.2;3477.3;42;6
3477.3;3477.4;45;9
3477.4;3477.4;33;9
3477.4;3477.4;42;6
3477.5;3477.5;45;9
3477.5;3477.6;33;9
3477.5;3477.6;42;6
3477.6;3477.7;45;9
3477.7;3477.8;33;9
3477.7;3477.8;42;6
3477.8;3477.9;45;9
3477.9;3478.3;33;9
3477.9;3478.3;42;6
3478.8;3479.1;45;9
3479.1;3479.2;33;9
3479.1;3479.2;42;6
3479.2;3479.3;45;9
3479.3;3479.3;33;9
3479.3;3479.3;42;6
3479.4;3479.4;45;9
3479.4;3479.5;33;9
3479.4;3479.5;42;6
3479.5;3479.6;45;9
3479.7;3480;33;9
3479.7;3480;42;6
3480.1;3480.5;45;9
3480.5;3480.6;33;9
3480.5;3480.6;42;6
3480.6;3480.7;45;9
3480.7;3480.8;33;9
3480.7;3480.8;42;6
3480.8;3480.8;45;9
3480.9;3481.5;73;1
3480.9;3481.5;85;1
3480.9;3480.9;33;9
3480.9;3480.9;42;6
3481;3481;45;9
3481;3481.1;33;9
3481;3481.1;42;6
3481.1;3481.2;45;9
3481.2;3481.3;33;9
3481.2;3481.3;42;6
3481.3;3481.3;45;9
3481.4;3481.4;33;9
3481.4;3481.4;42;6
3481.5;3481.5;45;9
3481.5;3481.7;72;0
3481.5;3481.7;80;8
3481.5;3481.7;84;0
3481.5;3482.6;32;8
3481.5;3482.6;44;8
3481.7;3482;63;3
3482;3482.2;60;0
3482.2;3482.4;55;7
3482.4;3482.5;57;9
3482.5;3482.6;56;8
3482.6;3482.7;56;8
3482.7;3482.8;51;3
3482.8;3482.9;44;8
3482.9;3485.2;48;0
3483.1;3483.6;68;8
3483.6;3484.9;63;3
3484.9;3485;59;11
3485;3485.1;61;1
3485.1;3485.2;60;0
3485.2;3485.3;60;0
3485.3;3485.4;56;8
3485.4;3485.6;48;0
3485.6;3486.6;51;3
3485.7;3486.1;72;0
3486.1;3486.2;68;8
3486.2;3486.4;62;2
3486.4;3486.5;64;4
3486.5;3486.6;63;3
3486.6;3486.7;63;3
3486.7;3488.6;60;0
3488.6;3488.7;51;3
3488.7;3490.7;56;8
3488.9;3490.2;75;3
3490.2;3490.3;72;0
3490.3;3490.5;67;7
3490.5;3490.6;69;9
3490.6;3490.7;68;8
3490.7;3491;60;0
3490.7;3491;63;3
3490.7;3491;68;8
3491;3494.2;76;4
3491;3493.8;71;11
3491;3493.8;56;8
3492.7;3493;68;8
3493;3493.2;59;11
3493.2;3493.4;58;10
3493.4;3493.6;61;1
3493.6;3493.8;59;11
3493.8;3495.2;69;9
3493.8;3495.2;54;6
3494;3494.3;66;6
3494.2;3494.5;75;3
3494.3;3494.5;59;11
3494.5;3495;73;1
3494.5;3494.7;58;10
3494.7;3495;61;1
3495;3495.2;59;11
3495;3495.2;71;11
3495.2;3497.3;81;9
3495.2;3497;71;11
3495.2;3497;74;2
3495.2;3495.3;52;4
3495.3;3496.1;69;9
3496.1;3496.3;66;6
3496.3;3496.5;61;1
3496.5;3496.8;64;4
3496.8;3497;62;2
3497;3498.5;71;11
3497;3497.2;50;2
3497.2;3497.5;68;8
3497.3;3497.7;80;8
3497.5;3497.7;65;5
3497.7;3498.3;78;6
3497.7;3498;58;10
3498;3498.2;61;1
3498.2;3498.5;59;11
3498.3;3498.5;77;5
3498.5;3500.3;74;2
3498.5;3500;80;8
3498.5;3500.3;86;2
3498.5;3498.7;49;1
3498.7;3499;65;5
3499;3499.3;59;11
3499.3;3499.5;55;7
3499.5;3499.8;57;9
3499.8;3500;56;8
3500;3500.8;79;7
3500;3500.1;46;10
3500.1;3500.5;64;4
3500.3;3500.8;73;1
3500.3;3500.8;85;1
3500.5;3500.8;55;7
3500.8;3502.5;76;4
3500.8;3502.3;71;11
3500.8;3502.3;83;11
3500.8;3500.9;43;7
3500.9;3502.3;61;1
3502.3;3502.5;70;10
3502.3;3502.5;82;10
3502.3;3502.5;52;4
3502.5;3505;79;7
3502.5;3505;82;10
3502.5;3505;85;1
3502.5;3505;91;7
3502.5;3502.7;52;4
3502.7;3504;61;1
3502.7;3504;67;7
3504;3504.3;58;10
3504.3;3504.9;51;3
3504.9;3505.2;63;3
3504.9;3505.2;67;7
3505;3505.7;78;6
3505;3507.5;82;10
3505;3505.7;90;6
3505.2;3505.4;58;10
3505.4;3505.5;49;1
3505.5;3505.9;64;4
3505.5;3505.9;67;7
3505.7;3506.1;76;4
3505.7;3506.1;88;4
3505.9;3506.1;58;10
3506.1;3507.2;75;3
3506.1;3507.2;87;3
3506.1;3506.7;48;0
3506.7;3507.2;58;10
3506.7;3507.2;64;4
3507.2;3507.5;76;4
3507.2;3507.5;88;4
3507.2;3507.5;55;7
3507.5;3509.8;76;4
3507.5;3509.8;80;8
3507.5;3509.8;88;4
3507.5;3508.4;35;11
3507.5;3508.4;47;11
3508.4;3508.5;56;8
3508.4;3508.5;59;11
3508.5;3508.6;64;4
3508.6;3508.7;56;8
3508.6;3508.7;59;11
3508.7;3508.8;64;4
3508.8;3508.8;56;8
3508.8;3508.8;59;11
3508.8;3508.9;64;4
3508.9;3509;56;8
3508.9;3509;59;11
3509;3509.1;64;4
3509.1;3509.2;56;8
3509.1;3509.2;59;11
3509.2;3509.2;64;4
3509.3;3509.3;56;8
3509.3;3509.3;59;11
3509.3;3509.4;64;4
3509.4;3509.5;56;8
3509.4;3509.5;59;11
3509.5;3509.6;64;4
3509.6;3509.7;56;8
3509.6;3509.7;59;11
3509.7;3509.8;64;4
3509.8;3510.5;75;3
3509.8;3510.5;87;3
3509.8;3509.8;56;8
3509.8;3509.8;59;11
3509.9;3509.9;64;4
3510;3510.2;56;8
3510;3510.2;59;11
3510.2;3510.4;64;4
3510.5;3511;73;1
3510.5;3511;85;1
3510.5;3510.5;56;8
3510.5;3510.5;59;11
3510.6;3510.6;64;4
3510.6;3510.7;56;8
3510.6;3510.7;59;11
3510.7;3510.8;64;4
3510.8;3510.9;56;8
3510.8;3510.9;59;11
3510.9;3511;64;4
3511;3512.1;71;11
3511;3512.1;83;11
3511;3511.1;56;8
3511;3511.1;59;11
3511.2;3511.8;64;4
3512.1;3515.7;81;9
3512.1;3515.7;93;9
3512.1;3512.2;59;11
3512.1;3512.2;61;1
3512.1;3512.2;64;4
3512.2;3512.2;69;9
3512.3;3512.3;59;11
3512.3;3512.3;61;1
3512.3;3512.3;64;4
3512.4;3512.4;69;9
3512.4;3512.5;59;11
3512.4;3512.5;61;1
3512.4;3512.5;64;4
3512.5;3512.6;69;9
3512.6;3512.7;59;11
3512.6;3512.7;61;1
3512.6;3512.7;64;4
3512.7;3512.7;69;9
3512.8;3512.9;59;11
3512.8;3512.9;61;1
3512.8;3512.9;64;4
3512.9;3513;69;9
3513;3513.1;59;11
3513;3513.1;61;1
3513;3513.1;64;4
3513.1;3513.2;69;9
3513.2;3513.3;59;11
3513.2;3513.3;61;1
3513.2;3513.3;64;4
3513.3;3513.4;69;9
3513.5;3513.8;59;11
3513.5;3513.8;61;1
3513.5;3513.8;64;4
3513.8;3514.1;69;9
3514.2;3515;59;11
3514.2;3515;62;2
3514.2;3515;65;5
3515;3515.1;69;9
3515.2;3515.2;59;11
3515.2;3515.2;62;2
3515.2;3515.2;65;5
3515.2;3515.3;69;9
3515.3;3515.4;59;11
3515.3;3515.4;62;2
3515.3;3515.4;65;5
3515.4;3515.5;69;9
3515.5;3515.6;59;11
3515.5;3515.6;62;2
3515.5;3515.6;65;5
3515.6;3515.6;69;9
3515.7;3516.9;80;8
3515.7;3516.9;92;8
3515.7;3515.7;59;11
3515.7;3515.7;62;2
3515.7;3515.7;65;5
3515.7;3516.1;68;8
3516.1;3516.2;59;11
3516.1;3516.2;62;2
3516.1;3516.2;65;5
3516.2;3516.3;68;8
3516.3;3516.4;59;11
3516.3;3516.4;62;2
3516.3;3516.4;65;5
3516.5;3516.7;68;8
3516.7;3516.7;59;11
3516.7;3516.7;62;2
3516.7;3516.7;65;5
3516.8;3516.9;68;8
3516.9;3520.2;78;6
3516.9;3520.2;85;1
3516.9;3520.2;90;6
3516.9;3517.5;33;9
3516.9;3517.5;45;9
3517.5;3517.6;57;9
3517.5;3517.6;61;1
3517.6;3517.7;66;6
3517.7;3517.8;57;9
3517.7;3517.8;61;1
3517.8;3517.9;66;6
3517.9;3517.9;57;9
3517.9;3517.9;61;1
3518;3518;66;6
3518;3518.2;57;9
3518;3518.2;61;1
3518.3;3518.3;66;6
3518.3;3518.4;57;9
3518.3;3518.4;61;1
3518.4;3518.5;66;6
3518.5;3518.8;57;9
3518.5;3518.8;61;1
3518.8;3519.3;66;6
3519.6;3520;57;9
3519.6;3520;61;1
3520;3520;66;6
3520.1;3520.1;57;9
3520.1;3520.1;61;1
3520.2;3520.2;66;6
3520.2;3520.6;76;4
3520.2;3520.6;88;4
3520.2;3520.3;57;9
3520.2;3520.3;61;1
3520.3;3520.4;66;6
3520.4;3520.5;57;9
3520.4;3520.5;61;1
3520.5;3520.5;66;6
3520.6;3521.1;75;3
3520.6;3521.1;87;3
3520.6;3520.6;57;9
3520.6;3520.6;61;1
3520.7;3520.7;66;6
3520.7;3520.8;57;9
3520.7;3520.8;61;1
3520.8;3520.9;66;6
3520.9;3521;57;9
3520.9;3521;61;1
3521;3521.1;66;6
3521.1;3521.3;73;1
3521.1;3521.3;85;1
3521.1;3521.2;57;9
3521.1;3521.2;61;1
3521.3;3521.3;66;6
3521.3;3526.5;87;3
3521.3;3526.5;99;3
3521.3;3521.4;58;10
3521.3;3521.4;64;4
3521.4;3521.5;66;6
3521.5;3521.6;58;10
3521.5;3521.6;64;4
3521.6;3521.6;66;6
3521.7;3521.7;58;10
3521.7;3521.7;64;4
3521.8;3521.9;66;6
3521.9;3521.9;58;10
3521.9;3521.9;64;4
3522;3522.6;66;6
3522.7;3523.1;58;10
3522.7;3523.1;64;4
3523.1;3523.2;66;6
3523.2;3523.3;58;10
3523.2;3523.3;64;4
3523.3;3523.4;66;6
3523.4;3523.5;58;10
3523.4;3523.5;64;4
3523.5;3523.9;66;6
3523.9;3524;58;10
3523.9;3524;64;4
3524;3524.1;66;6
3524.1;3524.2;58;10
3524.1;3524.2;64;4
3524.2;3524.3;67;7
3524.4;3524.4;58;10
3524.4;3524.4;64;4
3524.4;3524.5;67;7
3524.5;3524.6;58;10
3524.5;3524.6;64;4
3524.6;3524.7;67;7
3524.7;3526.3;58;10
3524.7;3526.3;64;4
3526.4;3526.5;67;7
3526.5;3526.7;73;1
3526.5;3526.7;85;1
3526.5;3526.5;58;10
3526.5;3526.5;64;4
3526.6;3526.6;67;7
3526.6;3526.7;58;10
3526.6;3526.7;64;4
3526.7;3526.9;75;3
3526.7;3526.9;87;3
3526.7;3526.8;67;7
3526.8;3526.9;58;10
3526.8;3526.9;64;4
3526.9;3527;67;7
3526.9;3527.1;76;4
3526.9;3527.1;88;4
3527;3527;58;10
3527;3527;64;4
3527.1;3527.1;67;7
3527.1;3528;76;4
3527.1;3528;80;8
3527.1;3528;88;4
3527.1;3527.6;35;11
3527.1;3527.6;47;11
3527.6;3527.7;47;11
3527.6;3527.7;52;4
3527.6;3527.7;56;8
3527.7;3527.8;59;11
3527.8;3527.9;47;11
3527.8;3527.9;52;4
3527.8;3527.9;56;8
3527.9;3528;59;11
3528;3528.7;85;1
3528;3528.7;97;1
3528;3528.1;47;11
3528;3528.1;52;4
3528;3528.1;56;8
3528.1;3528.1;59;11
3528.2;3528.2;47;11
3528.2;3528.2;52;4
3528.2;3528.2;56;8
3528.2;3528.3;59;11
3528.3;3528.4;47;11
3528.3;3528.4;52;4
3528.3;3528.4;56;8
3528.4;3528.5;59;11
3528.5;3528.6;47;11
3528.5;3528.6;52;4
3528.5;3528.6;56;8
3528.6;3528.7;59;11
3528.7;3529.5;83;11
3528.7;3529.5;95;11
3528.7;3528.8;47;11
3528.7;3528.8;52;4
3528.7;3528.8;56;8
3528.8;3528.9;59;11
3528.9;3529;47;11
3528.9;3529;52;4
3528.9;3529;56;8
3529;3529.1;59;11
3529.1;3529.2;47;11
3529.1;3529.2;52;4
3529.1;3529.2;56;8
3529.2;3529.3;59;11
3529.3;3529.3;47;11
3529.3;3529.3;52;4
3529.3;3529.3;56;8
3529.4;3529.4;59;11
3529.5;3530.1;80;8
3529.5;3530.1;92;8
3529.5;3529.6;47;11
3529.5;3529.6;52;4
3529.5;3529.6;56;8
3529.6;3529.7;59;11
3529.7;3529.8;47;11
3529.7;3529.8;52;4
3529.7;3529.8;56;8
3529.8;3529.8;59;11
3529.9;3529.9;47;11
3529.9;3529.9;52;4
3529.9;3529.9;56;8
3530;3530;59;11
3530.1;3531.5;76;4
3530.1;3531.5;88;4
3530.1;3530.9;47;11
3530.1;3530.9;52;4
3530.1;3530.9;56;8
3531.1;3531.5;59;11
3531.5;3535.8;83;11
3531.5;3532.5;71;11
3531.5;3531.6;47;11
3531.5;3531.6;52;4
3531.5;3531.6;56;8
3531.6;3531.6;59;11
3531.7;3531.8;47;11
3531.7;3531.8;52;4
3531.7;3531.8;56;8
3531.8;3532.1;59;11
3532.1;3532.2;47;11
3532.1;3532.2;52;4
3532.1;3532.2;56;8
3532.2;3532.3;59;11
3532.3;3532.4;47;11
3532.3;3532.4;52;4
3532.3;3532.4;56;8
3532.4;3532.5;59;11
3532.5;3533.5;81;9
3532.5;3532.5;47;11
3532.5;3532.5;52;4
3532.5;3532.5;56;8
3532.6;3532.6;59;11
3532.7;3532.9;47;11
3532.7;3532.9;52;4
3532.7;3532.9;56;8
3532.9;3533;59;11
3533;3533.2;47;11
3533;3533.2;52;4
3533;3533.2;56;8
3533.2;3533.3;59;11
3533.3;3533.4;47;11
3533.3;3533.4;52;4
3533.3;3533.4;56;8
3533.4;3533.5;59;11
3533.5;3535.1;80;8
3533.5;3533.5;47;11
3533.5;3533.5;52;4
3533.5;3533.5;56;8
3533.6;3534.2;59;11
3534.6;3534.7;47;11
3534.6;3534.7;52;4
3534.6;3534.7;56;8
3534.7;3534.8;59;11
3534.8;3534.9;47;11
3534.8;3534.9;52;4
3534.8;3534.9;56;8
3534.9;3535;59;11
3535;3535;47;11
3535;3535;52;4
3535;3535;56;8
3535.1;3535.1;59;11
3535.1;3535.7;76;4
3535.1;3535.2;47;11
3535.1;3535.2;52;4
3535.1;3535.2;56;8
3535.2;3535.3;59;11
3535.3;3535.4;47;11
3535.3;3535.4;52;4
3535.3;3535.4;56;8
3535.4;3535.5;59;11
3535.5;3535.6;47;11
3535.5;3535.6;52;4
3535.5;3535.6;56;8
3535.6;3535.6;59;11
3535.7;3535.8;71;11
3535.7;3535.7;47;11
3535.7;3535.7;52;4
3535.7;3535.7;56;8
3535.8;3535.8;59;11
3535.8;3536.6;68;8
3535.8;3536;47;11
3535.8;3536;52;4
3535.8;3536;56;8
3536;3536.1;59;11
3536.1;3536.2;47;11
3536.1;3536.2;52;4
3536.1;3536.2;56;8
3536.2;3536.2;59;11
3536.3;3536.3;47;11
3536.3;3536.3;52;4
3536.3;3536.3;56;8
3536.4;3536.4;59;11
3536.4;3536.5;47;11
3536.4;3536.5;52;4
3536.4;3536.5;56;8
3536.5;3536.6;59;11
3536.6;3538.8;78;6
3536.6;3538.8;90;6
3536.6;3536.7;47;11
3536.6;3536.7;52;4
3536.6;3536.7;56;8
3537.2;3537.5;59;11
3537.6;3537.7;47;11
3537.6;3537.7;52;4
3537.6;3537.7;56;8
3537.8;3537.8;59;11
3537.9;3537.9;47;11
3537.9;3537.9;52;4
3537.9;3537.9;56;8
3538;3538.6;59;11
3538.6;3538.7;47;11
3538.6;3538.7;52;4
3538.6;3538.7;56;8
3538.7;3538.7;59;11
3538.8;3539.4;76;4
3538.8;3539.4;88;4
3538.8;3538.8;47;11
3538.8;3538.8;52;4
3538.8;3538.8;56;8
3538.9;3538.9;59;11
3538.9;3539;47;11
3538.9;3539;52;4
3538.9;3539;56;8
3539;3539.1;59;11
3539.1;3539.2;47;11
3539.1;3539.2;52;4
3539.1;3539.2;56;8
3539.2;3539.2;59;11
3539.3;3539.3;47;11
3539.3;3539.3;52;4
3539.3;3539.3;56;8
3539.4;3539.4;59;11
3539.4;3539.9;71;11
3539.4;3539.9;83;11
3539.4;3539.5;47;11
3539.4;3539.5;52;4
3539.4;3539.5;56;8
3539.5;3539.6;59;11
3539.6;3539.7;47;11
3539.6;3539.7;52;4
3539.6;3539.7;56;8
3539.7;3539.7;59;11
3539.8;3539.8;47;11
3539.8;3539.8;52;4
3539.8;3539.8;56;8
3539.9;3539.9;59;11
3539.9;3540.1;68;8
3539.9;3540.1;80;8
3539.9;3540;47;11
3539.9;3540;52;4
3539.9;3540;56;8
3540;3540.1;59;11
3540.1;3544.6;76;4
3540.1;3540.8;64;4
3540.1;3540.2;47;11
3540.1;3540.2;52;4
3540.1;3540.2;56;8
3540.2;3540.2;59;11
3540.3;3540.3;47;11
3540.3;3540.3;52;4
3540.3;3540.3;56;8
3540.4;3540.5;59;11
3540.5;3540.5;47;11
3540.5;3540.5;52;4
3540.5;3540.5;56;8
3540.6;3540.6;59;11
3540.6;3540.7;47;11
3540.6;3540.7;52;4
3540.6;3540.7;56;8
3540.7;3540.8;59;11
3540.8;3542.3;73;1
3540.8;3540.9;47;11
3540.8;3540.9;52;4
3540.8;3540.9;56;8
3540.9;3541;59;11
3541;3541;47;11
3541;3541;52;4
3541;3541;56;8
3541.1;3541.1;59;11
3541.1;3541.2;47;11
3541.1;3541.2;52;4
3541.1;3541.2;56;8
3541.3;3541.3;59;11
3541.3;3541.4;47;11
3541.3;3541.4;52;4
3541.3;3541.4;56;8
3541.4;3541.8;59;11
3542.3;3543.6;71;11
3542.3;3542.8;47;11
3542.3;3542.8;52;4
3542.3;3542.8;56;8
3543.1;3543.1;59;11
3543.1;3543.2;47;11
3543.1;3543.2;52;4
3543.1;3543.2;56;8
3543.2;3543.3;59;11
3543.3;3543.4;47;11
3543.3;3543.4;52;4
3543.3;3543.4;56;8
3543.4;3543.5;59;11
3543.5;3543.5;47;11
3543.5;3543.5;52;4
3543.5;3543.5;56;8
3543.6;3543.6;59;11
3543.6;3544.4;68;8
3543.6;3543.7;47;11
3543.6;3543.7;52;4
3543.6;3543.7;56;8
3543.7;3543.8;59;11
3543.9;3543.9;47;11
3543.9;3543.9;52;4
3543.9;3543.9;56;8
3544;3544.1;59;11
3544.3;3544.3;47;11
3544.3;3544.3;52;4
3544.3;3544.3;56;8
3544.4;3544.4;59;11
3544.4;3544.6;64;4
3544.4;3544.5;47;11
3544.4;3544.5;52;4
3544.4;3544.5;56;8
3544.5;3544.6;59;11
3544.6;3546.7;64;4
3544.6;3544.7;47;11
3544.6;3544.7;54;6
3544.7;3544.8;57;9
3544.8;3544.8;47;11
3544.8;3544.8;54;6
3544.9;3544.9;57;9
3544.9;3545;47;11
3544.9;3545;54;6
3545;3545.1;57;9
3545.1;3545.2;47;11
3545.1;3545.2;54;6
3545.2;3545.3;57;9
3545.3;3546.7;73;1
3545.3;3545.4;47;11
3545.3;3545.4;54;6
3545.4;3545.4;57;9
3545.5;3545.5;47;11
3545.5;3545.5;54;6
3545.5;3545.6;57;9
3545.7;3545.7;47;11
3545.7;3545.7;54;6
3545.8;3545.8;57;9
3545.8;3546.4;47;11
3545.8;3546.4;54;6
3546.5;3546.6;57;9
3546.7;3548.3;71;11
3546.7;3550.2;63;3
3546.7;3547.1;47;11
3546.7;3547.1;54;6
3547.2;3547.2;57;9
3547.2;3547.3;47;11
3547.2;3547.3;54;6
3547.3;3547.6;57;9
3547.6;3547.8;47;11
3547.6;3547.8;54;6
3547.8;3547.9;57;9
3547.9;3548.2;47;11
3547.9;3548.2;54;6
3548.2;3548.3;57;9
3548.3;3550;69;9
3548.3;3548.6;47;11
3548.3;3548.6;54;6
3548.7;3548.7;57;9
3548.7;3548.8;47;11
3548.7;3548.8;54;6
3548.8;3548.9;57;9
3549.1;3549.9;47;11
3549.1;3549.9;54;6
3549.9;3550;57;9
3550;3550.2;66;6
3550;3550.1;47;11
3550;3550.1;54;6
3550.1;3550.2;57;9
3550.2;3552.3;63;3
3550.2;3550.8;47;11
3550.2;3550.8;54;6
3550.9;3551.1;57;9
3551.2;3551.2;47;11
3551.2;3551.2;54;6
3551.2;3551.3;57;9
3551.5;3551.9;47;11
3551.5;3551.9;54;6
3552;3552;57;9
3552;3552.1;47;11
3552;3552.1;54;6
3552.2;3552.2;57;9
3552.3;3555;73;1
3552.3;3552.3;47;11
3552.3;3552.3;54;6
3552.3;3552.4;57;9
3552.4;3552.6;47;11
3552.4;3552.6;54;6
3552.6;3552.7;57;9
3552.7;3552.8;47;11
3552.7;3552.8;54;6
3552.9;3553.3;57;9
3554.1;3554.9;47;11
3554.1;3554.9;54;6
3554.9;3555;57;9
3555;3555.7;71;11
3555;3555.1;47;11
3555;3555.1;54;6
3555.1;3555.2;57;9
3555.2;3555.2;47;11
3555.2;3555.2;54;6
3555.3;3555.3;57;9
3555.3;3555.4;47;11
3555.3;3555.4;54;6
3555.4;3555.5;57;9
3555.5;3555.6;47;11
3555.5;3555.6;54;6
3555.6;3555.7;57;9
3555.7;3556.2;69;9
3555.7;3555.7;47;11
3555.7;3555.7;54;6
3555.8;3555.8;57;9
3555.8;3555.9;47;11
3555.8;3555.9;54;6
3555.9;3556;57;9
3556;3556.1;47;11
3556;3556.1;54;6
3556.1;3556.2;57;9
3556.2;3556.3;66;6
3556.2;3556.2;47;11
3556.2;3556.2;54;6
3556.3;3556.3;57;9
3556.3;3557.5;63;3
3556.3;3556.4;35;11
3556.4;3556.5;47;11
3556.5;3556.6;35;11
3556.6;3556.7;47;11
3556.7;3556.8;35;11
3557;3557.2;47;11
3557.2;3557.3;35;11
3557.4;3557.5;47;11
3557.5;3558.2;61;1
3557.5;3557.6;35;11
3557.6;3557.6;47;11
3557.7;3557.7;35;11
3557.7;3557.8;47;11
3557.8;3557.9;35;11
3557.9;3558;47;11
3558;3558.1;35;11
3558.1;3558.1;47;11
3558.2;3559.8;59;11
3558.2;3558.2;35;11
3558.2;3558.3;47;11
3558.3;3558.6;35;11
3558.6;3558.7;47;11
3558.7;3558.8;35;11
3558.8;3558.9;47;11
3558.9;3559.7;35;11
3559.7;3559.7;47;11
3559.8;3560.8;57;9
3559.8;3560.1;35;11
3560.1;3560.2;47;11
3560.2;3560.3;35;11
3560.5;3560.5;47;11
3560.6;3560.7;35;11
3560.7;3560.7;47;11
3560.8;3560.9;54;6
3560.8;3560.8;35;11
3560.8;3560.9;47;11
3560.9;3567.3;51;3
3560.9;3561;35;11
3561;3563.1;47;11
3563.1;3563.5;35;11
3563.6;3564.9;47;11
3564.9;3565;35;11
3565;3565.1;47;11
3565.1;3565.2;35;11
3565.2;3565.2;47;11
3565.3;3565.9;61;1
3565.3;3565.3;35;11
3565.3;3565.4;47;11
3565.4;3565.5;35;11
3565.5;3565.6;47;11
3565.6;3565.7;35;11
3565.7;3565.7;47;11
3565.8;3565.8;35;11
3565.8;3565.9;47;11
3565.9;3566.6;59;11
3565.9;3566;35;11
3566;3566.1;47;11
3566.1;3566.2;35;11
3566.2;3566.2;47;11
3566.3;3566.3;35;11
3566.3;3566.4;47;11
3566.4;3566.5;35;11
3566.5;3566.6;47;11
3566.6;3567.1;57;9
3566.6;3566.7;35;11
3566.7;3566.7;47;11
3566.8;3566.8;35;11
3566.8;3566.9;47;11
3566.9;3567;35;11
3567;3567.1;47;11
3567.1;3567.3;54;6
3567.1;3567.2;35;11
3567.2;3567.2;47;11
3567.3;3572.7;51;3
3567.3;3576;35;11
3567.3;3576;47;11
3568;3570.2;60;0
3570.2;3570.8;59;11
3570.8;3571.2;57;9
3571.2;3572.7;54;6
3572.7;3573.2;51;3
3573.2;3573.7;60;0
3573.7;3574.7;59;11
3574.7;3575.8;57;9
3575.8;3576;54;6
3576;3577.5;52;4
3576;3576.5;36;0
3576;3576.5;48;0
3576.5;3577;57;9
3577;3577.5;55;7
3577.5;3577.8;52;4
3577.8;3580.8;50;2
3580.8;3581.7;48;0
3581.7;3582.2;57;9
3582.2;3582.7;55;7
3582.7;3583.2;67;7
3582.7;3583.1;52;4
3583.1;3583.2;50;2
3583.2;3586.3;67;7
3583.2;3589.7;60;0
3583.2;3589.7;64;4
3583.2;3587.6;48;0
3584;3585.2;57;9
3585.2;3586.3;55;7
3586.3;3587.6;67;7
3586.3;3586.9;52;4
3586.9;3587.6;50;2
3587.6;3589.7;69;9
3587.6;3588.6;48;0
3587.6;3590.1;45;9
3588.6;3589.2;53;5
3589.2;3589.7;52;4
3589.7;3590;64;4
3589.7;3590.1;48;0
3590;3590.2;66;6
3590.1;3590.2;45;9
3590.2;3593.5;67;7
3590.2;3590.7;59;11
3590.2;3590.7;64;4
3590.2;3590.7;40;4
3590.7;3591.2;60;0
3591.2;3592.7;59;11
3592.7;3593.4;55;7
3593.4;3593.5;54;6
3593.5;3595.1;52;4
3595.1;3595.6;48;0
3595.6;3596.1;47;11
3596.1;3596.7;67;7
3596.1;3596.5;43;7
3596.5;3596.7;40;4
3596.7;3598.8;69;9
3596.7;3598.8;64;4
3596.7;3597.8;36;0
3597.8;3598.3;62;2
3598.3;3598.8;60;0
3598.8;3600.4;64;4
3598.8;3600.1;57;9
3600.1;3600.4;52;4
3600.4;3602.3;60;0
3600.4;3602.3;65;5
3600.4;3602.3;69;9
3600.4;3602.3;72;0
3600.4;3601.1;41;5
3600.4;3601.1;53;5
3601.1;3601.6;50;2
3601.6;3602.3;48;0
3602.3;3602.7;71;11
3602.3;3602.8;45;9
3602.7;3603.3;69;9
3602.8;3603.3;41;5
3603.3;3607.3;71;11
3603.3;3604.5;59;11
3603.3;3607.8;47;11
3603.3;3607.8;51;3
3603.3;3607.8;54;6
3604.5;3606.3;67;7
3606.3;3606.8;66;6
3606.8;3607.2;63;3
3607.2;3607.3;60;0
3607.3;3608.3;59;11
3607.8;3608.3;55;7
3608.3;3609.4;57;9
3608.3;3608.5;54;6
3608.5;3608.8;51;3
3608.8;3609.4;63;3
3608.8;3608.9;47;11
3608.9;3609;50;2
3609;3609.1;48;0
3609.1;3609.4;47;11
3609.4;3610.2;64;4
3609.4;3610.5;55;7
3609.4;3609.6;47;11
3609.4;3611;40;4
3609.6;3609.8;48;0
3609.8;3609.9;47;11
3609.9;3610.1;47;11
3610.2;3610.5;66;6
3610.3;3610.5;47;11
3610.5;3611;67;7
3610.5;3611;55;7
3610.5;3611;47;11
3611;3611.6;67;7
3611.6;3613.5;69;9
3611.6;3613.5;62;2
3611.6;3613.5;66;6
3611.6;3611.7;50;2
3611.7;3612.1;52;4
3612.1;3612.3;50;2
3612.3;3612.7;50;2
3612.8;3613;50;2
3613;3613.5;50;2
3613.5;3613.9;71;11
3613.9;3614.4;72;0
3614.4;3615.9;72;0
3614.4;3617;62;2
3614.4;3617;67;7
3614.4;3614.6;50;2
3614.4;3617;43;7
3614.6;3615.4;52;4
3615.4;3615.9;50;2
3615.9;3617;71;11
3615.9;3616.7;50;2
3616.9;3617;50;2
3617;3618.3;55;7
3617;3618.3;59;11
3617.7;3618.3;67;7
3618.3;3619;72;0
3618.3;3619.3;64;4
3618.3;3619.3;67;7
3618.3;3619.3;45;9
3618.8;3618.9;52;4
3618.9;3619.1;54;6
3619;3619.2;71;11
3619.1;3619.3;52;4
3619.2;3619.3;71;11
3619.3;3619.6;69;9
3619.3;3620.3;62;2
3619.3;3620.3;66;6
3619.3;3620.3;50;2
3619.6;3619.9;68;8
3619.8;3619.9;54;6
3619.9;3620.3;69;9
3619.9;3620.1;55;7
3620.1;3620.3;54;6
3620.3;3621.3;74;2
3620.3;3621.6;66;6
3620.3;3621.6;69;9
3620.3;3621.6;47;11
3621.1;3621.2;54;6
3621.2;3621.4;55;7
3621.3;3621.6;72;0
3621.4;3621.6;54;6
3621.6;3622.8;71;11
3621.6;3622.8;67;7
3621.6;3623.4;52;4
3622.8;3622.9;55;7
3622.9;3623.2;57;9
3623;3623.4;67;7
3623.2;3623.4;55;7
3623.4;3624.8;71;11
3623.4;3625.1;64;4
3623.4;3625.1;49;1
3624.2;3624.7;55;7
3624.7;3624.9;54;6
3624.8;3625.1;67;7
3624.9;3625.1;55;7
3625.1;3625.4;72;0
3625.1;3626.2;62;2
3625.1;3626.2;66;6
3625.1;3626.2;50;2
3625.1;3626.2;57;9
3625.1;3626.2;60;0
3625.4;3625.8;71;11
3625.8;3626.2;69;9
3626.2;3627.2;71;11
3626.2;3628.2;63;3
3626.2;3626.7;57;9
3626.2;3628.2;47;11
3626.7;3627.2;60;0
3627.2;3627.7;59;11
3627.7;3628.1;57;9
3628.1;3628.2;54;6
3628.2;3632.4;57;9
3628.2;3632.4;59;11
3628.2;3632.4;63;3
3628.2;3628.7;47;11
3628.7;3629.2;48;0
3629.2;3629.7;47;11
3629.7;3632.3;66;6
3629.7;3632.3;45;9
3632.3;3632.4;66;6
3632.3;3632.4;42;6
3632.4;3635.2;67;7
3632.4;3635.7;59;11
3632.4;3635.7;64;4
3632.4;3633.2;52;4
3632.4;3635.7;40;4
3633.2;3634.6;60;0
3634.6;3635.2;59;11
3635.2;3635.7;67;7
3635.2;3635.5;55;7
3635.5;3635.7;54;6
3635.7;3638.3;60;0
3635.7;3638.3;64;4
3635.7;3638.3;67;7
3635.7;3638.3;72;0
3635.7;3636.3;52;4
3635.7;3638.7;48;0
3636.3;3637;57;9
3637;3638.3;55;7
3638.3;3638.6;60;0
3638.3;3638.7;52;4
3638.6;3638.8;64;4
3638.7;3638.8;48;0
3638.8;3641;59;11
3638.8;3641;67;7
3638.8;3641;43;7
3639.3;3639.9;64;4
3639.9;3640.4;62;2
3640.4;3640.8;60;0
3640.8;3641;57;9
3641;3644.2;55;7
3641;3641.9;43;7
3641.9;3642.5;52;4
3642.5;3643;50;2
3643;3644.2;67;7
3643;3643.8;47;11
3643.8;3644.2;43;7
3644.2;3645.8;69;9
3644.2;3644.8;57;9
3644.2;3647.4;41;5
3644.2;3647.4;48;0
3644.8;3645.3;65;5
3645.3;3645.8;60;0
3645.8;3647.4;65;5
3645.8;3647.3;57;9
3647.3;3647.4;55;7
3647.4;3649.4;72;0
3647.4;3649.9;62;2
3647.4;3649.9;65;5
3647.4;3648.2;50;2
3647.4;3648.2;53;5
3648.2;3648.7;57;9
3648.7;3649.4;53;5
3649.4;3649.6;71;11
3649.4;3649.8;50;2
3649.6;3649.9;72;0
3649.8;3649.9;47;11
3649.9;3652.5;74;2
3649.9;3650.6;62;2
3649.9;3650.6;71;11
3649.9;3652.5;43;7
3649.9;3652.5;53;5
3650.6;3651.1;65;5
3651.1;3651.8;62;2
3651.8;3652.3;59;11
3652.3;3652.5;57;9
3652.5;3655.8;56;8
3652.5;3655.8;59;11
3652.5;3655.8;62;2
3652.5;3653.8;52;4
3652.5;3655.8;40;4
3653.8;3654.5;53;5
3654.5;3655.1;52;4
3655.1;3655.8;64;4
3655.1;3655.4;50;2
3655.4;3655.8;47;11
3655.8;3656.7;64;4
3655.8;3656.9;57;9
3655.8;3656.9;60;0
3655.8;3656.9;45;9
3656.7;3656.9;66;6
3656.9;3657.4;67;7
3656.9;3657.9;59;11
3656.9;3657.9;64;4
3656.9;3657.4;52;4
3656.9;3657.9;40;4
3657.4;3657.7;68;8
3657.4;3657.9;50;2
3657.7;3657.9;68;8
3657.9;3659.7;69;9
3657.9;3660.7;60;0
3657.9;3660.7;64;4
3657.9;3660.7;48;0
3657.9;3659.1;41;5
3659.1;3660.7;42;6
3659.7;3659.9;71;11
3659.9;3660.7;72;0
3660.7;3661.3;66;6
3660.7;3661.3;69;9
3660.7;3661.3;72;0
3660.7;3664.2;47;11
3661.3;3662.1;63;3
3661.3;3661.8;51;3
3661.8;3661.9;52;4
3661.9;3662.1;51;3
3662.1;3663.7;51;3
3663.7;3664.2;71;11
3664.2;3665;72;0
3664.2;3665.3;60;0
3664.2;3665.3;64;4
3664.2;3665.3;45;9
3664.7;3664.9;52;4
3664.9;3665.1;53;5
3665;3665.2;71;11
3665.1;3665.3;52;4
3665.2;3665.3;71;11
3665.3;3665.7;69;9
3665.3;3666.4;63;3
3665.3;3666.4;65;5
3665.3;3666.4;50;2
3665.7;3666.1;68;8
3665.9;3666.1;53;5
3666.1;3666.4;69;9
3666.1;3666.3;55;7
3666.3;3666.4;53;5
3666.4;3667.4;74;2
3666.4;3667.7;65;5
3666.4;3667.7;69;9
3666.4;3667.7;47;11
3667.2;3667.3;53;5
3667.3;3667.5;55;7
3667.4;3667.7;72;0
3667.5;3667.7;53;5
3667.7;3668;71;11
3667.7;3668.8;64;4
3667.7;3668.8;68;8
3667.7;3668.8;52;4
3668;3668.4;69;9
3668.2;3668.8;56;8
3668.6;3668.8;71;11
3668.8;3670.1;64;4
3668.8;3670.1;67;7
3668.8;3670.1;76;4
3668.8;3672.4;48;0
3668.8;3672.4;55;7
3668.8;3672.4;60;0
3669.6;3671.7;52;4
3670.1;3671.7;64;4
3671.7;3672;66;6
3671.7;3672.4;52;4
3672;3672.4;67;7
3672.4;3673.7;58;10
3672.4;3673.7;61;1
3672.4;3673.7;67;7
3672.4;3677.1;42;6
3672.4;3677.1;52;4
3673.7;3675.9;58;10
3677.1;3677.6;55;7
3677.6;3678.1;54;6
3678.1;3678.3;49;1
3678.3;3678.5;50;2
3678.5;3679.5;66;6
3678.5;3678.6;52;4
3678.6;3679.3;41;5
3679.3;3679.5;42;6
3679.5;3681;62;2
3679.5;3681;71;11
3679.5;3681.5;43;7
3680;3680.5;59;11
3680.5;3681;57;9
3681;3681.5;60;0
3681;3681.5;72;0
3681;3681.4;55;7
3681.4;3681.5;54;6
3681.5;3685.9;61;1
3681.5;3685.9;65;5
3681.5;3685.9;68;8
3681.5;3685.9;73;1
3681.5;3682;53;5
3681.5;3682;49;1
3682;3682.5;50;2
3682.5;3684.8;49;1
3684.8;3685;47;11
3685;3685.6;45;9
3685.6;3685.9;43;7
3685.9;3687.7;72;0
3685.9;3686.4;61;1
3685.9;3688.3;42;6
3685.9;3688.3;46;10
3685.9;3688.3;52;4
3686.4;3687.1;67;7
3687.1;3687.5;66;6
3687.5;3687.7;64;4
3687.7;3688.2;71;11
3687.7;3688.2;62;2
3688.2;3688.3;70;10
3688.2;3688.3;61;1
3688.3;3690.3;59;11
3688.3;3690.3;71;11
3688.3;3690.3;66;6
3688.3;3690.3;43;7
3689;3689.8;50;2
3689.8;3690;49;1
3690;3690.2;47;11
3690.2;3690.3;45;9
3690.3;3692.3;59;11
3690.3;3692.3;71;11
3690.3;3692.3;64;4
3690.3;3691.9;43;7
3691.9;3692.3;42;6
3692.3;3694.8;60;0
3692.3;3694.8;72;0
3692.3;3695.8;67;7
3692.3;3692.8;40;4
3692.8;3693.3;64;4
3693.3;3693.6;62;2
3693.6;3694.8;60;0
3694.8;3695.8;59;11
3694.8;3695.8;71;11
3694.8;3695.6;55;7
3695.6;3695.8;52;4
3695.8;3697.2;59;11
3695.8;3697.2;71;11
3695.8;3698.9;60;0
3695.8;3698.3;41;5
3696.4;3697.2;47;11
3697.2;3698.9;57;9
3697.2;3698.9;69;9
3697.2;3697.4;48;0
3697.4;3697.6;47;11
3697.6;3697.7;45;9
3697.7;3698.3;43;7
3698.3;3698.9;41;5
3698.9;3701.6;71;11
3698.9;3702.1;59;11
3698.9;3702.1;63;3
3698.9;3701.6;66;6
3698.9;3699.4;35;11
3698.9;3699.4;47;11
3699.4;3700.7;54;6
3700.7;3701.3;57;9
3701.3;3701.4;55;7
3701.4;3701.6;54;6
3701.6;3702.1;66;6
3701.6;3702;52;4
3702;3702.1;51;3
3702.1;3703.1;68;8
3702.1;3705.7;59;11
3702.1;3705.7;64;4
3702.1;3707;40;4
3702.1;3707;47;11
3702.1;3707;52;4
3703.1;3704.5;73;1
3704.5;3705;71;11
3705;3705.4;68;8
3705.4;3705.7;66;6
3705.7;3708.3;64;4
3705.7;3708.3;68;8
3707;3707.5;61;1
3707.5;3708.3;59;11
3708.3;3712;59;11
3708.3;3708.8;56;8
3708.8;3708.9;54;6
3708.9;3710.4;68;8
3708.9;3709.4;52;4
3709.4;3709.9;49;1
3709.9;3710.4;47;11
3710.4;3711.5;66;6
3710.4;3712;44;8
3711.5;3712;64;4
3712;3712.6;69;9
3712;3713.1;61;1
3712;3713.1;64;4
3712;3714.2;42;6
3712;3714.2;52;4
3712.6;3713.1;73;1
3713.1;3713.7;71;11
3713.1;3714.2;61;1
3713.7;3714;69;9
3714;3714.2;66;6
3714.2;3717.9;66;6
3714.2;3718.4;57;9
3714.2;3718.4;63;3
3714.2;3714.7;54;6
3714.2;3718.4;47;11
3714.7;3715.3;61;1
3715.3;3716.8;59;11
3716.8;3717.9;57;9
3717.9;3718.1;68;8
3717.9;3718.3;56;8
3718.1;3718.4;69;9
3718.3;3718.4;54;6
3718.4;3723;59;11
3718.4;3723;64;4
3718.4;3723;68;8
3718.4;3719.1;52;4
3718.4;3722;40;4
3719.1;3719.7;49;1
3719.7;3720.3;47;11
3720.3;3721.8;44;8
3721.8;3722;42;6
3722;3722.5;40;4
3722.5;3723;54;6
3723;3724.3;59;11
3723;3724.3;64;4
3723;3724.3;68;8
3723;3723.5;50;2
3723.5;3724.1;47;11
3724.1;3724.3;45;9
3724.3;3727.3;62;2
3724.3;3727.3;64;4
3724.3;3727.3;68;8
3724.3;3727.3;71;11
3724.3;3724.8;44;8
3724.3;3727.3;40;4
3724.8;3725.6;59;11
3725.6;3726.7;56;8
3726.7;3727.1;53;5
3727.1;3727.3;52;4
3727.3;3728.7;65;5
3727.3;3728;56;8
3727.3;3729.2;50;2
3727.3;3729.8;40;4
3728;3728.7;62;2
3728.7;3729.2;64;4
3728.7;3729;60;0
3729;3729.2;59;11
3729.2;3729.8;62;2
3729.2;3729.7;57;9
3729.2;3729.8;47;11
3729.7;3729.8;56;8
3729.8;3730.3;57;9
3729.8;3730.3;60;0
3729.8;3732.5;45;9
3729.8;3732.5;41;5
3730.3;3731;69;9
3731;3731.5;65;5
3731.5;3732.4;64;4
3732.4;3732.5;62;2
3732.5;3735.9;65;5
3732.5;3735.9;69;9
3732.5;3733.6;60;0
3732.5;3735.2;38;2
3733.1;3733.6;45;9
3733.6;3735.9;59;11
3733.6;3734.5;41;5
3734.5;3735.2;40;4
3735.2;3735.9;38;2
3735.9;3736.9;58;10
3735.9;3738;53;5
3735.9;3738;46;10
3735.9;3738;38;2
3736.9;3738;62;2
3738;3739.4;65;5
3738;3742.2;53;5
3738;3742.2;58;10
3738;3742.2;49;1
3738;3740.4;37;1
3739.4;3740.4;65;5
3740.4;3742.2;64;4
3742.2;3746;67;7
3742.2;3742.7;52;4
3742.2;3746;36;0
3742.2;3746;48;0
3742.3;3742.7;60;0
3742.7;3743.2;57;9
3743.2;3743.7;55;7
3743.7;3745.7;52;4
3745.7;3746;50;2
3746;3747.8;55;7
3746;3749.2;48;0
3746;3749.2;51;3
3746;3746.6;36;0
3746.6;3747.1;45;9
3747.1;3747.8;43;7
3747.8;3749.2;54;6
3747.8;3748.8;39;3
3748.8;3749.2;36;0
3749.2;3754.8;57;9
3749.2;3754.8;51;3
3749.2;3754.8;54;6
3749.2;3751.8;35;11
3749.2;3751.8;47;11
3752.3;3752.5;35;11
3752.5;3752.7;47;11
3752.7;3752.8;35;11
3752.8;3753.8;59;11
3752.8;3753.3;47;11
3753.8;3754.6;59;11
3753.8;3754.3;47;11
3754.6;3754.8;59;11
3754.8;3756.5;59;11
3754.8;3756.5;67;7
3754.8;3761.2;40;4
3754.8;3761.2;47;11
3754.8;3761.2;52;4
3756.5;3757;57;9
3756.5;3757;66;6
3757;3759.8;64;4
3757;3761.2;55;7
3759.8;3761.2;59;11
3761.2;3764;52;4
3761.2;3764;57;9
3761.2;3764;60;0
3761.2;3764;33;9
3761.2;3764;45;9
3764;3765;59;11
3764;3766.4;51;3
3764;3766.4;54;6
3764;3766.4;57;9
3764;3766.4;35;11
3764;3766.4;47;11
3765;3766;59;11
3766;3766.4;59;11
3766.4;3768.8;64;4
3766.4;3768.8;67;7
3766.4;3769.6;55;7
3766.4;3769.6;36;0
3766.4;3769.6;48;0
3768.8;3769.6;62;2
3768.8;3769.6;66;6
3769.6;3770.6;60;0
3769.6;3770.6;64;4
3769.6;3772.2;52;4
3769.6;3772.2;33;9
3769.6;3772.2;45;9
3770.6;3771.2;57;9
3770.6;3771.2;62;2
3771.2;3772.2;60;0
3772.2;3776.5;59;11
3772.2;3776.5;51;3
3772.2;3776.5;54;6
3772.2;3776.5;35;11
3772.2;3776.5;47;11
3776.5;3779.1;60;0
3776.5;3779.1;48;0
3776.5;3779.1;55;7
3776.5;3779.1;40;4
3776.5;3779.1;43;7
3779.1;3784.6;53;5
3779.1;3784.6;56;8
3779.1;3786.1;48;0
3779.1;3786.1;41;5
3779.1;3786.1;44;8
3784.6;3785.6;53;5
3785.6;3788.1;50;2
3788.1;3794.2;50;2
3788.1;3794.2;53;5
3788.1;3794.2;55;7
3788.1;3794.2;43;7
3788.1;3794.2;47;11
3794.2;3796.3;47;11
3796.3;3797.5;47;11
3797.5;3799.5;72;0
3797.5;3799.5;44;8
3797.6;3799.5;75;3
3797.6;3799.5;51;3
3797.6;3799.5;84;0
3797.6;3799.5;60;0
3799.5;3802.1;71;11
3799.5;3802.1;47;11
3799.6;3802.1;75;3
3799.6;3802.1;54;6
3799.6;3802.1;83;11
3799.6;3802.1;63;3
3802.1;3805.2;82;10
3802.1;3804.2;70;10
3802.1;3804.2;50;2
3802.2;3804.2;74;2
3802.2;3804.2;58;10
3802.2;3804.2;65;5
3804.2;3806.8;72;0
3804.2;3806.8;51;3
3804.3;3806.8;60;0
3804.3;3806.8;66;6
3805.2;3806.8;81;9
3806.8;3808.8;71;11
3806.8;3808.8;52;4
3806.9;3808.8;76;4
3806.9;3808.8;59;11
3807;3808.8;80;8
3807;3808.8;64;4
3808.8;3811.2;70;10
3808.8;3811.2;55;7
3808.9;3811.2;75;3
3808.9;3811.2;63;3
3809;3811.2;79;7
3811.2;3814.5;78;6
3811.2;3813.5;75;3
3811.2;3813.5;58;10
3811.3;3813.5;63;3
3811.3;3813.5;69;9
3813.5;3815.5;74;2
3813.5;3815.5;59;11
3813.6;3815.5;62;2
3813.7;3815.5;68;8
3814.5;3815.5;77;5
3815.5;3817.5;64;4
3815.5;3817.5;36;0
3815.6;3817.5;67;7
3815.6;3817.5;43;7
3815.7;3817.5;72;0
3815.7;3817.5;52;4
3815.8;3817.5;76;4
3817.5;3820.6;63;3
3817.5;3820.6;39;3
3817.6;3820.6;67;7
3817.6;3820.6;46;10
3817.7;3820.6;75;3
3817.7;3820.6;55;7
3820.6;3823.8;74;2
3820.6;3822.6;62;2
3820.6;3822.6;42;6
3820.6;3822.6;66;6
3820.6;3822.6;57;9
3822.6;3825.3;64;4
3822.6;3825.3;43;7
3822.6;3825.3;58;10
3823.8;3825.3;73;1
3825.3;3827.3;63;3
3825.3;3827.3;44;8
3825.3;3827.3;56;8
3825.3;3827.3;72;0
3827.3;3830;62;2
3827.3;3830;47;11
3827.3;3830;54;6
3827.3;3830;71;11
3830;3833.1;70;10
3830;3832.1;62;2
3830;3832.1;50;2
3830;3832.1;53;5
3832.1;3835.7;66;6
3832.1;3835.7;51;3
3832.1;3835.7;60;0
3833.1;3835.7;69;9
3835.7;3837.4;64;4
3835.7;3837.4;68;8
3835.7;3837.9;59;11
3835.7;3837.4;52;4
3837.4;3837.9;63;3
3837.4;3837.9;66;6
3837.4;3837.9;47;11
3837.9;3841.7;64;4
3837.9;3841.7;68;8
3837.9;3842.2;59;11
3837.9;3841.7;52;4
3841.7;3842.2;63;3
3841.7;3842.2;66;6
3841.7;3842.2;47;11
3842.2;3842.5;64;4
3842.2;3842.5;68;8
3842.2;3844.2;59;11
3842.2;3842.5;52;4
3842.5;3842.7;63;3
3842.5;3842.7;66;6
3842.5;3842.7;47;11
3842.7;3843.7;64;4
3842.7;3843.7;68;8
3842.7;3843.7;52;4
3843.7;3844.2;63;3
3843.7;3844.2;66;6
3843.7;3844.2;47;11
3844.2;3844.7;64;4
3844.2;3844.7;68;8
3844.2;3846.7;59;11
3844.2;3846.7;40;4
3844.2;3846.7;52;4
3844.7;3846.2;73;1
3846.2;3846.7;71;11
3846.7;3847.1;68;8
3846.7;3849.1;63;3
3846.7;3849.1;47;11
3846.7;3849.1;57;9
3847.1;3849.1;66;6
3849.1;3851.9;64;4
3849.1;3851.9;68;8
3849.1;3849.8;59;11
3849.1;3851.9;40;4
3849.1;3851.9;52;4
3849.8;3851.3;61;1
3851.3;3851.9;59;11
3851.9;3853.5;63;3
3851.9;3853.5;66;6
3851.9;3853.3;57;9
3851.9;3853.5;47;11
3853.3;3853.5;54;6
3853.5;3855.1;59;11
3853.5;3855.1;64;4
3853.5;3855.1;68;8
3853.5;3854.1;52;4
3853.5;3855.1;40;4
3854.1;3854.6;49;1
3854.6;3855.1;47;11
3855.1;3855.6;63;3
3855.1;3855.6;66;6
3855.1;3855.5;45;9
3855.1;3855.6;35;11
3855.5;3855.6;42;6
3855.6;3856.1;68;8
3855.6;3859.1;64;4
3855.6;3859.1;59;11
3855.6;3859.1;52;4
3855.6;3859.1;56;8
3856.1;3857.8;73;1
3857.8;3858.4;71;11
3858.4;3859;68;8
3859;3859.1;66;6
3859.1;3860.5;64;4
3859.1;3861.8;61;1
3859.1;3862.6;49;1
3859.1;3862.6;52;4
3859.1;3861.8;56;8
3860.5;3861.3;69;9
3861.3;3861.8;68;8
3861.8;3862.1;64;4
3861.8;3862;56;8
3862;3862.6;58;10
3862.1;3862.6;61;1
3862.6;3864.6;59;11
3862.6;3864.6;56;8
3863.1;3863.6;64;4
3863.6;3864.1;63;3
3864.1;3864.4;59;11
3864.4;3864.6;58;10
3864.6;3865.1;56;8
3864.6;3868.9;44;8
3865.1;3866.4;52;4
3866.4;3868.5;51;3
3868.5;3869.1;59;11
3868.5;3868.9;47;11
3868.9;3869.1;44;8
3869.1;3871.4;61;1
3869.1;3872;52;4
3870.1;3870.8;78;6
3870.8;3871.4;76;4
3871.4;3871.9;73;1
3871.4;3872;56;8
3871.9;3872;68;8
3872;3874.3;64;4
3872;3872.6;49;1
3872;3875.7;45;9
3872.6;3873.3;54;6
3873.3;3874.3;52;4
3874.3;3874.6;63;3
3874.3;3875.7;57;9
3874.6;3875.7;61;1
3875.7;3881.2;63;3
3875.7;3877.8;58;10
3875.7;3880;51;3
3875.7;3878.8;55;7
3877.8;3878.3;59;11
3878.3;3878.8;58;10
3878.8;3880;55;7
3880;3880.7;39;3
3880.7;3881.2;52;4
3881.2;3882.2;63;3
3881.2;3882.2;54;6
3881.2;3882.2;59;11
3881.2;3882.2;61;1
3881.2;3881.5;51;3
3881.5;3881.7;49;1
3881.7;3882.1;47;11
3882.1;3882.2;46;10
3882.2;3883.8;63;3
3882.2;3884.4;56;8
3882.2;3884.4;60;0
3882.2;3882.8;44;8
3882.8;3883.3;77;5
3883.3;3883.8;75;3
3883.8;3884.4;64;4
3883.8;3884.3;72;0
3884.3;3884.4;70;10
3884.4;3889.2;65;5
3884.4;3889.2;57;9
3884.4;3889.2;60;0
3884.4;3885;69;9
3885;3885.5;54;6
3885.5;3888.4;53;5
3888.4;3888.7;51;3
3888.7;3889.1;49;1
3889.1;3889.2;48;0
3889.2;3891.6;65;5
3889.2;3891.1;56;8
3889.2;3891.1;62;2
3889.2;3893.7;46;10
3890.2;3891.1;59;11
3891.1;3891.4;58;10
3891.4;3891.6;56;8
3891.6;3893.2;63;3
3891.6;3893.3;54;6
3893.2;3893.7;62;2
3893.3;3893.7;53;5
3893.7;3896.3;63;3
3893.7;3895.4;58;10
3893.7;3894.2;51;3
3893.7;3895.4;47;11
3894.2;3894.8;54;6
3894.8;3895;53;5
3895;3895.2;51;3
3895.2;3895.4;49;1
3895.4;3896.3;56;8
3895.4;3895.9;47;11
3895.9;3896.3;46;10
3896.3;3900.1;64;4
3896.3;3897.3;59;11
3896.3;3900.6;44;8
3896.8;3897.3;61;1
3897.3;3900.1;59;11
3900.1;3900.6;63;3
3900.1;3900.4;56;8
3900.4;3900.6;52;4
3900.6;3901.6;63;3
3900.6;3903.5;57;9
3900.6;3903.2;45;9
3901.1;3901.6;54;6
3901.6;3903.5;61;1
3901.6;3902.8;52;4
3902.8;3903.2;49;1
3903.2;3903.5;45;9
3903.5;3905;63;3
3903.5;3904;55;7
3903.5;3904;58;10
3903.5;3905.5;39;3
3903.5;3905.5;51;3
3904;3904.5;61;1
3904.5;3904.8;59;11
3904.8;3905;58;10
3905;3905.5;58;10
3905;3905.4;56;8
3905.4;3905.5;55;7
3905.5;3907;59;11
3905.5;3910.7;56;8
3905.5;3907;44;8
3906;3906.8;51;3
3906.8;3907;47;11
3907;3910.7;60;0
3907;3909;44;8
3909;3910.7;40;4
3910.7;3916.6;61;1
3910.7;3914.8;53;5
3910.7;3914.8;56;8
3910.7;3914.8;59;11
3910.7;3914.8;37;1
3911.3;3913.8;50;2
3913.8;3914;49;1
3914;3914.3;47;11
3914.3;3914.6;45;9
3914.6;3914.8;44;8
3914.8;3916;52;4
3914.8;3916;58;10
3914.8;3917.7;42;6
3915.5;3916;55;7
3916;3916.3;54;6
3916.3;3916.6;52;4
3916.6;3917.5;59;11
3916.6;3917.6;50;2
3917.5;3917.7;58;10
3917.6;3917.7;49;1
3917.7;3918.9;59;11
3917.7;3918.7;54;6
3917.7;3922;43;7
3918.2;3918.7;62;2
3918.7;3918.9;61;1
3918.7;3922;52;4
3918.9;3919.1;59;11
3919.1;3919.2;57;9
3919.2;3922;59;11
3919.2;3919.8;55;7
3919.8;3922;54;6
3922;3923.9;60;0
3922;3922.6;52;4
3922;3923.9;48;0
3922;3925.3;40;4
3922.6;3923.4;55;7
3923.4;3923.6;54;6
3923.6;3923.9;52;4
3923.9;3925.3;59;11
3923.9;3924.3;50;2
3924.3;3925.3;48;0
3925.3;3927.1;59;11
3925.3;3928.3;53;5
3925.3;3928.1;41;5
3925.8;3927.1;50;2
3927.1;3928;57;9
3927.1;3927.4;48;0
3927.4;3927.6;47;11
3927.6;3927.7;45;9
3927.7;3928.1;43;7
3928;3928.3;57;9
3928.1;3928.3;41;5
3928.3;3928.8;59;11
3928.3;3931.9;51;3
3928.3;3931.9;54;6
3928.3;3933;47;11
3928.3;3928.8;35;11
3928.8;3931.4;60;0
3931.4;3931.6;59;11
3931.6;3931.9;57;9
3931.9;3932.9;55;7
3932.9;3933;54;6
3933;3935.7;68;8
3933;3936.2;56;8
3933;3936.2;64;4
3933;3937.6;47;11
3933;3936.7;40;4
3935.7;3936.2;73;1
3936.2;3936.7;71;11
3936.7;3937.5;68;8
3936.7;3937.6;57;9
3936.7;3937.6;63;3
3936.7;3937.6;35;11
3937.5;3937.6;66;6
3937.6;3938.2;64;4
3937.6;3938.8;56;8
3937.6;3940.3;47;11
3937.6;3939.4;40;4
3938.2;3938.8;73;1
3938.8;3939.4;71;11
3939.4;3940.1;68;8
3939.4;3940.3;57;9
3939.4;3940.3;63;3
3939.4;3940.3;35;11
3940.1;3940.3;66;6
3940.3;3940.9;64;4
3940.3;3941.4;56;8
3940.3;3944.8;40;4
3940.3;3944.8;44;8
3940.3;3944.8;47;11
3940.9;3941.4;61;1
3941.4;3944.8;59;11
3944.8;3945.1;56;8
3944.8;3945.3;51;3
3944.8;3945.3;35;11
3944.8;3945.3;45;9
3944.8;3945.3;47;11
3945.1;3945.3;54;6
3945.3;3946.8;52;4
3945.3;3946.8;40;4
3945.3;3946.8;44;8
3945.3;3946.8;47;11
3945.8;3946.3;61;1
3946.3;3946.8;59;11
3946.8;3947.2;56;8
3946.8;3947.5;51;3
3946.8;3947.5;35;11
3946.8;3947.5;45;9
3946.8;3947.5;47;11
3947.2;3947.5;54;6
3947.5;3949.7;52;4
3947.5;3949.7;56;8
3947.5;3948;47;11
3947.5;3950.2;40;4
3948;3949.2;49;1
3949.2;3949.7;47;11
3949.7;3950.2;51;3
3949.7;3950.2;54;6
3949.7;3950.2;48;0
3949.7;3950.1;45;9
3950.1;3950.2;42;6
3950.2;3953.8;52;4
3950.2;3953.8;56;8
3950.2;3950.9;47;11
3950.2;3954.7;40;4
3950.9;3951.8;49;1
3951.8;3953.8;47;11
3953.8;3954.7;51;3
3953.8;3954.7;54;6
3953.8;3954.7;48;0
3953.8;3954.3;45;9
3954.3;3954.7;42;6
3954.7;3957.9;52;4
3954.7;3957.9;56;8
3954.7;3955.2;47;11
3954.7;3957.2;40;4
3955.2;3955.8;49;1
3955.8;3956.3;47;11
3956.3;3957.2;44;8
3957.2;3957.9;40;4
3957.9;3961.5;57;9
3957.9;3962;50;2
3957.9;3962;53;5
3961.5;3962;56;8
3962;3964.8;59;11
3962;3964.8;52;4
3962;3964.8;56;8
3962;3964.5;40;4
3963.2;3963.7;49;1
3963.7;3964.2;47;11
3964.2;3964.5;44;8
3964.5;3964.8;40;4
3964.8;3969.1;57;9
3964.8;3974.5;53;5
3964.8;3969.6;38;2
3969.1;3974.5;56;8
3969.6;3974.5;59;11
3969.6;3974.5;37;1
3975.2;3975.3;47;11
3975.2;3975.3;35;11
3975.3;3975.7;49;1
3975.3;3975.7;37;1
3975.7;3976.2;50;2
3975.7;3976.2;38;2
3977.4;3977.6;49;1
3977.4;3977.6;37;1
3977.6;3977.7;47;11
3977.6;3977.7;35;11
3977.7;3978.3;53;5
3977.7;3978.3;41;5
3980.2;3980.8;54;6
3980.2;3980.8;42;6
3980.8;3981;56;8
3980.8;3981;44;8
3981;3981.5;57;9
3981;3981.5;45;9
3983.4;3983.5;54;6
3983.4;3983.5;42;6
3983.5;3983.6;53;5
3983.5;3983.6;41;5
3983.6;3984.4;61;1
3983.6;3984.4;49;1
3986;3987.8;50;2
3986;3987.8;62;2
3987.8;3988.1;48;0
3987.8;3988.1;60;0
3988.1;3988.5;46;10
3988.1;3988.5;58;10
3988.5;3988.7;45;9
3988.5;3988.7;57;9
3988.7;3989.3;43;7
3988.7;3989.3;55;7
3989.3;3989.9;41;5
3989.3;3989.9;53;5
3989.9;3990.5;39;3
3989.9;3990.5;51;3
3990.5;3991;38;2
3990.5;3991;50;2
3991;3991.6;36;0
3991;3991.6;48;0
3991.6;3992.4;34;10
3991.6;3992.4;46;10
3992.4;3993;33;9
3992.4;3993;45;9
3993;3993.6;31;7
3993;3993.6;43;7
3993.6;3993.6;50;2
3993.6;3993.6;42;6
3993.6;3993.7;49;1
3993.6;3993.7;45;9
3993.7;3993.7;50;2
3993.7;3993.7;42;6
3993.8;3993.8;49;1
3993.8;3993.8;45;9
3993.8;3993.9;50;2
3993.8;3993.9;42;6
3993.9;3994;49;1
3993.9;3994;45;9
3994;3994;50;2
3994;3994;42;6
3994.1;3994.1;49;1
3994.1;3994.1;45;9
3994.1;3994.1;50;2
3994.1;3994.1;42;6
3994.1;3994.2;49;1
3994.1;3994.2;45;9
3994.2;3994.3;50;2
3994.2;3994.3;42;6
3994.3;3994.4;49;1
3994.3;3994.4;45;9
3994.4;3994.4;50;2
3994.4;3994.4;42;6
3994.4;3994.5;49;1
3994.4;3994.5;45;9
3994.5;3994.6;50;2
3994.5;3994.6;42;6
3994.6;3994.7;49;1
3994.6;3994.7;45;9
3994.7;3994.7;50;2
3994.7;3994.7;43;7
3994.7;3994.8;51;3
3994.7;3994.8;46;10
3994.8;3994.9;50;2
3994.8;3994.9;43;7
3994.9;3995;51;3
3994.9;3995;46;10
3995;3995;50;2
3995;3995;43;7
3995;3995.1;51;3
3995;3995.1;46;10
3995.1;3995.2;50;2
3995.1;3995.2;43;7
3995.2;3995.3;51;3
3995.2;3995.3;46;10
3995.3;3995.3;50;2
3995.3;3995.3;43;7
3995.3;3995.3;51;3
3995.3;3995.3;46;10
3995.3;3995.3;50;2
3995.3;3995.3;43;7
3995.4;3995.4;51;3
3995.4;3995.4;46;10
3995.4;3995.5;50;2
3995.4;3995.5;43;7
3995.5;3995.5;51;3
3995.5;3995.5;46;10
3995.6;3995.6;50;2
3995.6;3995.6;43;7
3995.6;3995.7;51;3
3995.6;3995.7;46;10
3995.7;3996.8;50;2
3995.7;3996.8;57;9
3995.7;3995.9;42;6
3995.9;3996;45;9
3996;3996.1;42;6
3996.1;3996.1;45;9
3996.2;3996.2;42;6
3996.2;3996.3;45;9
3996.3;3996.4;42;6
3996.4;3996.5;45;9
3996.5;3996.5;42;6
3996.6;3996.6;45;9
3996.7;3996.7;42;6
3996.7;3996.8;45;9
3996.8;3997.1;50;2
3996.8;3996.9;42;6
3996.9;3996.9;45;9
3997;3997;42;6
3997;3997.1;45;9
3997.1;3998.5;62;2
3997.1;3997.2;50;2
3997.1;3997.2;43;7
3997.2;3997.2;51;3
3997.2;3997.2;46;10
3997.3;3997.3;50;2
3997.3;3997.3;43;7
3997.3;3997.4;51;3
3997.3;3997.4;46;10
3997.4;3997.5;50;2
3997.4;3997.5;43;7
3997.5;3997.6;51;3
3997.5;3997.6;46;10
3997.6;3997.6;50;2
3997.6;3997.6;43;7
3997.7;3997.8;51;3
3997.7;3997.8;46;10
3997.8;3997.9;50;2
3997.8;3997.9;43;7
3997.9;3998;51;3
3997.9;3998;46;10
3998;3998.1;50;2
3998;3998.1;43;7
3998.1;3998.1;51;3
3998.1;3998.1;46;10
3998.2;3998.2;50;2
3998.2;3998.2;43;7
3998.2;3998.3;51;3
3998.2;3998.3;46;10
3998.3;3998.4;50;2
3998.3;3998.4;43;7
3998.4;3998.4;51;3
3998.4;3998.4;46;10
3998.5;3998.5;50;2
3998.5;3998.5;42;6
3998.5;3998.6;49;1
3998.5;3998.6;45;9
3998.6;3998.7;50;2
3998.6;3998.7;42;6
3998.7;3998.7;49;1
3998.7;3998.7;45;9
3998.8;3998.8;50;2
3998.8;3998.8;42;6
3998.8;3998.9;49;1
3998.8;3998.9;45;9
3998.9;3999;50;2
3998.9;3999;42;6
3999;3999;49;1
3999;3999;45;9
3999.1;3999.1;50;2
3999.1;3999.1;42;6
3999.1;3999.2;49;1
3999.1;3999.2;45;9
3999.2;3999.3;50;2
3999.2;3999.3;42;6
3999.3;3999.3;49;1
3999.3;3999.3;45;9
3999.4;3999.4;50;2
3999.4;3999.4;42;6
3999.4;3999.5;49;1
3999.4;3999.5;45;9
3999.5;3999.6;50;2
3999.5;3999.6;42;6
3999.6;3999.6;49;1
3999.6;3999.6;45;9
3999.7;3999.7;50;2
3999.7;3999.7;43;7
3999.7;3999.8;51;3
3999.7;3999.8;46;10
3999.8;3999.9;50;2
3999.8;3999.9;43;7
3999.9;3999.9;51;3
3999.9;3999.9;46;10
4000;4000;50;2
4000;4000;43;7
4000;4000.1;51;3
4000;4000.1;46;10
4000.1;4000.2;50;2
4000.1;4000.2;43;7
4000.2;4000.3;51;3
4000.2;4000.3;46;10
4000.3;4000.3;50;2
4000.3;4000.3;43;7
4000.3;4000.4;51;3
4000.3;4000.4;46;10
4000.4;4000.5;50;2
4000.4;4000.5;43;7
4000.5;4000.6;51;3
4000.5;4000.6;46;10
4000.6;4000.6;50;2
4000.6;4000.6;43;7
4000.6;4000.7;51;3
4000.6;4000.7;46;10
4000.7;4000.8;50;2
4000.7;4000.8;43;7
4000.8;4000.9;51;3
4000.8;4000.9;46;10
4000.9;4001.6;50;2
4000.9;4001.6;57;9
4000.9;4000.9;42;6
4000.9;4001;45;9
4001;4001.1;42;6
4001.1;4001.2;45;9
4001.2;4001.2;42;6
4001.2;4001.3;45;9
4001.3;4001.4;42;6
4001.4;4001.5;45;9
4001.5;4001.5;42;6
4001.5;4001.6;45;9
4001.6;4001.8;50;2
4001.6;4001.7;42;6
4001.7;4001.8;45;9
4001.8;4002.1;50;2
4001.8;4001.8;42;6
4001.8;4001.9;45;9
4001.9;4002;42;6
4002;4002.1;45;9
4002.1;4003.3;62;2
4002.1;4002.1;50;2
4002.1;4002.1;43;7
4002.1;4002.2;51;3
4002.1;4002.2;46;10
4002.2;4002.3;50;2
4002.2;4002.3;43;7
4002.3;4002.4;51;3
4002.3;4002.4;46;10
4002.4;4002.4;50;2
4002.4;4002.4;43;7
4002.4;4002.5;51;3
4002.4;4002.5;46;10
4002.5;4002.6;50;2
4002.5;4002.6;43;7
4002.6;4002.7;51;3
4002.6;4002.7;46;10
4002.7;4002.7;50;2
4002.7;4002.7;43;7
4002.7;4002.8;51;3
4002.7;4002.8;46;10
4002.8;4002.9;50;2
4002.8;4002.9;43;7
4002.9;4003;51;3
4002.9;4003;46;10
4003;4003;50;2
4003;4003;43;7
4003;4003.1;51;3
4003;4003.1;46;10
4003.1;4003.2;50;2
4003.1;4003.2;43;7
4003.2;4003.3;51;3
4003.2;4003.3;46;10
4003.3;4003.3;42;6
4003.3;4003.4;45;9
4003.4;4003.5;42;6
4003.5;4003.6;45;9
4003.6;4003.6;42;6
4003.6;4003.7;45;9
4003.7;4003.8;42;6
4003.8;4003.9;45;9
4003.9;4004.3;50;2
4003.9;4003.9;42;6
4003.9;4004;45;9
4004;4004.1;42;6
4004.1;4004.2;45;9
4004.2;4004.2;42;6
4004.2;4004.3;45;9
4004.3;4004.5;50;2
4004.3;4004.4;42;6
4004.4;4004.5;45;9
4004.5;4005.1;55;7
4004.5;4005.7;51;3
4004.5;4004.5;43;7
4004.5;4004.6;46;10
4004.6;4004.7;43;7
4004.7;4004.8;46;10
4004.8;4004.8;43;7
4004.8;4004.9;46;10
4004.9;4005;43;7
4005;4005.1;46;10
4005.1;4005.5;57;9
4005.1;4005.1;43;7
4005.1;4005.2;46;10
4005.2;4005.3;43;7
4005.3;4005.4;46;10
4005.4;4005.4;43;7
4005.4;4005.5;46;10
4005.5;4005.7;58;10
4005.5;4005.6;43;7
4005.6;4005.7;46;10
4005.7;4006.3;57;9
4005.7;4006.6;50;2
4005.7;4005.7;42;6
4005.7;4005.8;45;9
4005.8;4005.9;42;6
4005.9;4006;45;9
4006;4006;42;6
4006;4006.1;45;9
4006.1;4006.2;42;6
4006.2;4006.3;45;9
4006.3;4006.3;42;6
4006.3;4006.4;45;9
4006.4;4006.5;42;6
4006.5;4006.6;45;9
4006.6;4006.9;50;2
4006.6;4006.6;42;6
4006.6;4006.7;45;9
4006.7;4006.8;42;6
4006.8;4006.9;45;9
4006.9;4007.8;58;10
4006.9;4008.1;51;3
4006.9;4006.9;43;7
4006.9;4007;46;10
4007;4007.1;43;7
4007.1;4007.2;46;10
4007.2;4007.2;43;7
4007.2;4007.3;46;10
4007.3;4007.4;43;7
4007.4;4007.5;46;10
4007.5;4007.5;43;7
4007.5;4007.6;46;10
4007.6;4007.7;43;7
4007.7;4007.8;46;10
4007.8;4007.9;57;9
4007.8;4007.9;43;7
4007.9;4007.9;46;10
4007.9;4008.1;55;7
4007.9;4008;43;7
4008;4008.1;46;10
4008.1;4008.7;52;4
4008.1;4008.2;44;8
4008.2;4008.2;47;11
4008.2;4008.3;44;8
4008.3;4008.4;47;11
4008.4;4008.5;44;8
4008.5;4008.5;47;11
4008.5;4008.6;44;8
4008.6;4008.7;47;11
4008.7;4008.8;44;8
4008.8;4008.8;47;11
4008.8;4008.9;44;8
4008.9;4009;47;11
4009;4009.2;52;4
4009;4009.1;44;8
4009.1;4009.2;47;11
4009.2;4009.3;52;4
4009.2;4009.2;44;8
4009.3;4009.3;47;11
4009.3;4009.9;57;9
4009.3;4010.5;53;5
4009.3;4009.4;45;9
4009.4;4009.5;48;0
4009.5;4009.5;45;9
4009.6;4009.6;48;0
4009.6;4009.7;45;9
4009.7;4009.8;48;0
4009.8;4009.8;45;9
4009.9;4009.9;48;0
4009.9;4010.4;59;11
4009.9;4010;45;9
4010;4010.1;48;0
4010.1;4010.1;45;9
4010.2;4010.2;48;0
4010.2;4010.3;45;9
4010.3;4010.4;48;0
4010.4;4010.5;60;0
4010.4;4010.4;45;9
4010.5;4010.5;48;0
4010.5;4011.1;52;4
4010.5;4011.1;59;11
4010.5;4010.6;44;8
4010.6;4010.7;47;11
4010.7;4010.7;44;8
4010.8;4010.8;47;11
4010.8;4010.9;44;8
4010.9;4011;47;11
4011;4011;44;8
4011.1;4011.1;47;11
4011.1;4011.4;52;4
4011.1;4011.2;44;8
4011.2;4011.3;47;11
4011.3;4011.3;44;8
4011.4;4011.4;47;11
4011.4;4011.5;44;8
4011.5;4011.6;47;11
4011.6;4011.7;52;4
4011.6;4011.6;44;8
4011.7;4011.7;47;11
4011.7;4012.6;60;0
4011.7;4012.9;53;5
4011.7;4011.8;45;9
4011.8;4011.9;48;0
4011.9;4011.9;45;9
4012;4012;48;0
4012;4012.1;45;9
4012.1;4012.2;48;0
4012.2;4012.2;45;9
4012.3;4012.3;48;0
4012.3;4012.4;45;9
4012.4;4012.5;48;0
4012.5;4012.5;45;9
4012.6;4012.6;48;0
4012.6;4012.8;59;11
4012.6;4012.7;45;9
4012.7;4012.8;48;0
4012.8;4012.9;57;9
4012.8;4012.8;45;9
4012.9;4012.9;48;0
4012.9;4013.5;54;6
4012.9;4013;46;10
4013;4013.1;49;1
4013.1;4013.1;46;10
4013.2;4013.2;49;1
4013.2;4013.3;46;10
4013.3;4013.4;49;1
4013.4;4013.4;46;10
4013.5;4013.5;49;1
4013.5;4013.8;61;1
4013.5;4013.6;46;10
4013.6;4013.7;49;1
4013.7;4013.7;46;10
4013.8;4013.8;49;1
4013.8;4013.9;46;10
4013.9;4014;49;1
4014;4014;46;10
4014.1;4014.1;49;1
4014.2;4014.3;54;6
4014.2;4014.5;46;10
4014.3;4014.5;55;7
4014.5;4014.6;56;8
4014.6;4014.8;57;9
4014.8;4014.9;58;10
4014.8;4015.2;54;6
4014.9;4015.1;59;11
4015.1;4015.2;60;0
4015.2;4015.4;61;1
4015.2;4015.4;54;6
4015.4;4016.9;62;2
4015.4;4015.7;54;6
4015.4;4015.7;57;9
4015.4;4016.9;50;2
4016.9;4017.2;61;1
4016.9;4017.2;49;1
4017.2;4017.6;59;11
4017.2;4017.6;47;11
4017.6;4017.8;57;9
4017.6;4017.8;45;9
4017.8;4019;62;2
4017.8;4018.4;55;7
4017.8;4018.4;43;7
4018.4;4019;42;6
4018.4;4019;54;6
4019;4019.9;62;2
4019;4019.6;40;4
4019;4019.6;52;4
4019.6;4020.2;38;2
4019.6;4020.2;50;2
4019.9;4020.2;62;2
4020.2;4020.8;68;8
4020.2;4021.3;49;1
4020.2;4021.3;53;5
4020.4;4020.5;65;5
4020.5;4020.7;61;1
4020.7;4020.8;73;1
4020.8;4021.1;68;8
4021.3;4021.4;62;2
4021.3;4021.4;69;9
4021.3;4021.4;48;0
4021.3;4021.4;54;6
4021.4;4022;68;8
4021.4;4022.3;49;1
4021.4;4022.3;53;5
4021.6;4021.7;65;5
4021.7;4021.9;61;1
4021.9;4022;73;1
4022;4022.2;68;8
4022.3;4022.5;61;1
4022.3;4022.5;70;10
4022.3;4022.5;46;10
4022.3;4022.5;53;5
4022.5;4022.6;68;8
4022.5;4023.7;49;1
4022.5;4023.7;53;5
4022.6;4022.8;65;5
4022.8;4022.9;61;1
4022.9;4023.1;73;1
4023.1;4023.2;68;8
4023.2;4023.3;61;1
4023.3;4023.5;65;5
4023.5;4023.6;72;0
4023.6;4023.7;70;10
4023.7;4023.8;60;0
4023.7;4023.8;68;8
4023.7;4024.3;44;8
4023.7;4024.3;51;3
4023.7;4024.3;56;8
4023.8;4024;63;3
4024;4024.1;66;6
4024.1;4024.3;60;0
4024.3;4024.4;63;3
4024.3;4024.8;44;8
4024.3;4024.8;51;3
4024.3;4024.8;56;8
4024.4;4024.5;54;6
4024.5;4024.7;60;0
4024.7;4024.8;58;10
4024.8;4025.6;56;8
4024.8;4025.6;61;1
4024.8;4025.6;68;8
4024.8;4025.4;49;1
4024.8;4025.4;53;5
4025.4;4025.7;53;5
4025.6;4025.7;61;1
4025.7;4025.9;60;0
4025.7;4026;52;4
4025.9;4026;67;7
4026;4026.2;66;6
4026;4026.3;51;3
4026.2;4026.3;59;11
4026.3;4026.5;58;10
4026.3;4026.6;50;2
4026.5;4026.6;65;5
4026.6;4026.8;64;4
4026.6;4026.9;49;1
4026.8;4026.9;57;9
4026.9;4027.1;56;8
4026.9;4027.2;48;0
4027.1;4027.2;63;3
4027.2;4027.8;64;4
4027.2;4028.3;45;9
4027.2;4028.3;49;1
4027.4;4027.5;61;1
4027.5;4027.7;57;9
4027.7;4027.8;69;9
4027.8;4028.1;64;4
4028.3;4028.4;58;10
4028.3;4028.4;65;5
4028.3;4028.4;44;8
4028.3;4028.4;50;2
4028.4;4028.9;64;4
4028.4;4029.3;45;9
4028.4;4029.3;49;1
4028.4;4028.6;61;1
4028.6;4028.7;57;9
4028.7;4028.9;69;9
4028.9;4029.2;64;4
4029.3;4029.5;57;9
4029.3;4029.5;66;6
4029.3;4029.5;42;6
4029.3;4029.5;49;1
4029.5;4029.6;64;4
4029.5;4030.8;45;9
4029.5;4030.8;49;1
4029.6;4029.8;61;1
4029.8;4030;57;9
4030;4030.2;69;9
4030.2;4030.3;64;4
4030.3;4030.4;57;9
4030.4;4030.5;61;1
4030.5;4030.6;68;8
4030.6;4030.8;66;6
4030.8;4030.9;64;4
4030.8;4031.4;40;4
4030.8;4031.4;47;11
4030.8;4031.4;52;4
4030.9;4031.1;59;11
4031.1;4031.2;62;2
4031.2;4031.4;55;7
4031.4;4031.5;59;11
4031.4;4032;40;4
4031.4;4032;47;11
4031.4;4032;52;4
4031.5;4031.7;50;2
4031.7;4031.8;56;8
4031.8;4032;54;6
4032;4032.7;52;4
4032;4032.7;57;9
4032;4032.7;64;4
4032;4032.6;45;9
4032;4032.6;49;1
4032.6;4032.9;49;1
4032.7;4032.9;57;9
4032.9;4033.1;56;8
4032.9;4033.2;48;0
4033.1;4033.2;63;3
4033.2;4033.4;62;2
4033.2;4033.5;47;11
4033.4;4033.5;55;7
4033.5;4033.7;54;6
4033.5;4033.8;46;10
4033.7;4033.8;61;1
4033.8;4034;60;0
4033.8;4034.1;45;9
4034;4034.1;53;5
4034.1;4034.3;52;4
4034.1;4034.4;44;8
4034.3;4034.4;59;11
4034.4;4034.6;58;10
4034.4;4034.7;43;7
4034.6;4034.7;51;3
4034.7;4034.9;50;2
4034.7;4035;42;6
4034.9;4035;57;9
4035;4035.2;56;8
4035;4035.3;41;5
4035.2;4035.3;49;1
4035.3;4035.5;48;0
4035.3;4035.6;40;4
4035.5;4035.6;55;7
4035.6;4035.8;54;6
4035.6;4035.9;39;3
4035.8;4035.9;47;11
4035.9;4036;46;10
4035.9;4036.2;38;2
4036;4036.2;53;5
4036.2;4036.3;51;3
4036.2;4036.5;37;1
4036.3;4036.5;45;9
4036.5;4036.6;44;8
4036.5;4036.6;36;0
4036.6;4036.8;45;9
4036.6;4036.8;37;1
4036.8;4036.8;46;10
4036.8;4037.5;38;2
4036.8;4037.5;41;5
4036.8;4036.9;45;9
4036.9;4037;46;10
4037;4037.2;45;9
4037.2;4037.3;46;10
4037.3;4037.3;45;9
4037.3;4037.4;46;10
4037.4;4037.5;45;9
4037.5;4037.6;44;8
4037.5;4038.1;37;1
4037.5;4038.1;40;4
4037.6;4037.6;45;9
4037.6;4037.7;44;8
4037.7;4037.8;45;9
4037.8;4037.9;44;8
4037.9;4037.9;45;9
4037.9;4038;44;8
4038;4038.1;45;9
4038.1;4038.7;62;2
4038.1;4038.2;46;10
4038.1;4038.7;38;2
4038.1;4038.7;41;5
4038.2;4038.2;45;9
4038.2;4038.3;46;10
4038.3;4038.4;45;9
4038.4;4038.5;46;10
4038.5;4038.5;45;9
4038.5;4038.6;46;10
4038.6;4038.7;45;9
4038.7;4039;57;9
4038.7;4038.8;44;8
4038.7;4039.3;37;1
4038.7;4039.3;40;4
4038.8;4038.8;45;9
4038.8;4038.9;44;8
4038.9;4039;45;9
4039;4039.1;44;8
4039.1;4039.1;45;9
4039.1;4039.2;44;8
4039.2;4039.3;45;9
4039.3;4039.4;46;10
4039.3;4039.8;38;2
4039.3;4039.8;41;5
4039.4;4039.4;45;9
4039.4;4039.5;46;10
4039.5;4039.6;45;9
4039.6;4039.7;46;10
4039.7;4039.7;45;9
4039.7;4039.7;46;10
4039.7;4039.8;45;9
4039.8;4039.9;44;8
4039.8;4040.4;37;1
4039.8;4040.4;40;4
4039.9;4039.9;45;9
4039.9;4040;44;8
4040;4040.1;45;9
4040.1;4040.2;44;8
4040.2;4040.2;45;9
4040.2;4040.3;44;8
4040.3;4040.4;45;9
4040.4;4041;62;2
4040.4;4040.5;46;10
4040.4;4041;38;2
4040.4;4041;41;5
4040.5;4040.5;45;9
4040.5;4040.6;46;10
4040.6;4040.7;45;9
4040.7;4040.8;46;10
4040.8;4040.8;45;9
4040.8;4040.9;46;10
4040.9;4041;45;9
4041;4041.3;57;9
4041;4041.1;44;8
4041;4041.6;37;1
4041;4041.6;40;4
4041.1;4041.1;45;9
4041.1;4041.2;44;8
4041.2;4041.3;45;9
4041.3;4041.4;44;8
4041.4;4041.4;45;9
4041.4;4041.6;57;9
4041.4;4041.5;44;8
4041.5;4041.6;45;9
4041.6;4042.2;63;3
4041.6;4041.7;36;0
4041.6;4041.7;39;3
4041.7;4041.7;44;8
4041.7;4041.8;36;0
4041.7;4041.8;39;3
4041.8;4041.9;44;8
4041.9;4042;36;0
4041.9;4042;39;3
4042;4042;44;8
4042;4042.1;36;0
4042;4042.1;39;3
4042.1;4042.2;44;8
4042.2;4042.3;48;0
4042.2;4042.3;36;0
4042.2;4042.3;39;3
4042.3;4042.3;44;8
4042.3;4042.5;49;1
4042.3;4042.4;36;0
4042.3;4042.4;39;3
4042.4;4042.5;44;8
4042.5;4042.6;50;2
4042.5;4042.6;36;0
4042.5;4042.6;39;3
4042.6;4042.6;44;8
4042.6;4042.8;51;3
4042.6;4042.7;36;0
4042.6;4042.7;39;3
4042.7;4042.8;44;8
4042.8;4042.9;52;4
4042.8;4042.9;36;0
4042.8;4042.9;39;3
4042.9;4042.9;44;8
4042.9;4043.1;53;5
4042.9;4043;36;0
4042.9;4043;39;3
4043;4043.1;44;8
4043.1;4043.2;54;6
4043.1;4043.2;36;0
4043.1;4043.2;39;3
4043.2;4043.2;44;8
4043.2;4043.4;55;7
4043.2;4043.3;36;0
4043.2;4043.3;39;3
4043.3;4043.4;44;8
4043.4;4043.5;56;8
4043.4;4043.5;36;0
4043.4;4043.5;39;3
4043.5;4043.5;44;8
4043.5;4043.7;57;9
4043.5;4043.6;36;0
4043.5;4043.6;39;3
4043.6;4043.7;44;8
4043.7;4043.8;58;10
4043.7;4043.8;36;0
4043.7;4043.8;39;3
4043.8;4043.8;44;8
4043.8;4044.1;59;11
4043.8;4044;36;0
4043.8;4044;39;3
4044.1;4044.1;44;8
4044.1;4044.3;60;0
4044.1;4044.2;40;4
4044.1;4044.2;43;7
4044.2;4044.3;48;0
4044.3;4044.4;61;1
4044.3;4044.3;40;4
4044.3;4044.3;43;7
4044.4;4044.4;48;0
4044.4;4044.6;62;2
4044.4;4044.5;40;4
4044.4;4044.5;43;7
4044.5;4044.6;48;0
4044.6;4044.7;63;3
4044.6;4044.6;40;4
4044.6;4044.6;43;7
4044.7;4044.7;48;0
4044.7;4044.8;64;4
4044.7;4044.7;40;4
4044.7;4044.7;43;7
4044.7;4044.8;48;0
4044.8;4045;65;5
4044.8;4044.9;40;4
4044.8;4044.9;43;7
4044.9;4044.9;48;0
4045;4045.1;66;6
4045;4045;40;4
4045;4045;43;7
4045;4045.1;48;0
4045.1;4045.3;67;7
4045.1;4045.2;40;4
4045.1;4045.2;43;7
4045.2;4045.2;48;0
4045.3;4045.4;68;8
4045.3;4045.3;40;4
4045.3;4045.3;43;7
4045.3;4045.4;48;0
4045.4;4045.6;69;9
4045.4;4045.5;40;4
4045.4;4045.5;43;7
4045.5;4045.5;48;0
4045.6;4045.7;70;10
4045.6;4045.6;40;4
4045.6;4045.6;43;7
4045.6;4045.7;48;0
4045.7;4045.9;71;11
4045.7;4045.8;40;4
4045.7;4045.8;43;7
4045.8;4045.8;48;0
4045.9;4046;72;0
4045.9;4045.9;40;4
4045.9;4045.9;43;7
4045.9;4046;48;0
4046;4046.2;73;1
4046;4046.1;40;4
4046;4046.1;43;7
4046.1;4046.1;48;0
4046.2;4046.3;74;2
4046.2;4046.2;40;4
4046.2;4046.2;43;7
4046.2;4046.3;48;0
4046.3;4046.5;75;3
4046.3;4046.4;40;4
4046.3;4046.4;43;7
4046.4;4046.4;48;0
4046.5;4046.5;76;4
4046.5;4046.8;44;8
4046.5;4046.8;47;11
4046.5;4046.6;77;5
4046.6;4046.7;76;4
4046.7;4046.8;77;5
4046.8;4046.8;76;4
4046.8;4046.8;68;8
4046.8;4046.9;77;5
4046.8;4046.9;71;11
4046.9;4046.9;76;4
4046.9;4046.9;68;8
4046.9;4047;77;5
4046.9;4047;71;11
4047;4047.1;78;6
4047;4047.1;69;9
4047.1;4047.2;77;5
4047.1;4047.2;72;0
4047.2;4047.2;78;6
4047.2;4047.2;69;9
4047.2;4047.3;77;5
4047.2;4047.3;72;0
4047.3;4047.4;78;6
4047.3;4047.4;69;9
4047.4;4047.5;77;5
4047.4;4047.5;72;0
4047.5;4047.5;78;6
4047.5;4047.5;69;9
4047.5;4047.6;77;5
4047.5;4047.6;72;0
4047.6;4047.7;76;4
4047.6;4047.7;68;8
4047.7;4047.8;77;5
4047.7;4047.8;71;11
4047.8;4047.8;76;4
4047.8;4047.8;68;8
4047.8;4047.9;77;5
4047.8;4047.9;71;11
4047.9;4048;76;4
4047.9;4048;68;8
4048;4048.1;77;5
4048;4048.1;71;11
4048.1;4048.1;76;4
4048.1;4048.1;68;8
4048.1;4048.2;77;5
4048.1;4048.2;71;11
4048.2;4048.3;78;6
4048.2;4048.3;69;9
4048.3;4048.4;77;5
4048.3;4048.4;72;0
4048.4;4048.4;78;6
4048.4;4048.4;69;9
4048.4;4048.5;77;5
4048.4;4048.5;72;0
4048.5;4048.6;78;6
4048.5;4048.6;69;9
4048.6;4048.7;77;5
4048.6;4048.7;72;0
4048.7;4048.7;78;6
4048.7;4048.7;69;9
4048.7;4048.9;77;5
4048.7;4048.9;72;0
4048.9;4049.3;78;6
4048.9;4049.3;70;10
4049.3;4049.3;79;7
4049.3;4049.3;73;1
4049.3;4049.4;78;6
4049.3;4049.4;70;10
4049.4;4049.5;79;7
4049.4;4049.5;73;1
4049.5;4049.6;78;6
4049.5;4049.6;70;10
4049.6;4049.6;79;7
4049.6;4049.6;73;1
4049.6;4049.7;78;6
4049.6;4049.7;70;10
4049.7;4049.8;79;7
4049.7;4049.8;73;1
4049.8;4049.9;80;8
4049.8;4049.9;71;11
4049.9;4049.9;79;7
4049.9;4049.9;74;2
4049.9;4050;80;8
4049.9;4050;71;11
4050;4050.1;79;7
4050;4050.1;74;2
4050.1;4050.2;80;8
4050.1;4050.2;71;11
4050.2;4050.2;79;7
4050.2;4050.2;74;2
4050.2;4050.3;80;8
4050.2;4050.3;71;11
4050.3;4050.4;79;7
4050.3;4050.4;74;2
4050.4;4050.5;78;6
4050.4;4050.5;70;10
4050.5;4050.5;79;7
4050.5;4050.5;73;1
4050.5;4050.6;78;6
4050.5;4050.6;70;10
4050.6;4050.7;79;7
4050.6;4050.7;73;1
4050.7;4050.8;78;6
4050.7;4050.8;70;10
4050.8;4050.8;79;7
4050.8;4050.8;73;1
4050.8;4050.9;78;6
4050.8;4050.9;70;10
4050.9;4051;79;7
4050.9;4051;73;1
4051;4051.1;80;8
4051;4051.1;71;11
4051.1;4051.1;79;7
4051.1;4051.1;74;2
4051.1;4051.2;80;8
4051.1;4051.2;71;11
4051.2;4051.3;79;7
4051.2;4051.3;74;2
4051.3;4051.4;80;8
4051.3;4051.4;71;11
4051.4;4051.4;79;7
4051.4;4051.4;74;2
4051.4;4051.5;80;8
4051.4;4051.5;71;11
4051.5;4051.8;79;7
4051.5;4051.8;74;2
4051.8;4051.9;95;11
4051.8;4052.8;64;4
4051.8;4052.8;68;8
4051.8;4052.8;71;11
4051.9;4052.1;92;8
4052.1;4052.2;88;4
4052.2;4052.4;100;4
4052.4;4052.5;95;11
4052.5;4052.7;88;4
4052.7;4052.8;92;8
4052.8;4053;96;0
4052.8;4053;64;4
4052.8;4053;69;9
4052.8;4053;72;0
4053;4053.1;95;11
4053;4054;64;4
4053;4054;68;8
4053;4054;71;11
4053.1;4053.3;92;8
4053.3;4053.4;88;4
4053.4;4053.6;100;4
4053.6;4053.7;95;11
4053.7;4053.9;88;4
4053.9;4054;92;8
4054;4054.5;97;1
4054;4054.5;61;1
4054;4054.5;64;4
4054;4054.5;68;8
4054;4054.5;73;1
4054.5;4054.7;95;11
4054.5;4056.4;64;4
4054.5;4056.4;68;8
4054.5;4056.4;71;11
4054.7;4054.8;92;8
4054.8;4055;88;4
4055;4055.1;100;4
4055.1;4055.5;95;11
4055.5;4055.9;87;3
4055.9;4056;88;4
4056;4056;92;8
4056;4056.2;99;3
4056.2;4056.4;97;1
4056.4;4056.5;95;11
4056.4;4057;59;11
4056.4;4057;66;6
4056.4;4057;69;9
4056.4;4057;71;11
4056.5;4056.7;90;6
4056.7;4056.8;93;9
4056.8;4057;87;3
4057;4057.1;90;6
4057;4057.6;59;11
4057;4057.6;66;6
4057;4057.6;69;9
4057;4057.6;71;11
4057.1;4057.3;83;11
4057.3;4057.5;87;3
4057.5;4057.6;90;6
4057.6;4057.9;95;11
4057.6;4059;64;4
4057.6;4059;68;8
4057.6;4059;71;11
4057.9;4058;92;8
4058;4058.2;88;4
4058.2;4058.6;100;4
4058.6;4058.7;95;11
4058.7;4058.9;88;4
4058.9;4059;92;8
4059;4059.2;96;0
4059;4059.2;63;3
4059;4059.2;69;9
4059;4059.2;72;0
4059.2;4059.3;95;11
4059.2;4060.2;64;4
4059.2;4060.2;68;8
4059.2;4060.2;71;11
4059.3;4059.5;92;8
4059.5;4059.6;88;4
4059.6;4059.8;100;4
4059.8;4059.9;95;11
4059.9;4060.1;88;4
4060.1;4060.2;92;8
4060.2;4060.4;97;1
4060.2;4060.4;61;1
4060.2;4060.4;64;4
4060.2;4060.4;68;8
4060.2;4060.4;73;1
4060.4;4060.5;95;11
4060.4;4061;64;4
4060.4;4061;68;8
4060.4;4061;71;11
4060.5;4060.7;88;4
4060.7;4060.8;92;8
4060.8;4061;95;11
4061;4061.1;100;4
4061;4061.6;61;1
4061;4061.6;68;8
4061;4061.6;76;4
4061.1;4061.3;92;8
4061.3;4061.4;97;1
4061.4;4061.6;88;4
4061.6;4061.7;99;3
4061.6;4063.2;63;3
4061.6;4063.2;67;7
4061.6;4063.2;70;10
4061.6;4063.2;75;3
4061.7;4061.9;91;7
4061.9;4062;94;10
4062;4062.3;86;2
4062.3;4062.6;87;3
4062.6;4062.9;91;7
4062.9;4063.2;94;10
4063.2;4063.4;98;2
4063.2;4063.4;65;5
4063.2;4063.4;68;8
4063.2;4063.4;71;11
4063.2;4063.4;74;2
4063.4;4063.5;97;1
4063.4;4064.4;66;6
4063.4;4064.4;70;10
4063.4;4064.4;73;1
4063.5;4063.7;94;10
4063.7;4063.8;90;6
4063.8;4064;102;6
4064;4064.1;97;1
4064.1;4064.3;90;6
4064.3;4064.4;94;10
4064.4;4064.6;98;2
4064.4;4064.6;65;5
4064.4;4064.6;71;11
4064.4;4064.6;75;3
4064.6;4064.7;97;1
4064.6;4066.1;66;6
4064.6;4066.1;70;10
4064.6;4066.1;73;1
4064.7;4064.9;94;10
4064.9;4065;90;6
4065;4065.2;102;6
4065.2;4065.4;97;1
4065.4;4065.6;90;6
4065.6;4066.1;94;10
4066.1;4066.5;99;3
4066.1;4066.5;63;3
4066.1;4066.5;66;6
4066.1;4066.5;70;10
4066.1;4066.5;75;3
4066.5;4066.6;97;1
4066.5;4067.7;66;6
4066.5;4067.7;70;10
4066.5;4067.7;73;1
4066.6;4066.8;94;10
4066.8;4066.9;90;6
4066.9;4067.1;102;6
4067.1;4067.2;97;1
4067.2;4067.4;89;5
4067.4;4067.5;90;6
4067.5;4067.5;94;10
4067.5;4067.6;101;5
4067.6;4067.7;99;3
4067.7;4067.8;97;1
4067.7;4068.8;61;1
4067.7;4068.8;68;8
4067.7;4068.8;71;11
4067.7;4068.8;73;1
4067.8;4068;92;8
4068;4068.6;95;11
4068.6;4068.8;89;5
4068.8;4068.9;92;8
4068.8;4069.4;61;1
4068.8;4069.4;68;8
4068.8;4069.4;71;11
4068.8;4069.4;73;1
4068.9;4069.1;85;1
4069.1;4069.2;89;5
4069.2;4069.4;92;8
4069.4;4069.5;97;1
4069.4;4070.4;66;6
4069.4;4070.4;70;10
4069.4;4070.4;73;1
4069.5;4069.7;94;10
4069.7;4069.8;90;6
4069.8;4070;102;6
4070;4070.1;97;1
4070.1;4070.3;90;6
4070.3;4070.4;94;10
4070.4;4070.6;98;2
4070.4;4070.6;65;5
4070.4;4070.6;71;11
4070.4;4070.6;74;2
4070.6;4070.8;97;1
4070.6;4072;66;6
4070.6;4072;70;10
4070.6;4072;73;1
4070.8;4071;93;9
4071;4071.1;90;6
4071.1;4071.3;102;6
4071.3;4071.5;97;1
4071.5;4071.6;90;6
4071.6;4072;93;9
4072;4072.3;99;3
4072;4072.3;63;3
4072;4072.3;66;6
4072;4072.3;70;10
4072;4072.3;75;3
4072.3;4072.4;97;1
4072.3;4072.9;66;6
4072.3;4072.9;70;10
4072.3;4072.9;73;1
4072.4;4072.6;90;6
4072.6;4072.7;94;10
4072.7;4072.9;97;1
4072.9;4073;102;6
4072.9;4073.5;63;3
4072.9;4073.5;70;10
4072.9;4073.5;78;6
4073;4073.2;94;10
4073.2;4073.4;99;3
4073.4;4073.5;90;6
4073.5;4073.7;101;5
4073.5;4075.2;65;5
4073.5;4075.2;69;9
4073.5;4075.2;72;0
4073.5;4075.2;77;5
4073.7;4073.8;93;9
4073.8;4074;96;0
4074;4074.1;88;4
4074.1;4074.5;88;4
4074.5;4074.7;93;9
4074.7;4075.2;96;0
4075.2;4075.3;100;4
4075.2;4075.3;67;7
4075.2;4075.3;70;10
4075.2;4075.3;73;1
4075.2;4075.3;76;4
4075.3;4075.5;99;3
4075.3;4076.4;68;8
4075.3;4076.4;72;0
4075.3;4076.4;75;3
4075.5;4075.6;96;0
4075.6;4075.8;92;8
4075.8;4075.9;104;8
4075.9;4076.1;99;3
4076.1;4076.2;92;8
4076.2;4076.4;96;0
4076.4;4076.7;100;4
4076.4;4076.7;67;7
4076.4;4076.7;73;1
4076.4;4076.7;76;4
4076.7;4076.8;99;3
4076.7;4077.8;68;8
4076.7;4077.8;72;0
4076.7;4077.8;75;3
4076.8;4077;96;0
4077;4077.2;92;8
4077.2;4077.3;104;8
4077.3;4077.5;99;3
4077.5;4077.6;92;8
4077.6;4077.8;96;0
4077.8;4078.2;101;5
4077.8;4078.2;65;5
4077.8;4078.2;68;8
4077.8;4078.2;72;0
4077.8;4078.2;77;5
4078.2;4078.4;99;3
4078.2;4078.8;68;8
4078.2;4078.8;72;0
4078.2;4078.8;75;3
4078.4;4078.5;92;8
4078.5;4078.7;96;0
4078.7;4078.8;99;3
4078.8;4079;104;8
4078.8;4079.4;65;5
4078.8;4079.4;72;0
4078.8;4079.4;80;8
4079;4079.1;96;0
4079.1;4079.3;101;5
4079.3;4079.4;92;8
4079.4;4079.6;103;7
4079.4;4080.8;67;7
4079.4;4080.8;71;11
4079.4;4080.8;74;2
4079.4;4080.8;79;7
4079.6;4079.7;95;11
4079.7;4079.9;98;2
4079.9;4080;90;6
4080;4080.2;91;7
4080.2;4080.4;95;11
4080.4;4080.8;98;2
4080.8;4081.2;102;6
4080.8;4081.2;69;9
4080.8;4081.2;72;0
4080.8;4081.2;75;3
4080.8;4081.2;78;6
4081.2;4081.5;101;5
4081.2;4081.7;70;10
4081.2;4081.7;74;2
4081.2;4081.7;77;5
4081.5;4081.7;94;10
4081.7;4081.8;93;9
4081.7;4082;72;0
4081.7;4082;75;3
4081.8;4082;103;7
4082;4082.4;101;5
4082;4082.6;74;2
4082;4082.6;77;5
4082.4;4082.6;94;10
4082.6;4082.7;93;9
4082.6;4082.9;72;0
4082.6;4082.9;75;3
4082.7;4082.9;103;7
4082.9;4083.1;101;5
4082.9;4083.3;74;2
4082.9;4083.3;77;5
4083.1;4083.3;94;10
4083.3;4083.5;93;9
4083.3;4083.6;73;1
4083.3;4083.6;76;4
4083.5;4083.6;100;4
4083.6;4083.8;99;3
4083.6;4083.9;72;0
4083.6;4083.9;75;3
4083.8;4083.9;92;8
4083.9;4084.1;91;7
4083.9;4084.2;71;11
4083.9;4084.2;74;2
4084.1;4084.2;98;2
4084.2;4084.4;97;1
4084.2;4084.7;70;10
4084.2;4084.7;73;1
4084.4;4084.7;90;6
4084.7;4084.8;89;5
4084.7;4085;68;8
4084.7;4085;71;11
4084.8;4085;99;3
4085;4085.1;97;1
4085;4085.4;70;10
4085;4085.4;73;1
4085.1;4085.4;90;6
4085.4;4085.5;89;5
4085.4;4085.8;68;8
4085.4;4085.8;71;11
4085.5;4085.8;99;3
4085.8;4086;97;1
4085.8;4086.2;70;10
4085.8;4086.2;73;1
4086;4086.2;90;6
4086.2;4086.3;89;5
4086.2;4086.5;69;9
4086.2;4086.5;72;0
4086.3;4086.5;96;0
4086.5;4086.7;95;11
4086.5;4086.8;68;8
4086.5;4086.8;71;11
4086.7;4086.8;88;4
4086.8;4087;87;3
4086.8;4087.1;67;7
4086.8;4087.1;70;10
4087;4087.1;82;10
4087.1;4087.8;96;0
4087.1;4087.3;84;0
4087.1;4087.8;44;8
4087.3;4087.3;92;8
4087.3;4087.8;51;3
4087.3;4087.4;87;3
4087.4;4087.8;60;0
4087.4;4087.5;84;0
4087.5;4087.6;87;3
4087.6;4087.6;84;0
4087.6;4087.7;87;3
4087.7;4087.8;92;8
4087.8;4089.1;95;11
4087.8;4087.9;83;11
4087.8;4089.1;47;11
4087.9;4088.2;90;6
4087.9;4089.1;54;6
4088.2;4088.7;87;3
4088.5;4089.1;63;3
4088.7;4088.8;83;11
4088.8;4088.9;87;3
4088.9;4089;83;11
4089;4089.1;87;3
4089.1;4089.1;90;6
4089.1;4089.7;94;10
4089.1;4089.2;82;10
4089.1;4089.7;50;2
4089.2;4089.3;89;5
4089.2;4089.7;58;10
4089.3;4089.4;86;2
4089.3;4089.7;65;5
4089.4;4089.4;82;10
4089.4;4089.5;86;2
4089.5;4089.6;82;10
4089.6;4089.7;86;2
4089.7;4089.7;89;5
4089.7;4090.3;93;9
4089.7;4089.8;81;9
4089.7;4090.3;51;3
4089.8;4089.9;90;6
4089.8;4090.3;60;0
4089.9;4090;84;0
4089.9;4090.3;66;6
4090;4090;81;9
4090;4090.1;84;0
4090.1;4090.2;81;9
4090.2;4090.3;84;0
4090.3;4090.3;90;6
4090.3;4090.9;92;8
4090.3;4090.4;80;8
4090.3;4090.9;52;4
4090.4;4090.5;88;4
4090.4;4090.9;59;11
4090.5;4090.6;83;11
4090.5;4090.9;68;8
4090.6;4090.6;80;8
4090.6;4090.7;83;11
4090.7;4090.8;80;8
4090.8;4090.9;83;11
4090.9;4090.9;88;4
4090.9;4091.5;91;7
4090.9;4091;79;7
4090.9;4091.5;55;7
4091;4091.1;85;1
4091;4091.5;63;3
4091.1;4091.2;82;10
4091.1;4091.5;70;10
4091.2;4091.2;79;7
4091.2;4091.3;82;10
4091.3;4091.4;79;7
4091.4;4091.5;82;10
4091.5;4091.5;88;4
4091.5;4092.7;90;6
4091.5;4091.6;78;6
4091.5;4092.7;58;10
4091.6;4091.7;84;0
4091.6;4092.7;69;9
4091.7;4091.8;81;9
4091.7;4092.7;75;3
4091.8;4091.8;78;6
4091.8;4091.9;81;9
4091.9;4092;78;6
4092;4092.4;81;9
4092.4;4092.7;88;4
4092.7;4093.5;89;5
4092.7;4092.9;77;5
4092.7;4093.5;59;11
4092.9;4093;86;2
4092.9;4093.5;68;8
4093;4093.1;80;8
4093;4093.5;74;2
4093.1;4093.2;77;5
4093.2;4093.2;80;8
4093.2;4093.3;77;5
4093.3;4093.4;80;8
4093.4;4093.5;86;2
4093.5;4094.1;88;4
4093.5;4093.5;76;4
4093.5;4094.1;48;0
4093.5;4093.6;84;0
4093.5;4094.1;55;7
4093.6;4093.7;79;7
4093.6;4094.1;64;4
4093.7;4093.8;76;4
4093.8;4093.8;79;7
4093.8;4093.9;76;4
4093.9;4094;79;7
4094;4094.1;84;0
4094.1;4094.7;87;3
4094.1;4094.1;75;3
4094.1;4094.7;51;3
4094.1;4094.2;82;10
4094.1;4094.7;58;10
4094.2;4094.3;79;7
4094.2;4094.7;67;7
4094.3;4094.4;75;3
4094.4;4094.4;79;7
4094.4;4094.5;75;3
4094.5;4094.6;79;7
4094.6;4094.7;82;10
4094.7;4095.5;86;2
4094.7;4094.7;74;2
4094.7;4095.5;54;6
4094.7;4094.8;81;9
4094.7;4095.5;62;2
4094.8;4094.9;78;6
4094.8;4095.5;69;9
4094.9;4095.2;74;2
4095.2;4095.2;78;6
4095.2;4095.3;74;2
4095.3;4095.4;78;6
4095.4;4095.5;81;9
4095.5;4096.7;85;1
4095.5;4095.6;73;1
4095.5;4096.7;55;7
4095.6;4095.7;82;10
4095.6;4096.7;64;4
4095.7;4095.8;75;3
4095.7;4096.7;70;10
4095.8;4095.8;73;1
4095.8;4095.9;75;3
4095.9;4096.1;73;1
4096.1;4096.2;75;3
4096.2;4096.7;82;10
4096.7;4097.9;84;0
4096.7;4096.8;72;0
4096.7;4097.9;56;8
4096.7;4097.9;63;3
4096.7;4097.9;68;8
4096.8;4096.9;80;8
4096.9;4097;75;3
4097;4097.1;72;0
4097.1;4097.2;75;3
4097.2;4097.3;72;0
4097.3;4097.4;75;3
4097.4;4097.9;80;8
4097.9;4098.7;83;11
4097.9;4098;71;11
4097.9;4098.7;59;11
4097.9;4098.7;63;3
4097.9;4098.7;66;6
4098;4098;78;6
4098;4098.1;75;3
4098.1;4098.2;71;11
4098.2;4098.3;75;3
4098.3;4098.5;71;11
4098.5;4098.6;75;3
4098.6;4098.7;78;6
4098.7;4099.4;82;10
4098.7;4098.8;70;10
4098.7;4099.4;62;2
4098.7;4099.4;65;5
4098.8;4098.8;77;5
4098.8;4098.9;74;2
4098.9;4099;70;10
4099;4099.1;74;2
4099.1;4099.2;70;10
4099.2;4099.3;74;2
4099.3;4099.4;77;5
4099.4;4100;81;9
4099.4;4099.4;69;9
4099.4;4100;63;3
4099.4;4100;66;6
4099.4;4099.5;78;6
4099.5;4099.6;72;0
4099.6;4099.7;69;9
4099.7;4099.8;72;0
4099.8;4099.8;69;9
4099.8;4099.9;72;0
4099.9;4100;78;6
4100;4100.6;80;8
4100;4101.9;52;4
4100;4101.9;56;8
4100;4101.9;59;11
4100;4101.9;64;4
4100.1;4100.2;76;4
4100.2;4100.3;71;11
4100.3;4100.4;69;9
4100.4;4100.5;71;11
4100.5;4100.6;76;4
4100.6;4101.2;85;1
4100.7;4100.8;80;8
4100.8;4100.9;76;4
4100.9;4101;73;1
4101;4101.1;76;4
4101.1;4101.2;80;8
4101.2;4101.9;83;11
4101.3;4101.4;80;8
4101.4;4101.5;76;4
4101.5;4101.6;71;11
4101.6;4101.7;76;4
4101.7;4101.9;80;8
4101.9;4102.5;80;8
4101.9;4103.5;47;11
4101.9;4103.5;57;9
4102;4102.1;75;3
4102.1;4103.5;63;3
4102.1;4102.2;71;11
4102.2;4102.3;69;9
4102.3;4102.6;71;11
4102.5;4102.6;78;6
4102.6;4103.5;78;6
4103.5;4104;76;4
4103.5;4105.8;52;4
4103.5;4105.8;56;8
4103.5;4105.8;59;11
4103.5;4105.8;64;4
4103.6;4103.7;71;11
4103.7;4103.9;68;8
4103.9;4104;71;11
4104;4104.1;76;4
4104.1;4105.1;85;1
4104.2;4104.7;80;8
4104.7;4104.8;76;4
4104.8;4104.9;73;1
4104.9;4105;76;4
4105;4105.1;80;8
4105.1;4105.8;83;11
4105.2;4105.3;80;8
4105.3;4105.4;76;4
4105.4;4105.5;71;11
4105.5;4105.6;76;4
4105.6;4105.8;80;8
4105.8;4106.4;80;8
4105.8;4106.6;47;11
4105.9;4106.6;57;9
4105.9;4106;75;3
4106;4106.6;63;3
4106;4106.1;71;11
4106.1;4106.4;69;9
4106.4;4106.5;71;11
4106.4;4106.5;78;6
4106.5;4106.6;78;6
4106.6;4107.2;76;4
4106.6;4109;52;4
4106.6;4109;56;8
4106.6;4109;59;11
4106.6;4109;64;4
4106.7;4107;71;11
4107;4107.1;68;8
4107.1;4107.2;71;11
4107.2;4107.3;76;4
4107.3;4108.1;85;1
4107.4;4107.5;80;8
4107.5;4107.6;76;4
4107.6;4107.9;73;1
4107.9;4108;76;4
4108;4108.1;80;8
4108.1;4109;83;11
4108.2;4108.3;80;8
4108.3;4108.4;76;4
4108.4;4108.5;71;11
4108.5;4108.7;76;4
4108.7;4109;80;8
4109;4109.9;80;8
4109;4110.1;47;11
4109;4110.1;57;9
4109.1;4109.3;75;3
4109.3;4110.1;63;3
4109.3;4109.6;71;11
4109.6;4109.8;69;9
4109.8;4110;71;11
4109.9;4110;78;6
4110;4110.1;78;6
4110.1;4111;76;4
4110.1;4112.7;52;4
4110.1;4112.7;56;8
4110.1;4112.7;59;11
4110.1;4112.7;64;4
4110.4;4110.6;71;11
4110.6;4110.8;68;8
4110.8;4111;71;11
4111;4111.3;76;4
4111.3;4112;85;1
4111.4;4111.5;80;8
4111.5;4111.7;76;4
4111.7;4111.8;73;1
4111.8;4111.9;76;4
4111.9;4112;80;8
4112;4112.7;83;11
4112.1;4112.3;80;8
4112.3;4112.4;76;4
4112.4;4112.5;71;11
4112.5;4112.6;76;4
4112.6;4112.7;80;8
4112.7;4113.2;81;9
4112.7;4113.5;59;11
4112.7;4113.5;62;2
4112.8;4112.9;76;4
4112.9;4113.1;71;11
4113;4113.5;52;4
4113.1;4113.2;76;4
4113.2;4113.2;80;8
4113.2;4113.5;80;8
4113.5;4114;81;9
4113.5;4116;57;9
4113.6;4113.8;76;4
4113.8;4113.9;73;1
4113.9;4114;76;4
4114;4114.3;81;9
4114.3;4115.1;90;6
4114.3;4115.7;61;1
4114.3;4115.7;64;4
4114.3;4115.7;69;9
4114.4;4114.5;85;1
4114.5;4114.6;81;9
4114.6;4114.8;78;6
4114.8;4115;81;9
4115;4115.1;85;1
4115.1;4115.7;88;4
4115.2;4115.3;85;1
4115.3;4115.4;81;9
4115.4;4115.5;76;4
4115.5;4115.6;81;9
4115.6;4115.7;85;1
4115.7;4116.2;85;1
4115.7;4116.6;62;2
4115.7;4116.6;65;5
4115.7;4116.6;68;8
4115.8;4115.9;80;8
4115.9;4116;77;5
4116;4116.2;75;3
4116;4116.6;57;9
4116.2;4116.3;77;5
4116.2;4116.3;83;11
4116.3;4116.6;83;11
4116.6;4117.2;81;9
4116.6;4119.4;60;0
4116.9;4117;76;4
4117;4117.1;72;0
4117.1;4117.2;76;4
4117.2;4117.4;81;9
4117.4;4118.3;90;6
4117.4;4117.5;89;5
4117.4;4120.2;64;4
4117.4;4120.2;69;9
4117.5;4117.8;84;0
4117.8;4117.9;81;9
4117.9;4118.1;77;5
4118.1;4118.2;81;9
4118.2;4118.3;84;0
4118.3;4119;88;4
4118.4;4118.5;84;0
4118.5;4118.6;81;9
4118.6;4118.8;76;4
4118.8;4118.9;81;9
4118.9;4119;84;0
4119;4119.6;84;0
4119.1;4119.2;81;9
4119.2;4119.4;76;4
4119.4;4119.5;72;0
4119.4;4119.6;59;11
4119.5;4119.6;76;4
4119.6;4119.6;81;9
4119.6;4120.2;57;9
4119.6;4120.2;81;9
4120.2;4121;78;6
4120.2;4120.4;77;5
4120.2;4123.5;65;5
4120.4;4120.5;81;9
4120.5;4120.6;77;5
4120.6;4120.7;72;0
4120.7;4120.9;77;5
4120.9;4121;81;9
4121;4121.9;87;3
4121;4121.1;86;2
4121;4122.6;69;9
4121.1;4121.2;81;9
4121.2;4121.3;77;5
4121.3;4121.4;74;2
4121.4;4121.6;77;5
4121.6;4121.9;81;9
4121.9;4122.6;84;0
4122;4122.2;81;9
4122.2;4122.3;77;5
4122.3;4122.4;72;0
4122.4;4122.5;77;5
4122.5;4122.6;81;9
4122.6;4123.2;81;9
4122.6;4123.5;70;10
4122.8;4122.9;76;4
4122.9;4123.1;72;0
4123.1;4123.2;76;4
4123.2;4123.2;79;7
4123.2;4123.5;79;7
4123.5;4124;77;5
4123.5;4125.2;57;9
4123.6;4123.8;72;0
4123.8;4123.9;69;9
4123.9;4124;72;0
4124;4124.1;77;5
4124.1;4125.2;86;2
4124.1;4125.9;60;0
4124.1;4125.9;65;5
4124.2;4124.4;81;9
4124.4;4124.5;77;5
4124.5;4125;74;2
4125;4125.1;77;5
4125.1;4125.2;81;9
4125.2;4125.9;84;0
4125.2;4126.7;55;7
4125.3;4125.4;81;9
4125.4;4125.5;77;5
4125.5;4125.6;72;0
4125.6;4125.8;77;5
4125.8;4125.9;81;9
4125.9;4126.7;81;9
4125.9;4127;60;0
4126;4126.1;77;5
4126.1;4126.5;72;0
4126.5;4126.6;69;9
4126.6;4126.7;72;0
4126.7;4126.7;77;5
4126.7;4127;53;5
4126.7;4127;77;5
4127;4127.5;76;4
4127;4129.4;60;0
4127.1;4127.3;72;0
4127.3;4127.4;67;7
4127.4;4127.5;72;0
4127.5;4127.7;76;4
4127.7;4128.4;87;3
4127.7;4127.8;86;2
4127.7;4129.1;64;4
4127.7;4129.1;67;7
4127.8;4127.9;79;7
4127.9;4128;76;4
4128;4128.1;74;2
4128.1;4128.2;76;4
4128.2;4128.4;79;7
4128.4;4129.1;84;0
4128.6;4128.7;79;7
4128.7;4128.8;76;4
4128.8;4128.9;72;0
4128.9;4129;76;4
4129;4129.1;79;7
4129.1;4130.2;79;7
4129.1;4130.6;64;4
4129.2;4129.3;76;4
4129.3;4129.4;72;0
4129.4;4130.2;67;7
4129.4;4130.6;60;0
4130.2;4130.3;72;0
4130.2;4130.3;78;6
4130.3;4130.6;78;6
4130.6;4131.3;78;6
4130.6;4130.7;77;5
4130.6;4133.4;62;2
4130.7;4130.8;74;2
4130.8;4131;69;9
4131;4131.1;74;2
4131.1;4131.3;77;5
4131.3;4132.4;88;4
4131.3;4133;65;5
4131.3;4133;69;9
4131.4;4131.6;81;9
4131.6;4132;77;5
4132;4132.2;76;4
4132.2;4132.3;77;5
4132.3;4132.4;81;9
4132.4;4133;86;2
4132.5;4132.6;81;9
4132.6;4132.7;77;5
4132.7;4132.8;74;2
4132.8;4132.9;77;5
4132.9;4133;81;9
4133;4133.6;83;11
4133.1;4133.2;77;5
4133.2;4133.4;74;2
4133.4;4133.6;71;11
4133.4;4133.6;60;0
4133.6;4133.7;74;2
4133.6;4133.7;81;9
4133.6;4134.4;62;2
4133.7;4134.4;81;9
4134.4;4135.2;80;8
4134.4;4137.4;52;4
4134.4;4136.8;64;4
4134.7;4134.8;76;4
4134.8;4134.9;71;11
4134.9;4135;68;8
4135;4135.1;71;11
4135.1;4135.2;76;4
4135.2;4135.8;85;1
4135.3;4135.4;80;8
4135.4;4135.5;76;4
4135.5;4135.6;73;1
4135.6;4135.7;76;4
4135.7;4135.8;80;8
4135.8;4136.8;83;11
4136.2;4136.4;80;8
4136.4;4136.5;76;4
4136.5;4136.6;71;11
4136.6;4136.7;76;4
4136.7;4136.8;80;8
4136.8;4137.3;80;8
4136.8;4137.4;57;9
4136.8;4137.4;60;0
4136.8;4137.4;63;3
4136.9;4137;75;3
4137;4137.1;72;0
4137.1;4137.2;69;9
4137.2;4137.3;72;0
4137.3;4137.3;78;6
4137.3;4137.4;78;6
4137.4;4138.2;76;4
4137.4;4139.6;52;4
4137.4;4139.6;56;8
4137.4;4139.6;59;11
4137.4;4139.6;64;4
4137.5;4137.8;71;11
4137.8;4138;68;8
4138;4138.2;71;11
4138.2;4138.3;76;4
4138.3;4139.3;85;1
4138.4;4138.6;80;8
4138.6;4138.7;76;4
4138.7;4139;73;1
4139;4139.2;76;4
4139.2;4139.3;80;8
4139.3;4140;83;11
4139.4;4139.5;80;8
4139.5;4139.6;76;4
4139.6;4139.8;71;11
4139.8;4139.9;76;4
4139.9;4140;80;8
4140;4140.4;80;8
4140;4140.8;35;11
4140;4140.8;47;11
4140.1;4140.2;75;3
4140.2;4140.3;71;11
4140.3;4140.4;69;9
4140.4;4140.5;71;11
4140.4;4140.5;78;6
4140.5;4140.8;78;6
4140.8;4141.5;76;4
4140.8;4143.8;40;4
4140.8;4143.8;52;4
4140.9;4141;71;11
4141;4141.1;68;8
4141.1;4141.2;64;4
4141.2;4141.4;68;8
4141.4;4141.5;71;11
4141.5;4142.9;85;1
4141.6;4141.7;80;8
4141.7;4142.2;76;4
4142.2;4142.7;73;1
4142.7;4142.8;76;4
4142.8;4142.9;80;8
4142.9;4143.5;83;11
4143;4143.1;80;8
4143.1;4143.2;76;4
4143.2;4143.3;71;11
4143.3;4143.4;76;4
4143.4;4143.5;80;8
4143.5;4144;80;8
4143.6;4143.7;75;3
4143.7;4143.8;72;0
4143.8;4143.9;69;9
4143.8;4144.4;40;4
4143.8;4144.4;52;4
4143.9;4144;72;0
4144;4144;78;6
4144;4144.4;78;6
4144.4;4145.4;76;4
4144.4;4147.3;43;7
4144.4;4147.3;55;7
4144.9;4145;71;11
4145;4145.1;67;7
4145.1;4145.2;64;4
4145.2;4145.3;67;7
4145.3;4145.4;71;11
4145.4;4146;84;0
4145.5;4145.6;79;7
4145.6;4145.7;76;4
4145.7;4145.8;72;0
4145.8;4145.9;76;4
4145.9;4146;79;7
4146;4146.9;83;11
4146.1;4146.4;79;7
4146.4;4146.5;76;4
4146.5;4146.7;71;11
4146.7;4146.8;76;4
4146.8;4146.9;79;7
4146.9;4147.4;79;7
4147.1;4147.2;76;4
4147.2;4147.3;71;11
4147.3;4147.4;67;7
4147.3;4147.4;42;6
4147.3;4147.4;54;6
4147.4;4147.5;71;11
4147.4;4147.5;76;4
4147.4;4147.6;40;4
4147.4;4147.6;52;4
4147.5;4147.6;76;4
4147.6;4148.2;72;0
4147.6;4151.2;48;0
4147.6;4151.2;60;0
4147.8;4147.9;67;7
4147.9;4148;64;4
4148;4148.2;67;7
4148.2;4148.3;72;0
4148.3;4149;93;9
4148.4;4148.5;88;4
4148.5;4148.6;84;0
4148.6;4148.7;81;9
4148.7;4148.9;84;0
4148.9;4149;88;4
4149;4149.9;91;7
4149.1;4149.2;88;4
4149.2;4149.4;84;0
4149.4;4149.6;79;7
4149.6;4149.7;84;0
4149.7;4149.9;88;4
4149.9;4150.4;88;4
4150;4150.1;83;11
4150.1;4150.2;80;8
4150.2;4150.4;77;5
4150.4;4150.5;80;8
4150.4;4150.5;86;2
4150.5;4151.2;86;2
4151.2;4152.6;84;0
4151.2;4153.2;40;4
4151.2;4153.2;52;4
4151.8;4152.1;79;7
4152.1;4152.2;76;4
4152.2;4152.3;72;0
4152.3;4152.5;76;4
4152.5;4152.6;79;7
4152.6;4153.2;93;9
4152.7;4152.8;88;4
4152.8;4152.9;84;0
4152.9;4153;81;9
4153;4153.1;84;0
4153.1;4153.2;88;4
4153.2;4153.8;91;7
4153.2;4154.1;38;2
4153.2;4154.1;50;2
4153.3;4153.4;88;4
4153.4;4153.5;84;0
4153.5;4153.6;79;7
4153.6;4153.7;84;0
4153.7;4153.8;88;4
4153.8;4154.3;88;4
4153.9;4154;84;0
4154;4154.1;79;7
4154.1;4154.2;76;4
4154.1;4154.4;36;0
4154.1;4154.4;48;0
4154.2;4154.3;79;7
4154.3;4154.3;84;0
4154.3;4154.4;84;0
4154.4;4155.9;83;11
4154.4;4157.6;43;7
4154.4;4157.6;55;7
4154.5;4155.5;79;7
4155.5;4155.6;74;2
4155.6;4155.7;71;11
4155.7;4155.8;74;2
4155.8;4155.9;79;7
4155.9;4156.6;93;9
4156;4156.1;86;2
4156.1;4156.2;83;11
4156.2;4156.3;81;9
4156.3;4156.5;83;11
4156.5;4156.6;86;2
4156.6;4157.3;91;7
4156.8;4156.9;86;2
4156.9;4157;83;11
4157;4157.1;79;7
4157.1;4157.2;83;11
4157.2;4157.3;86;2
4157.3;4157.8;86;2
4157.4;4157.5;83;11
4157.5;4157.6;79;7
4157.6;4157.7;74;2
4157.6;4157.9;43;7
4157.6;4157.9;55;7
4157.7;4157.8;79;7
4157.8;4157.8;85;1
4157.8;4157.9;85;1
4157.9;4158.5;84;0
4157.9;4161;45;9
4157.9;4161;57;9
4158;4158.1;81;9
4158.1;4158.2;76;4
4158.2;4158.3;72;0
4158.3;4158.4;76;4
4158.4;4158.5;81;9
4158.5;4160;83;11
4158.6;4158.7;88;4
4158.7;4159.7;84;0
4159.7;4159.8;81;9
4159.8;4159.9;84;0
4159.9;4160;88;4
4160;4160.7;93;9
4160.1;4160.2;88;4
4160.2;4160.4;84;0
4160.4;4160.5;81;9
4160.5;4160.6;84;0
4160.6;4160.7;88;4
4160.7;4161.1;90;6
4160.8;4160.9;84;0
4160.9;4161;81;9
4161;4161.1;78;6
4161;4161.1;43;7
4161;4161.1;55;7
4161.1;4161.4;81;9
4161.1;4161.4;88;4
4161.1;4161.6;45;9
4161.1;4161.6;57;9
4161.4;4161.6;88;4
4161.6;4162.2;87;3
4161.6;4165;47;11
4161.6;4165;59;11
4161.7;4161.8;83;11
4161.8;4161.9;78;6
4161.9;4162;75;3
4162;4162.1;78;6
4162.1;4162.2;83;11
4162.2;4162.8;92;8
4162.3;4162.4;87;3
4162.4;4162.5;83;11
4162.5;4162.6;80;8
4162.6;4162.7;83;11
4162.7;4162.8;87;3
4162.8;4164.3;90;6
4162.9;4163.5;87;3
4163.5;4164;83;11
4164;4164.1;78;6
4164.1;4164.2;83;11
4164.2;4164.3;87;3
4164.3;4164.8;87;3
4164.4;4164.5;83;11
4164.5;4164.6;78;6
4164.6;4164.8;75;3
4164.8;4164.9;78;6
4164.8;4164.9;85;1
4164.9;4165;85;1
4165;4165.6;83;11
4165;4167.6;59;11
4165;4168.3;43;7
4165;4168.3;50;2
4165.1;4165.2;79;7
4165.2;4165.3;74;2
4165.3;4165.4;71;11
4165.4;4165.5;74;2
4165.5;4165.6;79;7
4165.6;4166.9;83;11
4165.8;4165.9;79;7
4165.9;4166;74;2
4166;4166.3;71;11
4166.3;4166.8;74;2
4166.8;4166.9;79;7
4166.9;4167.6;81;9
4167;4167.1;74;2
4167.1;4167.3;71;11
4167.3;4167.4;69;9
4167.4;4167.5;71;11
4167.5;4167.6;74;2
4167.6;4168.2;79;7
4167.6;4168.3;60;0
4167.7;4167.8;74;2
4167.8;4168;71;11
4168;4168.1;67;7
4168.1;4168.2;71;11
4168.2;4168.2;78;6
4168.2;4168.3;78;6
4168.3;4168.8;77;5
4168.3;4170.9;61;1
4168.3;4171.8;49;1
4168.4;4171.8;56;8
4168.5;4168.6;73;1
4168.5;4171.8;59;11
4168.6;4168.7;68;8
4168.7;4168.8;73;1
4168.8;4169;77;5
4169;4170.1;86;2
4169.1;4169.2;80;8
4169.2;4169.7;77;5
4169.7;4169.8;74;2
4169.8;4169.9;77;5
4169.9;4170.1;80;8
4170.1;4170.9;85;1
4170.2;4170.4;80;8
4170.4;4170.5;77;5
4170.5;4170.6;73;1
4170.6;4170.7;77;5
4170.7;4170.9;80;8
4170.9;4171.5;83;11
4170.9;4171.8;61;1
4171;4171.1;77;5
4171.1;4171.3;73;1
4171.3;4171.4;71;11
4171.4;4171.5;73;1
4171.5;4171.5;80;8
4171.5;4171.8;80;8
4171.8;4173.3;82;10
4171.8;4174.8;61;1
4171.8;4175.6;42;6
4172.2;4175.6;52;4
4172.3;4172.4;76;4
4172.4;4173.1;73;1
4173.1;4173.3;76;4
4173.3;4173.4;82;10
4173.4;4174.2;91;7
4173.7;4173.8;85;1
4173.8;4173.9;82;10
4173.9;4174;79;7
4174;4174.1;82;10
4174.1;4174.2;85;1
4174.2;4174.8;90;6
4174.3;4174.4;85;1
4174.4;4174.5;82;10
4174.5;4174.6;78;6
4174.6;4174.7;82;10
4174.7;4174.8;85;1
4174.8;4175.2;88;4
4174.8;4175.1;59;11
4174.9;4175;85;1
4175;4175.1;78;6
4175.1;4175.2;76;4
4175.1;4175.6;58;10
4175.2;4175.4;78;6
4175.2;4175.4;85;1
4175.4;4175.6;85;1
4175.6;4176.4;83;11
4175.6;4178.1;59;11
4175.6;4179;43;7
4175.7;4179;52;4
4175.7;4175.8;79;7
4175.8;4175.9;76;4
4175.9;4176.1;71;11
4176.1;4176.3;76;4
4176.3;4176.4;79;7
4176.4;4177.2;88;4
4176.5;4176.6;83;11
4176.6;4176.9;79;7
4176.9;4177;76;4
4177;4177.1;79;7
4177.1;4177.2;83;11
4177.2;4178.1;86;2
4177.4;4177.7;83;11
4177.7;4177.8;79;7
4177.8;4177.9;74;2
4177.9;4178;79;7
4178;4178.1;83;11
4178.1;4178.8;83;11
4178.1;4179;59;11
4178.5;4178.6;79;7
4178.6;4178.7;74;2
4178.7;4178.8;71;11
4178.8;4178.9;74;2
4178.8;4178.9;81;9
4178.9;4179;81;9
4179;4180.7;79;7
4179;4182.6;52;4
4179;4182.6;55;7
4179;4181.9;60;0
4180.2;4180.3;76;4
4180.3;4180.4;72;0
4180.4;4180.5;67;7
4180.5;4180.6;72;0
4180.6;4180.7;76;4
4180.7;4181.3;86;2
4180.8;4180.9;79;7
4180.9;4181;76;4
4181;4181.1;74;2
4181.1;4181.2;76;4
4181.2;4181.3;79;7
4181.3;4181.9;84;0
4181.4;4181.5;79;7
4181.5;4181.6;76;4
4181.6;4181.7;72;0
4181.7;4181.8;76;4
4181.8;4181.9;79;7
4181.9;4182.4;79;7
4181.9;4182.6;59;11
4182;4182.1;76;4
4182.1;4182.2;72;0
4182.2;4182.3;67;7
4182.3;4182.4;72;0
4182.4;4182.4;76;4
4182.4;4182.6;76;4
4182.6;4183;72;0
4182.6;4183.8;59;11
4182.6;4186.1;41;5
4182.6;4186.1;48;0
4182.7;4182.8;69;9
4182.8;4182.9;65;5
4182.9;4183;69;9
4183;4183.2;72;0
4183.2;4183.8;86;2
4183.3;4183.4;81;9
4183.4;4183.5;77;5
4183.5;4183.6;74;2
4183.6;4183.7;77;5
4183.7;4183.8;81;9
4183.8;4184.4;84;0
4183.8;4186.1;57;9
4183.9;4184;81;9
4184;4184.1;77;5
4184.1;4184.2;72;0
4184.2;4184.3;77;5
4184.3;4184.4;81;9
4184.4;4185.8;81;9
4184.5;4184.6;77;5
4184.6;4185.6;72;0
4185.6;4185.7;69;9
4185.7;4185.9;72;0
4185.8;4185.9;77;5
4185.9;4186.1;77;5
4186.1;4186.6;75;3
4186.1;4188.7;59;11
4186.1;4189.7;47;11
4186.1;4189.7;51;3
4186.1;4189.7;54;6
4186.2;4186.4;71;11
4186.4;4186.5;66;6
4186.5;4186.6;71;11
4186.6;4186.7;75;3
4186.7;4187.5;84;0
4186.8;4186.9;78;6
4186.9;4187.2;75;3
4187.2;4187.3;72;0
4187.3;4187.4;75;3
4187.4;4187.5;78;6
4187.5;4188.7;83;11
4187.8;4187.9;78;6
4187.9;4188;75;3
4188;4188.2;71;11
4188.2;4188.3;75;3
4188.3;4188.7;78;6
4188.7;4189.5;81;9
4189.1;4189.2;78;6
4189.2;4189.3;75;3
4189.3;4189.4;69;9
4189.4;4189.5;75;3
4189.5;4189.5;78;6
4189.5;4189.7;78;6
4189.7;4190.1;68;8
4189.7;4190.1;76;4
4189.7;4190.4;40;4
4189.9;4190.4;47;11
4190.1;4190.4;83;11
4190.1;4190.4;56;8
4190.4;4190.5;88;4
4190.5;4190.7;92;8
4190.7;4190.8;97;1
4190.7;4191.3;73;1
4190.7;4191.9;64;4
4190.7;4191.9;68;8
4190.8;4191;92;8
4191;4191.1;88;4
4191.1;4191.3;92;8
4191.3;4191.4;95;11
4191.3;4191.9;71;11
4191.4;4191.6;88;4
4191.6;4191.7;92;8
4191.7;4191.9;83;11
4191.9;4192;92;8
4191.9;4192.3;80;8
4191.9;4193.2;69;9
4191.9;4193.2;59;11
4191.9;4193.2;63;3
4192;4192.2;83;11
4192.2;4192.3;87;3
4192.3;4193.2;90;6
4192.3;4193.2;78;6
4193.2;4193.7;76;4
4193.2;4193.7;88;4
4193.2;4193.9;40;4
4193.3;4193.9;47;11
4193.7;4193.9;83;11
4193.7;4193.9;56;8
4193.9;4194.1;88;4
4194.1;4194.2;92;8
4194.2;4194.4;97;1
4194.2;4194.9;73;1
4194.2;4195.5;64;4
4194.2;4195.5;68;8
4194.4;4194.6;92;8
4194.6;4194.8;88;4
4194.8;4194.9;92;8
4194.9;4195.1;95;11
4194.9;4195.5;71;11
4195.1;4195.2;88;4
4195.2;4195.4;92;8
4195.4;4195.5;83;11
4195.5;4195.7;92;8
4195.5;4196;80;8
4195.5;4196.6;69;9
4195.5;4196.6;59;11
4195.5;4196.6;63;3
4195.7;4195.8;83;11
4195.8;4196;87;3
4196;4196.6;90;6
4196;4196.6;78;6
4196.6;4196.8;76;4
4196.6;4196.8;88;4
4196.6;4196.9;40;4
4196.6;4196.9;47;11
4196.6;4196.9;56;8
4196.8;4196.9;83;11
4196.9;4197.1;88;4
4197.1;4197.2;92;8
4197.2;4197.4;97;1
4197.2;4197.8;73;1
4197.2;4198.5;64;4
4197.2;4198.5;68;8
4197.4;4197.5;92;8
4197.5;4197.7;88;4
4197.7;4197.8;92;8
4197.8;4198;95;11
4197.8;4198.5;71;11
4198;4198.2;88;4
4198.2;4198.3;92;8
4198.3;4198.5;83;11
4198.5;4198.6;92;8
4198.5;4198.9;80;8
4198.5;4200.1;69;9
4198.5;4200.1;59;11
4198.5;4200.1;63;3
4198.6;4198.8;83;11
4198.8;4198.9;87;3
4198.9;4200.1;90;6
4198.9;4200.1;78;6
4200.1;4200.3;76;4
4200.1;4200.3;88;4
4200.1;4200.5;40;4
4200.3;4200.5;47;11
4200.3;4200.5;83;11
4200.3;4200.5;56;8
4200.5;4200.7;88;4
4200.7;4200.9;92;8
4200.9;4201;97;1
4200.9;4201.5;73;1
4200.9;4202.7;64;4
4200.9;4202.7;68;8
4201;4201.2;92;8
4201.2;4201.3;88;4
4201.3;4201.5;92;8
4201.5;4201.7;95;11
4201.5;4202.7;71;11
4201.7;4201.8;88;4
4201.8;4202.4;92;8
4202.4;4202.7;83;11
4202.7;4202.9;90;6
4202.7;4203.3;80;8
4202.7;4203.5;69;9
4202.7;4203.5;59;11
4202.7;4203.5;63;3
4202.9;4203.2;83;11
4203.2;4203.3;87;3
4203.3;4203.5;90;6
4203.3;4203.5;78;6
4203.5;4203.6;80;8
4203.5;4203.6;88;4
4203.5;4204.1;64;4
4203.5;4206.5;52;4
4203.6;4203.8;83;11
4203.8;4203.9;88;4
4203.9;4204.1;92;8
4204.1;4204.2;97;1
4204.1;4204.9;61;1
4204.2;4204.5;92;8
4204.5;4204.7;88;4
4204.7;4204.9;95;11
4204.9;4205.1;92;8
4204.9;4206.5;59;11
4205.1;4205.2;88;4
4205.2;4206.3;92;8
4206.3;4206.5;83;11
4206.5;4206.6;95;11
4206.5;4206.9;57;9
4206.5;4207.1;52;4
4206.5;4207.1;60;0
4206.5;4207.1;63;3
4206.6;4206.8;87;3
4206.8;4206.9;90;6
4206.9;4207.1;93;9
4206.9;4207.1;54;6
4207.1;4207.5;92;8
4207.1;4208.1;56;8
4207.1;4208.1;59;11
4207.1;4208.1;64;4
4207.1;4210;52;4
4207.5;4207.8;83;11
4207.8;4207.9;88;4
4207.9;4208.1;92;8
4208.1;4208.3;97;1
4208.1;4209.1;61;1
4208.3;4208.5;92;8
4208.5;4208.6;88;4
4208.6;4209.1;92;8
4209.1;4209.5;95;11
4209.1;4210;59;11
4209.5;4209.7;88;4
4209.7;4209.8;92;8
4209.8;4210;83;11
4210;4210.1;95;11
4210;4210.4;57;9
4210;4210.6;52;4
4210;4210.6;60;0
4210;4210.6;63;3
4210.1;4210.3;87;3
4210.3;4210.4;90;6
4210.4;4210.6;93;9
4210.4;4210.6;54;6
4210.6;4210.7;92;8
4210.6;4211.2;52;4
4210.6;4211.2;56;8
4210.6;4211.2;59;11
4210.6;4211.2;64;4
4210.7;4210.9;83;11
4210.9;4211;88;4
4211;4211.2;92;8
4211.2;4211.3;97;1
4211.2;4214;52;4
4211.2;4212.3;49;1
4211.3;4211.5;92;8
4211.5;4212.1;88;4
4212.1;4212.3;92;8
4212.3;4212.6;95;11
4212.3;4213.1;47;11
4212.6;4212.8;88;4
4212.8;4212.9;92;8
4212.9;4213.1;83;11
4213.1;4213.2;92;8
4213.1;4213.8;44;8
4213.2;4213.5;83;11
4213.5;4213.8;88;4
4213.8;4214;80;8
4213.8;4214;40;4
4214;4214.1;89;5
4214;4216.9;57;9
4214;4217.5;50;2
4214;4217.5;53;5
4214.1;4214.3;81;9
4214.3;4214.5;86;2
4214.5;4215.5;89;5
4215.5;4215.9;93;9
4215.9;4216;86;2
4216;4216.2;89;5
4216.2;4216.3;81;9
4216.3;4216.5;86;2
4216.5;4216.6;77;5
4216.6;4216.8;81;9
4216.8;4216.9;86;2
4216.9;4217.1;89;5
4216.9;4217.5;56;8
4217.1;4217.2;83;11
4217.2;4217.4;86;2
4217.4;4217.5;89;5
4217.5;4217.5;40;4
4217.5;4217.7;92;8
4217.5;4218.4;59;11
4217.5;4218.4;52;4
4217.5;4218.4;56;8
4217.7;4218.1;83;11
4218.1;4218.3;88;4
4218.3;4218.4;92;8
4218.4;4218.6;97;1
4218.4;4220.7;52;4
4218.4;4219.3;49;1
4218.6;4218.8;92;8
4218.8;4219;88;4
4219;4219.3;92;8
4219.3;4219.5;95;11
4219.3;4219.9;47;11
4219.5;4219.6;88;4
4219.6;4219.8;92;8
4219.8;4219.9;83;11
4219.9;4220.1;92;8
4219.9;4220.4;44;8
4220.1;4220.2;83;11
4220.2;4220.4;88;4
4220.4;4220.7;80;8
4220.4;4220.7;40;4
4220.7;4220.9;89;5
4220.7;4224;57;9
4220.7;4224.6;50;2
4220.7;4224.6;53;5
4220.9;4221;81;9
4221;4221.3;86;2
4221.3;4221.5;89;5
4221.5;4222.2;93;9
4222.2;4223;86;2
4223;4223.1;89;5
4223.1;4223.3;81;9
4223.3;4223.4;86;2
4223.4;4223.7;77;5
4223.7;4223.8;81;9
4223.8;4224;86;2
4224;4224.1;89;5
4224;4224.5;56;8
4224.1;4224.3;83;11
4224.3;4224.4;86;2
4224.4;4224.6;89;5
4224.5;4224.6;40;4
4224.6;4224.7;92;8
4224.6;4228;52;4
4224.6;4228;56;8
4224.6;4228;59;11
4224.7;4224.9;83;11
4224.9;4225;88;4
4225;4225.2;92;8
4225.2;4225.3;97;1
4225.3;4225.5;92;8
4225.5;4225.6;88;4
4225.6;4225.9;92;8
4225.9;4226;95;11
4226;4226.2;88;4
4226.2;4226.3;92;8
4226.3;4226.5;83;11
4226.5;4226.6;88;4
4226.6;4226.9;80;8
4226.9;4227.7;83;11
4227.7;4228;88;4
4228;4228.1;92;8
4228;4230.1;52;4
4228;4230.1;56;8
4228;4230.1;59;11
4228;4230.1;64;4
4228.1;4228.3;83;11
4228.3;4228.4;88;4
4228.4;4228.6;92;8
4228.6;4228.7;97;1
4228.7;4228.9;92;8
4228.9;4229.1;88;4
4229.1;4229.2;92;8
4229.2;4229.4;95;11
4229.4;4229.5;88;4
4229.5;4229.7;92;8
4229.7;4229.8;83;11
4229.8;4230;88;4
4230;4230.1;80;8
4230.1;4230.3;83;11
4230.1;4230.4;59;11
4230.1;4230.4;64;4
4230.1;4230.4;68;8
4230.3;4230.4;88;4
4230.4;4230.6;92;8
4230.4;4234.2;52;4
4230.5;4234.2;59;11
4230.6;4230.7;83;11
4230.6;4234.2;68;8
4230.7;4231;88;4
4231;4231.3;92;8
4231.3;4231.6;97;1
4231.6;4231.8;92;8
4231.8;4231.9;88;4
4231.9;4232.1;92;8
4232.1;4232.3;95;11
4232.3;4232.5;88;4
4232.5;4232.7;92;8
4232.7;4232.9;83;11
4232.9;4233;88;4
4233;4233.5;80;8
4233.5;4233.9;83;11
4233.9;4234.5;88;4
4234.2;4234.5;52;4
4234.5;4234.7;92;8
4234.5;4238.5;64;4
4234.5;4238.5;68;8
4234.5;4238.5;71;11
4234.7;4235.1;83;11
4235.1;4235.4;88;4
4235.4;4235.7;92;8
4235.7;4235.9;97;1
4235.9;4236.6;92;8
4236.6;4236.8;88;4
4236.8;4237.2;92;8
4237.2;4237.3;95;11
4237.3;4237.5;88;4
4237.5;4237.7;92;8
4237.7;4238.2;83;11
4238.2;4238.4;88;4
4238.4;4238.5;80;8
4238.5;4238.7;83;11
4238.5;4238.8;68;8
4238.5;4238.8;71;11
4238.5;4238.8;76;4
4238.7;4238.8;88;4
4238.8;4238.9;92;8
4238.8;4240.6;64;4
4238.8;4240.6;68;8
4238.8;4240.6;71;11
4238.8;4240.6;76;4
4238.9;4239.1;83;11
4239.1;4239.2;88;4
4239.2;4239.3;92;8
4239.3;4239.5;97;1
4239.5;4239.6;92;8
4239.6;4239.7;88;4
4239.7;4239.7;92;8
4239.7;4239.7;95;11
4239.7;4239.7;88;4
4239.7;4239.8;92;8
4239.8;4240;83;11
4240;4240.1;88;4
4240.1;4240.3;80;8
4240.3;4240.4;83;11
4240.4;4240.6;88;4
4240.6;4240.8;92;8
4240.6;4242.2;52;4
4240.6;4242.2;56;8
4240.6;4242.2;59;11
4240.6;4242.2;64;4
4240.8;4241;88;4
4241;4241.1;83;11
4241.1;4241.4;80;8
4241.4;4241.6;76;4
4241.6;4241.8;71;11
4241.8;4242;76;4
4242;4242.2;80;8
4242.2;4242.4;83;11
4242.2;4245.6;59;11
4242.2;4245.6;64;4
4242.2;4245.6;68;8
4242.4;4242.7;71;11
4242.4;4242.7;80;8
4242.7;4244;76;4
4242.7;4244;83;11
4244;4244.3;80;8
4244;4244.3;88;4
4244.3;4244.4;83;11
4244.3;4244.4;92;8
4244.4;4244.7;80;8
4244.4;4244.7;88;4
4244.7;4245.1;83;11
4244.7;4245.1;92;8
4245.1;4246.7;88;4
4245.1;4246.7;95;11
4245.6;4246.7;40;4
4246.7;4249.1;88;4
4246.7;4249.1;92;8
4246.7;4249.1;100;4
4246.7;4249.1;52;4
4246.7;4249.1;59;11
4246.7;4249.1;64;4
